Report Number,Local Case Number,Agency Name,ACRS Report Type,Crash Date/Time,Route Type,Road Name,Cross-Street Type,Cross-Street Name,Off-Road Description,Municipality,Related Non-Motorist,Collision Type,Weather,Surface Condition,Light,Traffic Control,Driver Substance Abuse,Non-Motorist Substance Abuse,Person ID,Pedestrian Type,Pedestrian Movement,Pedestrian Actions,Pedestrian Location,Pedestrian Obeyed Traffic Signal,Pedestrian Visibility,At Fault,Injury Severity,Safety Equipment,Latitude,Longitude,Location
MCP2686003D,190031559,Montgomery County Police,Injury Crash,07/02/2019 10:50:00 AM,Maryland (State),FIRST ST,Municipality,GRANDIN AVE,,ROCKVILLE,BICYCLIST,STRAIGHT MOVEMENT ANGLE,CLEAR,DRY,DAYLIGHT,WARNING SIGN,N/A,N/A,F8954C6B-CC4F-4DAD-AE34-5927CED96C8F,BICYCLIST,Cross/Enter at Intersection,NO IMPROPER ACTIONS,AT INTERSECTION MARKED CROSSWALK,NO PED. SIGNAL,HEAD LIGHT AND REFLECTORS,No,SUSPECTED MINOR INJURY,MC/BIKE HELMET,39.08103879,-77.13736851,"(39.08103879, -77.13736851)"
DD5610005Q,190031674,Rockville Police Departme,Injury Crash,07/03/2019 10:53:00 AM,Municipality,MT VERNON PL,Maryland (State),ROCKVILLE PIKE,,N/A,PEDESTRIAN,OTHER,CLEAR,DRY,DAYLIGHT,STOP SIGN,NONE DETECTED,N/A,363C98D6-3772-41DC-B9CE-B95CD752E012,PEDESTRIAN,Other,NO IMPROPER ACTIONS,ON ROADWAY AT CROSSWALK,NO PED. SIGNAL,LIGHT CLOTHING,No,POSSIBLE INJURY,N/A,39.07886167,-77.142135,"(39.07886167, -77.142135)"
MCP3040003B,190016492,Montgomery County Police,Injury Crash,04/09/2019 03:23:00 PM,,,,,PARKING LOT OF 16800 GEORGIA AVE,,PEDESTRIAN,OTHER,CLEAR,,DAYLIGHT,N/A,N/A,N/A,1F756549-2C86-4435-A690-D824C4EF5743,PEDESTRIAN,Other,ENTERING EXITING PARKED STANDING VEHICLE,OTHER,N/A,UNKNOWN,No,SUSPECTED SERIOUS INJURY,N/A,39.13253102,-77.07068139,"(39.13253102, -77.07068139)"
MCP2952008N,190028392,Montgomery County Police,Injury Crash,06/14/2019 09:18:00 AM,Maryland (State),GEORGIA AVE,County,DEXTER AVE,,N/A,BICYCLIST,SAME DIR REAR END,CLEAR,DRY,DAYLIGHT,NO CONTROLS,NONE DETECTED,NONE DETECTED,36B0E7F9-2CE7-4FC8-B868-56522357C215,BICYCLIST,Walking/Riding w/Traffic,OTHER,ON ROADWAY NOT AT CROSSWALK,N/A,MIXED CLOTHING,Yes,SUSPECTED MINOR INJURY,NONE,39.02181667,-77.04504,"(39.02181667, -77.04504)"
MCP24550030,190031052,Montgomery County Police,Injury Crash,06/29/2019 04:17:00 PM,County,SHADY GROVE RD,Maryland (State),FREDERICK RD,,N/A,PEDESTRIAN,OTHER,CLEAR,DRY,DAYLIGHT,TRAFFIC SIGNAL,N/A,N/A,FB58EEFB-EF29-4787-BB02-540455DA6B10,PEDESTRIAN,Cross/Enter at Intersection,NO IMPROPER ACTIONS,AT INTERSECTION MARKED CROSSWALK,OBEYED PED. SIGNAL,MIXED CLOTHING,No,POSSIBLE INJURY,N/A,39.12238907,-77.17759962,"(39.12238907, -77.17759962)"
MCP2983003R,190022761,Montgomery County Police,Injury Crash,05/14/2019 02:14:00 PM,,,,,PARKING LOT OF WHEATON PARK SHOPPING CENTER,,PEDESTRIAN,OTHER,CLEAR,,DAYLIGHT,N/A,NONE DETECTED,NONE DETECTED,E8143F74-10B3-47E7-AFCD-5CF5DB8D30A9,PEDESTRIAN,Cross/Enter at Intersection,NO IMPROPER ACTIONS,ON ROADWAY AT CROSSWALK,NO PED. SIGNAL,MIXED CLOTHING,No,SUSPECTED MINOR INJURY,NONE,39.05208846,-77.05003182,"(39.05208846, -77.05003182)"
MCP3050003M,190031726,Montgomery County Police,Injury Crash,07/03/2019 02:58:00 PM,,,,,"DRIVE THRU OF MCDONALDS 13701 CONNECTICUT AVE SILVER SPRING, MD 20906",,PEDESTRIAN,OTHER,CLEAR,,DAYLIGHT,NO CONTROLS,NONE DETECTED,NONE DETECTED,F62BBE7F-9537-4635-B1A8-6CCDC76235E4,PEDESTRIAN,Other,OTHER,OTHER,NO PED. SIGNAL,LIGHT CLOTHING,Yes,SUSPECTED MINOR INJURY,NONE,39.07884667,-77.07989833,"(39.07884667, -77.07989833)"
MCP3188000V,190031658,Montgomery County Police,Injury Crash,07/03/2019 08:33:00 AM,County,TUCKERMAN LA,Unknown,KINGS RIDING WAY,,N/A,PEDESTRIAN,OTHER,CLEAR,DRY,DAYLIGHT,OTHER,N/A,N/A,C702FDB8-1A95-49E9-ADC3-66753F78A46B,PEDESTRIAN,Cross/Enter at Intersection,NO IMPROPER ACTIONS,ON ROADWAY AT CROSSWALK,NO PED. SIGNAL,LIGHT CLOTHING,No,SUSPECTED MINOR INJURY,NONE,39.02994333,-77.11263,"(39.02994333, -77.11263)"
MCP2941003F,190021371,Montgomery County Police,Injury Crash,05/06/2019 06:22:00 PM,County,SPRING ST,County,CAMERON ST,,N/A,BICYCLIST,SAME DIRECTION SIDESWIPE,CLEAR,DRY,DAYLIGHT,NO CONTROLS,N/A,NONE DETECTED,250FF41B-F5D9-46B9-A65F-D80DA7E9FE9B,BICYCLIST,Walking/Cycling on Sidewalk,INATTENTIVE,SHOULDER,N/A,LIGHT CLOTHING,Yes,POSSIBLE INJURY,MC/BIKE HELMET,38.99970195,-77.0281017,"(38.99970195, -77.0281017)"
MCP2693002Z,190031414,Montgomery County Police,Injury Crash,07/01/2019 08:14:00 PM,,,,,PARKING LOT OF 3111 WHISPERING PINES DR,,PEDESTRIAN,SINGLE VEHICLE,CLEAR,,DAYLIGHT,N/A,NONE DETECTED,NONE DETECTED,4A8F68AA-610E-4E4A-9992-CAD099DAF425,PEDESTRIAN,Playing,NOT VISIBLE,OTHER,N/A,LIGHT CLOTHING,Unknown,SUSPECTED MINOR INJURY,N/A,39.08788167,-77.06415833,"(39.08788167, -77.06415833)"
MCP2545000P,190031032,Montgomery County Police,Injury Crash,06/29/2019 02:30:00 PM,Maryland (State),UNIVERSITY BLVD W,County,EAST AVE,,N/A,PEDESTRIAN,N/A,N/A,DRY,DAYLIGHT,TRAFFIC SIGNAL,NONE DETECTED,NONE DETECTED,49C5A1DF-0CB5-4D21-AC6A-55553E699EC4,PEDESTRIAN,Cross/Enter at Intersection,NO IMPROPER ACTIONS,AT INTERSECTION MARKED CROSSWALK,OBEYED PED. SIGNAL,MIXED CLOTHING,No,POSSIBLE INJURY,NONE,39.03904366,-77.05694633,"(39.03904366, -77.05694633)"
MCP3020003S,190030789,Montgomery County Police,Injury Crash,06/28/2019 08:52:00 AM,County,BEL PRE RD,Other Public Roadway,PARKER FARM WAY,,N/A,PEDESTRIAN,SINGLE VEHICLE,CLEAR,DRY,DAYLIGHT,TRAFFIC SIGNAL,NONE DETECTED,NONE DETECTED,EF31AB98-C5CB-4791-8719-600022EC2E74,PEDESTRIAN,Cross/Enter at Intersection,NO IMPROPER ACTIONS,ON ROADWAY AT CROSSWALK,OBEYED PED. SIGNAL,MIXED CLOTHING,No,SUSPECTED MINOR INJURY,N/A,39.09059333,-77.04808667,"(39.09059333, -77.04808667)"
MCP3182000S,190054614,Montgomery County Police,Injury Crash,11/12/2019 10:13:00 PM,County,THAYER AVE,US (State),GEORGIA AVE,,N/A,PEDESTRIAN,HEAD ON LEFT TURN,CLEAR,DRY,DARK LIGHTS ON,TRAFFIC SIGNAL,NONE DETECTED,NONE DETECTED,ECBF0CB5-CD55-4B39-9188-244755A89A70,PEDESTRIAN,Cross/Enter at Intersection,UNKNOWN,AT INTERSECTION MARKED CROSSWALK,UNKNOWN,MIXED CLOTHING,Unknown,POSSIBLE INJURY,NONE,38.99296797,-77.02653037,"(38.99296797, -77.02653037)"
MCP3060002M,190052561,Montgomery County Police,Injury Crash,11/01/2019 06:45:00 AM,County,WARREN ST,County,SEMINARY RD,,N/A,PEDESTRIAN,OTHER,CLEAR,DRY,DAWN,STOP SIGN,N/A,N/A,850D73F2-5F47-42E6-88C2-BC8FC6E57ED4,PEDESTRIAN,Getting off/on Vehicle,DART DASH,UNKNOWN,UNKNOWN,UNKNOWN,Yes,SUSPECTED MINOR INJURY,NONE,39.01062627,-77.04841232,"(39.01062627, -77.04841232)"
DD56150083,190056256,Rockville Police Departme,Injury Crash,11/21/2019 01:45:00 PM,Municipality,RITCHIE PKWY,Municipality,E JEFFERSON ST,,ROCKVILLE,PEDESTRIAN,OTHER,CLEAR,DRY,DAYLIGHT,STOP SIGN,NONE DETECTED,NONE DETECTED,B11AD8FA-B1BA-4C39-8BE7-51587D84AC85,PEDESTRIAN,Cross/Enter at Intersection,NO IMPROPER ACTIONS,AT INTERSECTION MARKED CROSSWALK,NO PED. SIGNAL,MIXED CLOTHING,No,POSSIBLE INJURY,NONE,39.075845,-77.141785,"(39.075845, -77.141785)"
DD5630002D,190055176,Rockville Police Departme,Property Damage Crash,11/15/2019 06:40:00 PM,Municipality,TEMPLETON PL,Maryland (State),ROCKVILLE PIKE,,N/A,PEDESTRIAN,OTHER,CLEAR,DRY,DARK LIGHTS ON,TRAFFIC SIGNAL,NONE DETECTED,NONE DETECTED,01AEE9D0-64F7-4B93-8AA2-EFFB706991E2,PEDESTRIAN,Cross/Enter at Intersection,NO IMPROPER ACTIONS,ON ROADWAY AT CROSSWALK,OBEYED PED. SIGNAL,LIGHT CLOTHING,No,NO APPARENT INJURY,NONE,39.06675,-77.12824,"(39.06675, -77.12824)"
MCP3085001W,190053496,Montgomery County Police,Injury Crash,11/06/2019 04:09:00 PM,County,MACARTHUR BLVD,County,81ST ST,,N/A,BICYCLIST,HEAD ON LEFT TURN,CLEAR,DRY,DAYLIGHT,NO CONTROLS,NONE DETECTED,NONE DETECTED,1FAAF9B7-C38B-4969-A9A9-17DDB9AE3B53,BICYCLIST,Walking/Cycling on Sidewalk,NO IMPROPER ACTIONS,SIDEWALK,NO PED. SIGNAL,MIXED CLOTHING,Yes,SUSPECTED MINOR INJURY,MC/BIKE HELMET,38.97459833,-77.16567333,"(38.97459833, -77.16567333)"
MCP28090049,190032434,Montgomery County Police,Injury Crash,07/08/2019 02:45:00 PM,Maryland (State),GEORGIA AVE,County,FENWICK LA,,N/A,OTHER CONVEYANCE,OTHER,CLOUDY,DRY,DAYLIGHT,N/A,N/A,N/A,70838C9D-B119-4590-8A8B-769C63FCB18A,OTHER CONVEYANCE,Cross/Enter at Intersection,NO IMPROPER ACTIONS,AT INTERSECTION MARKED CROSSWALK,N/A,LIGHT CLOTHING,No,SUSPECTED MINOR INJURY,N/A,38.99823155,-77.03063312,"(38.99823155, -77.03063312)"
MCP003600B8,190031917,Montgomery County Police,Injury Crash,07/04/2019 10:45:00 PM,Maryland (State),GERMANTOWN RD,County,RICHTER FARM RD,,N/A,PEDESTRIAN,SINGLE VEHICLE,CLOUDY,DRY,DARK LIGHTS ON,PERSON,NONE DETECTED,NONE DETECTED,86AAA26E-C1B0-46E4-A9D0-3AC613CAB3B1,PEDESTRIAN,Standing,OTHER,ON ROADWAY AT CROSSWALK,N/A,REFLECTIVE MATERIAL,No,SUSPECTED SERIOUS INJURY,REFLECTIVE CLOTHING,39.15423749,-77.28721828,"(39.15423749, -77.28721828)"
MCP3112002K,190031065,Montgomery County Police,Injury Crash,06/29/2019 05:40:00 PM,Maryland (State),WISCONSIN AVE,County,STANFORD ST,,N/A,PEDESTRIAN,OTHER,CLEAR,DRY,DAYLIGHT,TRAFFIC SIGNAL,NONE DETECTED,NONE DETECTED,66155BDA-86B5-4A1A-A8C9-E0D09B5C86EB,PEDESTRIAN,Cross/Enter at Intersection,NO IMPROPER ACTIONS,AT INTERSECTION MARKED CROSSWALK,OBEYED PED. SIGNAL,LIGHT CLOTHING,No,SUSPECTED MINOR INJURY,NONE,38.9782655,-77.09131317,"(38.9782655, -77.09131317)"
MCP3053003C,190031796,Montgomery County Police,Injury Crash,07/03/2019 10:18:00 PM,Maryland (State),UNIVERSITY BLVD W,Government,SLIGO CREEK PKWY,,N/A,PEDESTRIAN,SAME DIRECTION RIGHT TURN,CLEAR,DRY,DARK -- UNKNOWN LIGHTING,TRAFFIC SIGNAL,N/A,N/A,D98059CB-142E-4D53-87F4-E81E014B8A80,PEDESTRIAN,Cross/Enter at Intersection,N/A,ON ROADWAY AT CROSSWALK,OBEYED PED. SIGNAL,MIXED CLOTHING,No,POSSIBLE INJURY,NONE,39.03647056,-77.03046303,"(39.03647056, -77.03046303)"
DD5527002C,190032022,Rockville Police Departme,Injury Crash,07/05/2019 05:39:00 PM,Maryland (State),ROCKVILLE PIKE,Municipality,RICHARD MONTGOMERY DR,,ROCKVILLE,PEDESTRIAN,OTHER,CLEAR,DRY,DAYLIGHT,TRAFFIC SIGNAL,NONE DETECTED,NONE DETECTED,7EF70D20-CF0A-4472-93A1-DC310B7B08C7,PEDESTRIAN,Cross/Enter at Intersection,NO IMPROPER ACTIONS,ON ROADWAY AT CROSSWALK,OBEYED PED. SIGNAL,MIXED CLOTHING,No,SUSPECTED MINOR INJURY,NONE,39.08034822,-77.14412258,"(39.08034822, -77.14412258)"
MCP2934003R,190031395,Montgomery County Police,Injury Crash,07/01/2019 06:46:00 PM,County,WESTLAKE TERR,County,AUTO PARK AVE,,N/A,PEDESTRIAN,OTHER,CLEAR,DRY,DAYLIGHT,TRAFFIC SIGNAL,NONE DETECTED,NONE DETECTED,20202D83-D6A2-4674-B4F6-3B699236EC2D,PEDESTRIAN,Cross/Enter at Intersection,NO IMPROPER ACTIONS,ON ROADWAY AT CROSSWALK,OBEYED PED. SIGNAL,DARK CLOTHING,No,POSSIBLE INJURY,NONE,39.02661289,-77.14558403,"(39.02661289, -77.14558403)"
MCP137800RB,190031757,Montgomery County Police,Injury Crash,07/03/2019 05:27:00 PM,County,STRATOS LA,County,AIRPARK RD,,N/A,BICYCLIST,STRAIGHT MOVEMENT ANGLE,CLEAR,DRY,DAYLIGHT,TRAFFIC SIGNAL,NONE DETECTED,NONE DETECTED,E591D81C-AC5A-4E79-A543-8B63DD715F78,BICYCLIST,Cross/Enter at Intersection,NO IMPROPER ACTIONS,ON ROADWAY AT CROSSWALK,OBEYED PED. SIGNAL,MIXED CLOTHING,Unknown,SUSPECTED MINOR INJURY,NONE,39.16099,-77.1448,"(39.16099, -77.1448)"
MCP31690016,190032641,Montgomery County Police,Injury Crash,07/09/2019 07:24:00 PM,County,DILSTON RD,County,AVENEL RD,,N/A,BICYCLIST,OTHER,CLEAR,DRY,DAYLIGHT,NO CONTROLS,NONE DETECTED,N/A,18C88018-8D95-4C5E-9ADE-221E38B2D503,BICYCLIST,Cross/Enter not at Intersection,DART DASH,ON ROADWAY NOT AT CROSSWALK,N/A,DARK CLOTHING,Yes,SUSPECTED SERIOUS INJURY,NONE,39.01231692,-76.98125379,"(39.01231692, -76.98125379)"
MCP3061001D,190033682,Montgomery County Police,Injury Crash,07/15/2019 07:30:00 PM,Maryland (State),FREDERICK RD,County,MIDDLEBROOK RD,,N/A,BICYCLIST,STRAIGHT MOVEMENT ANGLE,CLEAR,DRY,DAYLIGHT,TRAFFIC SIGNAL,UNKNOWN,NONE DETECTED,23C57303-DE02-4223-A619-5E008F547D23,BICYCLIST,Cross/Enter at Intersection,NO IMPROPER ACTIONS,ON ROADWAY AT CROSSWALK,OBEYED PED. SIGNAL,MIXED CLOTHING,No,SUSPECTED MINOR INJURY,MC/BIKE HELMET,39.18140438,-77.23826041,"(39.18140438, -77.23826041)"
HA2386000J,190001790,Maryland-National Capital,Injury Crash,07/14/2019 02:35:00 PM,Government,LITTLE FALLS PKWY,Government,HILLANDALE RD,,N/A,BICYCLIST,OTHER,CLEAR,DRY,DAYLIGHT,STOP SIGN,N/A,N/A,EF8A9C9A-C2E5-406C-A046-B4A18EC5A362,BICYCLIST,Cross/Enter at Intersection,NO IMPROPER ACTIONS,ON ROADWAY AT CROSSWALK,N/A,MIXED CLOTHING,No,SUSPECTED SERIOUS INJURY,MC/BIKE HELMET,38.973437,-77.101287,"(38.973437, -77.101287)"
EJ7852002G,190033192,Gaithersburg Police Depar,Injury Crash,07/12/2019 07:19:00 PM,,,,,PARKING LOT IN FRONT OF 608 QUINCE ORCHARD ROAD.,,PEDESTRIAN,OTHER,N/A,,DAYLIGHT,N/A,NONE DETECTED,NONE DETECTED,B8D7A4F0-AF23-489D-8490-C0EE1FC24C7B,PEDESTRIAN,Other,UNKNOWN,OTHER,NO PED. SIGNAL,MIXED CLOTHING,Unknown,SUSPECTED MINOR INJURY,N/A,39.141925,-77.22315833,"(39.141925, -77.22315833)"
MCP2588006P,190055048,Montgomery County Police,Injury Crash,11/15/2019 08:10:00 AM,County,GRENOBLE DR,County,KEATING ST,,N/A,OTHER,SAME DIRECTION SIDESWIPE,CLEAR,DRY,DAYLIGHT,NO CONTROLS,NONE DETECTED,NONE DETECTED,2F0A1CE5-DD1B-46C8-B6F9-8B5236F43A3A,OTHER,Other Working,NO IMPROPER ACTIONS,OTHER,N/A,REFLECTIVE MATERIAL,No,POSSIBLE INJURY,REFLECTIVE CLOTHING,39.07689793,-77.09058001,"(39.07689793, -77.09058001)"
MCP2820003R,190055640,Montgomery County Police,Injury Crash,11/18/2019 01:24:00 PM,County,CONNECTICUT AVE,County,GRAND PRE RD,,N/A,BICYCLIST,STRAIGHT MOVEMENT ANGLE,CLOUDY,DRY,DAYLIGHT,OTHER,NONE DETECTED,NONE DETECTED,6A9BE211-C987-4BB1-BF87-B77674A418BC,BICYCLIST,Cross/Enter at Intersection,NO IMPROPER ACTIONS,ON ROADWAY AT CROSSWALK,OBEYED PED. SIGNAL,DARK CLOTHING,No,POSSIBLE INJURY,NONE,39.08694667,-77.074185,"(39.08694667, -77.074185)"
DM8336002Y,190055154,Takoma Park Police Depart,Property Damage Crash,11/15/2019 03:40:00 PM,Maryland (State),CARROLL AVE,Maryland (State),ETHAN ALLEN AVE,,N/A,OTHER,OTHER,CLOUDY,DRY,DAYLIGHT,N/A,N/A,N/A,A3E8B331-4DE5-401A-967F-A3B07FF61C87,OTHER,N/A,NO IMPROPER ACTIONS,N/A,N/A,N/A,No,NO APPARENT INJURY,N/A,38.977835,-77.00701833,"(38.977835, -77.00701833)"
DD5628002R,190055308,Rockville Police Departme,Injury Crash,11/16/2019 12:25:00 PM,Municipality,BEALL AVE #2,Municipality,N WASHINGTON ST,,ROCKVILLE,PEDESTRIAN,OTHER,CLEAR,DRY,DAYLIGHT,TRAFFIC SIGNAL,NONE DETECTED,NONE DETECTED,EA70521F-2038-4C9E-B027-8F1CF6664520,PEDESTRIAN,Cross/Enter at Intersection,IN ROADWAY IMPROPERLY,OUTSIDE RIGHT OF WAY,DISOBEYED PED. SIGNAL,DARK CLOTHING,Yes,SUSPECTED MINOR INJURY,N/A,39.08684397,-77.1530733,"(39.08684397, -77.1530733)"
MCP3195000Q,190053930,Montgomery County Police,Injury Crash,11/08/2019 06:40:00 PM,US (State),COLUMBIA PIKE,County,INDUSTRIAL PKWY,,N/A,PEDESTRIAN,STRAIGHT MOVEMENT ANGLE,CLEAR,DRY,DARK LIGHTS ON,TRAFFIC SIGNAL,N/A,NONE DETECTED,3B8C5C72-9AC7-4E13-B77B-F5ABE182368F,PEDESTRIAN,Cross/Enter at Intersection,DART DASH,ON ROADWAY NOT AT CROSSWALK,DISOBEYED PED. SIGNAL,DARK CLOTHING,Yes,SUSPECTED SERIOUS INJURY,NONE,39.0563,-76.97162333,"(39.0563, -76.97162333)"
MCP2987005R,190055724,Montgomery County Police,Injury Crash,11/18/2019 07:20:00 PM,US (State),COLUMBIA PIKE,Maryland (State),NEW HAMPSHIRE AVE,,N/A,PEDESTRIAN,SAME DIR REAR END,RAINING,WET,DARK -- UNKNOWN LIGHTING,NO CONTROLS,NONE DETECTED,NONE DETECTED,03071D45-8E4F-4658-9BE8-BE9A5F62ED0E,PEDESTRIAN,Push/Work on Vehicle,DISABLED VEHICLE RELATED,MEDIAN,N/A,DARK CLOTHING,No,SUSPECTED MINOR INJURY,NONE,39.04276,-76.99282167,"(39.04276, -76.99282167)"
MCP29680035,190035150,Montgomery County Police,Property Damage Crash,07/24/2019 10:19:00 AM,Municipality,SEVEN LOCKS RD,Municipality,WOOTTON PKWY,,ROCKVILLE,BICYCLIST,OTHER,CLEAR,DRY,DAYLIGHT,NO CONTROLS,N/A,N/A,7C1F6415-8BC1-47F8-AD54-6DC581810137,BICYCLIST,Cross/Enter at Intersection,N/A,ON ROADWAY AT CROSSWALK,NO PED. SIGNAL,LIGHT CLOTHING,No,NO APPARENT INJURY,NONE,39.06590833,-77.16065,"(39.06590833, -77.16065)"
MCP2683003V,190034341,Montgomery County Police,Injury Crash,07/19/2019 03:53:00 PM,County,LAKE SHORE DR,County,DOCENA DR,,N/A,PEDESTRIAN,OTHER,CLEAR,DRY,DAYLIGHT,OTHER,NONE DETECTED,NONE DETECTED,20B49DDD-511A-4656-88A4-6EBD920D9B1B,PEDESTRIAN,Approach/Leaving Schoolbus,NO IMPROPER ACTIONS,IN SCHOOL BUS ZONE,OTHER,N/A,No,SUSPECTED MINOR INJURY,NONE,39.16032833,-77.20080167,"(39.16032833, -77.20080167)"
HA2388000S,19001829,Maryland-National Capital,Injury Crash,07/18/2019 10:11:00 AM,Government,BEACH DR,County,E STANHOPE RD,,N/A,BICYCLIST,SAME DIRECTION SIDESWIPE,CLEAR,DRY,DAYLIGHT,STOP SIGN,NONE DETECTED,NONE DETECTED,756BA778-071A-4EAB-8D30-23D622D9F9DB,BICYCLIST,Cross/Enter at Intersection,FAILURE TO OBEY TRAFFIC SIGNS SIGNALS OR OFFICER,AT INTERSECTION MARKED CROSSWALK,DISOBEYED PED. SIGNAL,MIXED CLOTHING,Yes,SUSPECTED SERIOUS INJURY,MC/BIKE HELMET,39.00942333,-77.07756333,"(39.00942333, -77.07756333)"
MCP28590073,190032715,Montgomery County Police,Injury Crash,07/12/2019 09:00:00 AM,,,,,"GARAGE BEHIND 9420 KEY WEST AVE, GAITHERSBURG, MD, 20878",,PEDESTRIAN,OTHER,CLEAR,,DARK -- UNKNOWN LIGHTING,NO CONTROLS,UNKNOWN,NONE DETECTED,4281002E-5997-4A77-878D-B73AD3B4042F,PEDESTRIAN,Cross/Enter not at Intersection,NO IMPROPER ACTIONS,OTHER,N/A,DARK CLOTHING,No,POSSIBLE INJURY,NONE,39.10298535,-77.19419552,"(39.10298535, -77.19419552)"
MCP3181000R,190033758,Montgomery County Police,Injury Crash,07/16/2019 01:56:00 PM,Maryland (State),GEORGIA AVE,County,SHOREFIELD RD,,N/A,PEDESTRIAN,OTHER,CLOUDY,N/A,DAYLIGHT,TRAFFIC SIGNAL,N/A,N/A,CC2FAA32-F041-4095-B8DB-FDFBF1042814,PEDESTRIAN,Cross/Enter at Intersection,NO IMPROPER ACTIONS,AT INTERSECTION MARKED CROSSWALK,OBEYED PED. SIGNAL,LIGHT CLOTHING,No,POSSIBLE INJURY,N/A,39.05275333,-77.05123667,"(39.05275333, -77.05123667)"
MCP2686003G,190034560,Montgomery County Police,Injury Crash,07/20/2019 07:49:00 AM,County,FATHER HURLEY BLVD,Unknown,SAWYER TERR,,N/A,BICYCLIST,STRAIGHT MOVEMENT ANGLE,N/A,DRY,DAYLIGHT,STOP SIGN,N/A,N/A,AFDE0D0B-1059-4C02-9CF7-6CE5FEF7ECED,BICYCLIST,Cross/Enter at Intersection,N/A,ON ROADWAY AT CROSSWALK,NO PED. SIGNAL,MIXED CLOTHING,No,SUSPECTED MINOR INJURY,NONE,39.171055,-77.28413333,"(39.171055, -77.28413333)"
EJ78560079,190035303,Gaithersburg Police Depar,Injury Crash,07/25/2019 05:00:00 AM,Municipality,TRAVIS VIEW CT,Municipality,CROSS TIE CT,,GAITHERSBURG,PEDESTRIAN,OTHER,CLEAR,DRY,DARK LIGHTS ON,N/A,UNKNOWN,N/A,89E4DC75-2300-4861-8340-C81BCC993B17,PEDESTRIAN,Standing,IN ROADWAY IMPROPERLY,OTHER,N/A,MIXED CLOTHING,Yes,POSSIBLE INJURY,N/A,39.16477819,-77.22101077,"(39.16477819, -77.22101077)"
MCP2969006N,190033094,Montgomery County Police,Injury Crash,07/12/2019 10:15:00 AM,,,,,4007 E NORBECK ROAD - PARKING LOT,,PEDESTRIAN,SINGLE VEHICLE,CLEAR,,DAYLIGHT,NO CONTROLS,NONE DETECTED,NONE DETECTED,35C76078-88B5-4ADE-999C-639144D5CFE2,PEDESTRIAN,Other,NO IMPROPER ACTIONS,INSIDE BUILDING,N/A,OTHER,No,POSSIBLE INJURY,OTHER,39.10971,-77.07680667,"(39.10971, -77.07680667)"
EJ7863002G,190034222,Gaithersburg Police Depar,Injury Crash,07/18/2019 09:37:00 PM,,,,,"PARKING LOT IN FRONT OF 1014 WEST SIDE DRIVE GAITHERSBURG, MD.",,BICYCLIST,OTHER,CLEAR,,DARK LIGHTS ON,N/A,NONE DETECTED,NONE DETECTED,C256EAF6-33DE-4F83-99EC-FC1CB55FC390,BICYCLIST,Playing,DART DASH,OTHER,N/A,LIGHT CLOTHING,Yes,SUSPECTED MINOR INJURY,NONE,39.12534167,-77.20220667,"(39.12534167, -77.20220667)"
MCP271700P6,190031745,Montgomery County Police,Injury Crash,07/03/2019 04:30:00 PM,,,,,10400 AUTO PARK AVENUE (PARKING LOT OF CADILLAC CAR DEALERSHIP),,PEDESTRIAN,OTHER,CLEAR,,DAYLIGHT,NO CONTROLS,NONE DETECTED,NONE DETECTED,029B25FB-1974-4A62-B43A-E47F6D35BF47,PEDESTRIAN,Cross/Enter not at Intersection,DART DASH,ON ROADWAY NOT AT CROSSWALK,NO PED. SIGNAL,MIXED CLOTHING,Yes,SUSPECTED MINOR INJURY,N/A,39.027235,-77.14683467,"(39.027235, -77.14683467)"
MCP3109002Y,190033882,Montgomery County Police,Injury Crash,07/17/2019 10:00:00 AM,County,FOREST GLEN RD,Government,SLIGO CREEK PKWY,,N/A,BICYCLIST,SINGLE VEHICLE,CLEAR,DRY,DAYLIGHT,TRAFFIC SIGNAL,NONE DETECTED,NONE DETECTED,E10795A1-984D-4138-85AE-A6E5CDBCD2E4,BICYCLIST,Walking/Riding w/Traffic,NO IMPROPER ACTIONS,ON ROADWAY NOT AT CROSSWALK,OBEYED PED. SIGNAL,LIGHT CLOTHING,No,SUSPECTED SERIOUS INJURY,MC/BIKE HELMET,39.01631283,-77.0321085,"(39.01631283, -77.0321085)"
MCP2813006Y,190034717,Montgomery County Police,Injury Crash,07/21/2019 09:14:00 AM,Maryland (State),VEIRS MILL RD,County,RANDOLPH RD,,N/A,BICYCLIST,OTHER,RAINING,WET,DARK LIGHTS ON,N/A,N/A,N/A,B77A4462-9CB6-489D-8F0A-010ABE656FBA,BICYCLIST,Walking/Cycling on Sidewalk,NO IMPROPER ACTIONS,SIDEWALK,N/A,LIGHT CLOTHING,No,SUSPECTED MINOR INJURY,NONE,39.05576333,-77.08178167,"(39.05576333, -77.08178167)"