Report Number,Local Case Number,Agency Name,ACRS Report Type,Crash Date/Time,Route Type,Road Name,Cross-Street Type,Cross-Street Name,Off-Road Description,Municipality,Related Non-Motorist,Collision Type,Weather,Surface Condition,Light,Traffic Control,Driver Substance Abuse,Non-Motorist Substance Abuse,Person ID,Pedestrian Type,Pedestrian Movement,Pedestrian Actions,Pedestrian Location,Pedestrian Obeyed Traffic Signal,Pedestrian Visibility,At Fault,Injury Severity,Safety Equipment,Latitude,Longitude,Location
MCP27220038,190034540,Montgomery County Police,Injury Crash,07/20/2019 04:20:00 PM,,,,,PARKING LOT OF 3004 HEWITT AVE,,PEDESTRIAN,OTHER,CLEAR,,DAYLIGHT,NO CONTROLS,N/A,N/A,30EF4F78-8138-47AA-8F1D-1B2F31019F22,PEDESTRIAN,Standing,NO IMPROPER ACTIONS,OTHER,NO PED. SIGNAL,LIGHT CLOTHING,No,SUSPECTED MINOR INJURY,NONE,39.07951167,-77.06167667,"(39.07951167, -77.06167667)"
MCP3164001X,190033752,Montgomery County Police,Injury Crash,07/16/2019 01:09:00 PM,,,,,PARKING LOT OF 13884 GEORGIA AVENUE,,PEDESTRIAN,SINGLE VEHICLE,CLEAR,,DAYLIGHT,NO CONTROLS,N/A,N/A,93E66CB2-E9BA-4E5D-BFA7-1607755493FB,PEDESTRIAN,Cross/Enter at Intersection,NO IMPROPER ACTIONS,ON ROADWAY AT CROSSWALK,NO PED. SIGNAL,MIXED CLOTHING,Unknown,SUSPECTED MINOR INJURY,N/A,39.08197667,-77.077265,"(39.08197667, -77.077265)"
MCP2866005W,190050985,Montgomery County Police,Injury Crash,10/23/2019 05:40:00 PM,Maryland (State),CONNECTICUT AVE,County,SAUL RD,,N/A,BICYCLIST,ANGLE MEETS LEFT TURN,CLEAR,DRY,DAYLIGHT,TRAFFIC SIGNAL,NONE DETECTED,NONE DETECTED,46DA85B3-81B9-47A8-A962-BBBFCC9AF806,BICYCLIST,Standing,NO IMPROPER ACTIONS,SIDEWALK,NO PED. SIGNAL,REFLECTIVE MATERIAL,No,SUSPECTED SERIOUS INJURY,MC/BIKE HELMET,39.01551833,-77.07861667,"(39.01551833, -77.07861667)"
MCP3162002J,190027023,Montgomery County Police,Injury Crash,06/06/2019 11:10:00 AM,County,SEMINARY PL,County,SECOND AVE,,N/A,OTHER,OTHER,CLEAR,DRY,DAYLIGHT,PERSON,NONE DETECTED,NONE DETECTED,12FD9BC9-12D0-438C-8708-839D4CAA19DD,OTHER,Other Working,N/A,N/A,N/A,REFLECTIVE MATERIAL,No,POSSIBLE INJURY,REFLECTIVE CLOTHING,39.00928333,-77.04383333,"(39.00928333, -77.04383333)"
MCP2931003P,190035842,Montgomery County Police,Injury Crash,07/27/2019 07:37:00 PM,Maryland (State),ROCKVILLE PIKE,Municipality,TWINBROOK PKWY,,ROCKVILLE,PEDESTRIAN,N/A,N/A,DRY,DAYLIGHT,TRAFFIC SIGNAL,N/A,N/A,BA50C849-E941-4038-9EB9-8525F6421A66,PEDESTRIAN,Cross/Enter not at Intersection,FAILURE TO OBEY TRAFFIC SIGNS SIGNALS OR OFFICER,ON ROADWAY NOT AT CROSSWALK,DISOBEYED PED. SIGNAL,DARK CLOTHING,Yes,POSSIBLE INJURY,N/A,39.05892167,-77.12170833,"(39.05892167, -77.12170833)"
DD5604002Z,190036284,Rockville Police Departme,Injury Crash,07/30/2019 11:10:00 AM,,,,,51 MANNAKEE STREET PARKING LOT #5,,PEDESTRIAN,OTHER,CLEAR,,DAYLIGHT,NO CONTROLS,NONE DETECTED,NONE DETECTED,50FB890C-3913-4F20-8384-DE42EA258E6F,PEDESTRIAN,Other,NO IMPROPER ACTIONS,OTHER,NO PED. SIGNAL,LIGHT CLOTHING,No,POSSIBLE INJURY,NONE,39.09963105,-77.15955905,"(39.09963105, -77.15955905)"
MCP2353007K,190034991,Montgomery County Police,Injury Crash,07/23/2019 02:31:00 PM,County,EARLHAM DR,County,STARMONT RD,,N/A,PEDESTRIAN,SINGLE VEHICLE,CLOUDY,DRY,DAYLIGHT,NO CONTROLS,NONE DETECTED,NONE DETECTED,075D70D5-3CA5-44CB-BC42-1ED63CC8ABE0,PEDESTRIAN,Walking/Riding w/Traffic,NO IMPROPER ACTIONS,ON ROADWAY NOT AT CROSSWALK,NO PED. SIGNAL,LIGHT CLOTHING,No,SUSPECTED MINOR INJURY,NONE,39.01254324,-77.13062453,"(39.01254324, -77.13062453)"
MCP242500F6,190036079,Montgomery County Police,Injury Crash,07/29/2019 09:24:00 AM,County,FENTON ST,County,WAYNE AVE,,N/A,PEDESTRIAN,OTHER,CLEAR,DRY,DAYLIGHT,NO CONTROLS,NONE DETECTED,NONE DETECTED,6B974EF4-E9B9-4C12-8D30-26FAEAE89FDA,PEDESTRIAN,Cross/Enter not at Intersection,DART DASH,ON ROADWAY NOT AT CROSSWALK,NO PED. SIGNAL,DARK CLOTHING,Yes,SUSPECTED MINOR INJURY,NONE,38.996535,-77.02472833,"(38.996535, -77.02472833)"
MCP2198006P,190056969,Montgomery County Police,Injury Crash,11/25/2019 05:54:00 PM,Municipality,PERRY PKWY,Unknown,STRUC OV CSX R/R,,N/A,PEDESTRIAN,SINGLE VEHICLE,CLEAR,DRY,DARK LIGHTS ON,NO CONTROLS,N/A,N/A,8DE9918C-4AB2-49CB-AA4D-EE687ADAC673,PEDESTRIAN,Cross/Enter not at Intersection,DART DASH,ON ROADWAY NOT AT CROSSWALK,NO PED. SIGNAL,MIXED CLOTHING,Yes,SUSPECTED SERIOUS INJURY,NONE,39.14672667,-77.21423667,"(39.14672667, -77.21423667)"
MCP3020004G,190056885,Montgomery County Police,Property Damage Crash,11/25/2019 10:52:00 AM,,,,,PARKING LOT IN FRONT OF 3860 INTERNATIONAL DR,,PEDESTRIAN,SINGLE VEHICLE,CLEAR,,DAYLIGHT,NO CONTROLS,NONE DETECTED,NONE DETECTED,92BE3C8B-4C96-479E-9F4D-CBA1B3D324CA,PEDESTRIAN,Walking/Riding w/Traffic,NO IMPROPER ACTIONS,OTHER,NO PED. SIGNAL,MIXED CLOTHING,No,NO APPARENT INJURY,NONE,39.10195718,-77.07546937,"(39.10195718, -77.07546937)"
MCP15750092,190037266,Montgomery County Police,Injury Crash,08/05/2019 01:08:00 PM,,,,,PK LOT 12600 TWINBROOK PKWY,,PEDESTRIAN,OTHER,CLEAR,,DAYLIGHT,NO CONTROLS,NONE DETECTED,NONE DETECTED,57BE7E3C-20E5-4427-8782-A8EF61732AB2,PEDESTRIAN,Other,OTHER,OTHER,N/A,OTHER,No,POSSIBLE INJURY,NONE,39.06307333,-77.11688167,"(39.06307333, -77.11688167)"
EJ7851004J,190036707,Gaithersburg Police Depar,Injury Crash,08/01/2019 02:05:00 PM,Municipality,MISTY DALE LA,Municipality,BUTTRY RD,,GAITHERSBURG,BICYCLIST,OTHER,CLEAR,DRY,DAYLIGHT,NO CONTROLS,NONE DETECTED,NONE DETECTED,0C4E276E-4311-4CB4-8102-F62F18F5F55D,BICYCLIST,Playing,NO IMPROPER ACTIONS,N/A,N/A,MIXED CLOTHING,No,POSSIBLE INJURY,NONE,39.13309628,-77.20463764,"(39.13309628, -77.20463764)"
HA2419000M,19002069,Maryland-National Capital,Property Damage Crash,08/05/2019 09:21:00 PM,,,,,JESUP BLAIR LOCAL PARK GRASS AREA,,OTHER,SINGLE VEHICLE,N/A,,DARK LIGHTS ON,NO CONTROLS,,NONE DETECTED,685699A4-BAA0-4AF2-9F45-CE2C72628DF9,OTHER,Other,OTHER,CURB,N/A,N/A,Yes,NO APPARENT INJURY,N/A,38.98493069,-77.02534704,"(38.98493069, -77.02534704)"
MCP3104001P,190036047,Montgomery County Police,Injury Crash,07/28/2019 11:30:00 PM,,,,,"THE PARKIG LOT OF 9300 PINEY BRANCH RD. SILVER SPRING, MARYLAND 20903",,PEDESTRIAN,SINGLE VEHICLE,CLEAR,,DARK LIGHTS ON,NO CONTROLS,N/A,ALCOHOL PRESENT,6B45EB7A-04B4-4083-A0DD-C8BF75BB4A56,PEDESTRIAN,Walking/Riding w/Traffic,OTHER,OTHER,NO PED. SIGNAL,DARK CLOTHING,No,POSSIBLE INJURY,N/A,39.00185544,-76.98610257,"(39.00185544, -76.98610257)"
MCP3107001D,190056156,Montgomery County Police,Injury Crash,11/20/2019 11:38:00 PM,Maryland (State),FREDERICK RD,Unknown,ENT TO SHADY GROVE METRO STATION,,N/A,PEDESTRIAN,OTHER,CLEAR,DRY,DARK LIGHTS ON,TRAFFIC SIGNAL,NONE DETECTED,NONE DETECTED,5F4A9E2C-9063-430A-8C7C-144E6C4532C4,PEDESTRIAN,Cross/Enter at Intersection,NO IMPROPER ACTIONS,ON ROADWAY AT CROSSWALK,N/A,MIXED CLOTHING,No,SUSPECTED MINOR INJURY,N/A,39.11736108,-77.16884318,"(39.11736108, -77.16884318)"
MCP2689006G,190056912,Montgomery County Police,Injury Crash,11/25/2019 01:58:00 PM,,,,,PARKING LOT OF 14921 SHADY GROVE RD,,PEDESTRIAN,SINGLE VEHICLE,CLEAR,,DAYLIGHT,NO CONTROLS,NONE DETECTED,NONE DETECTED,A4BF9AAF-342A-47B8-9E2E-5D5DC3AF2047,PEDESTRIAN,Other,NO IMPROPER ACTIONS,OTHER,NO PED. SIGNAL,MIXED CLOTHING,No,SUSPECTED MINOR INJURY,NONE,39.09691989,-77.19311992,"(39.09691989, -77.19311992)"
MCP0942002P,190056218,Montgomery County Police,Injury Crash,11/21/2019 10:11:00 AM,,,,,"PARKING LOT-7400 ARLINGTON RD
BETHESDA LIBRARY",,PEDESTRIAN,SINGLE VEHICLE,CLEAR,,DAYLIGHT,NO CONTROLS,NONE DETECTED,NONE DETECTED,FDC19774-407F-4EAB-8B26-6005E0C707EF,PEDESTRIAN,Other,NO IMPROPER ACTIONS,OTHER,NO PED. SIGNAL,MIXED CLOTHING,No,SUSPECTED MINOR INJURY,NONE,38.98435298,-77.09900493,"(38.98435298, -77.09900493)"
MCP2689006G,190056912,Montgomery County Police,Injury Crash,11/25/2019 01:58:00 PM,,,,,PARKING LOT OF 14921 SHADY GROVE RD,,PEDESTRIAN,SINGLE VEHICLE,CLEAR,,DAYLIGHT,NO CONTROLS,NONE DETECTED,NONE DETECTED,E75E2FF6-5524-49EF-AB17-E52A1E20833F,PEDESTRIAN,Other,NO IMPROPER ACTIONS,OTHER,NO PED. SIGNAL,MIXED CLOTHING,No,NO APPARENT INJURY,NONE,39.09691989,-77.19311992,"(39.09691989, -77.19311992)"
MCP3109003N,190056268,Montgomery County Police,Injury Crash,11/21/2019 02:40:00 PM,County,BONIFANT ST,County,FENTON ST,,N/A,PEDESTRIAN,SINGLE VEHICLE,CLEAR,DRY,DAYLIGHT,NO CONTROLS,NONE DETECTED,NONE DETECTED,BB729713-C17A-4D74-83C7-18A654627A75,PEDESTRIAN,Walking/Cycling on Sidewalk,NO IMPROPER ACTIONS,SIDEWALK,N/A,DARK CLOTHING,No,POSSIBLE INJURY,N/A,38.9944485,-77.02392217,"(38.9944485, -77.02392217)"
MCP11480031,190037434,Montgomery County Police,Injury Crash,08/06/2019 08:51:00 AM,County,COMMERCE LA,Maryland (State),WISCONSIN AVE,,N/A,PEDESTRIAN,SINGLE VEHICLE,CLEAR,DRY,DAYLIGHT,NO CONTROLS,NONE DETECTED,NONE DETECTED,353BA08B-4A14-4EF0-BD1B-ABCD976F0D0D,PEDESTRIAN,Cross/Enter at Intersection,NO IMPROPER ACTIONS,ON ROADWAY AT CROSSWALK,NO PED. SIGNAL,MIXED CLOTHING,No,SUSPECTED MINOR INJURY,NONE,38.985995,-77.094765,"(38.985995, -77.094765)"
MCP2008006B,190034384,Montgomery County Police,Injury Crash,07/19/2019 06:47:00 PM,County,RYLAND DR,County,SINGLETON DR,,N/A,BICYCLIST,OTHER,CLEAR,DRY,DAYLIGHT,STOP SIGN,NONE DETECTED,NONE DETECTED,E2347E49-E8C9-4BAB-B710-201E1A741AA2,BICYCLIST,Cross/Enter at Intersection,UNKNOWN,ON ROADWAY AT CROSSWALK,UNKNOWN,LIGHT CLOTHING,Yes,SUSPECTED MINOR INJURY,MC/BIKE HELMET,39.01299,-77.118245,"(39.01299, -77.118245)"
MCP31510014,190037209,Montgomery County Police,Injury Crash,08/05/2019 07:30:00 AM,Maryland (State),FREDERICK RD,County,SHADY GROVE RD,,N/A,PEDESTRIAN,SINGLE VEHICLE,N/A,N/A,DAYLIGHT,STOP SIGN,NONE DETECTED,NONE DETECTED,8D3E0C42-EF43-42D8-ACF6-F40D3155DE63,PEDESTRIAN,Cross/Enter at Intersection,NO IMPROPER ACTIONS,SIDEWALK,NO PED. SIGNAL,MIXED CLOTHING,No,POSSIBLE INJURY,NONE,39.12047117,-77.17548467,"(39.12047117, -77.17548467)"
MCP3034003M,190035794,Montgomery County Police,Injury Crash,07/27/2019 02:10:00 PM,County,MACARTHUR BLVD,County,FALLS RD,,N/A,BICYCLIST,STRAIGHT MOVEMENT ANGLE,CLEAR,DRY,DAYLIGHT,NO CONTROLS,NONE DETECTED,NONE DETECTED,304D99B2-69BB-4FB6-BA00-AF9642B4EEC5,BICYCLIST,Cross/Enter at Intersection,FAILURE TO YIELD RIGHT OF WAY,ON ROADWAY NOT AT CROSSWALK,NO PED. SIGNAL,DARK CLOTHING,Yes,SUSPECTED MINOR INJURY,MC/BIKE HELMET,38.99624167,-77.23095833,"(38.99624167, -77.23095833)"
MCP2639007N,190036442,Montgomery County Police,Property Damage Crash,07/31/2019 07:17:00 AM,Maryland (State),GEORGIA AVE,County,QUEEN MARY DR,,N/A,BICYCLIST,STRAIGHT MOVEMENT ANGLE,CLOUDY,DRY,DAYLIGHT,STOP SIGN,NONE DETECTED,NONE DETECTED,58393357-70EA-4A1C-B7D2-839329657BA8,BICYCLIST,Cross/Enter at Intersection,NO IMPROPER ACTIONS,SIDEWALK,NO PED. SIGNAL,MIXED CLOTHING,No,NO APPARENT INJURY,NONE,39.25503333,-77.22318,"(39.25503333, -77.22318)"
MCP1500001R,190053468,Montgomery County Police,Injury Crash,11/05/2019 09:00:00 PM,,,,,"PARKING LOT OF 2509 UNIVERSITY BLVD WEST, SILVER SPRING, MD 20902",,PEDESTRIAN,SAME DIR REAR END,UNKNOWN,,DARK -- UNKNOWN LIGHTING,NO CONTROLS,UNKNOWN,UNKNOWN,CA629DA1-3F0C-4BF9-AE5F-F43ED4FEBB2A,PEDESTRIAN,Standing,NO IMPROPER ACTIONS,OTHER,N/A,UNKNOWN,No,SUSPECTED MINOR INJURY,N/A,39.04164357,-77.05209187,"(39.04164357, -77.05209187)"
MCP271700R4,190054987,Montgomery County Police,Injury Crash,11/14/2019 06:15:00 PM,County,WOODHAVEN BLVD,County,POE RD,,N/A,PEDESTRIAN,OTHER,CLEAR,DRY,DARK LIGHTS ON,NO CONTROLS,UNKNOWN,NONE DETECTED,8E1B9DF4-A26F-4AA4-B10D-114B150FA416,PEDESTRIAN,Walking/Riding against Traffic,NO IMPROPER ACTIONS,SHOULDER,NO PED. SIGNAL,MIXED CLOTHING,No,SUSPECTED MINOR INJURY,N/A,38.99310167,-77.131288,"(38.99310167, -77.131288)"
DD5630001W,190037710,Rockville Police Departme,Injury Crash,08/07/2019 07:17:00 PM,Maryland (State),ROCKVILLE PIKE,Municipality,HALPINE RD,,ROCKVILLE,PEDESTRIAN,OTHER,CLEAR,DRY,DAWN,TRAFFIC SIGNAL,NONE DETECTED,NONE DETECTED,A6A75880-4CB9-4C17-92A4-136989148010,PEDESTRIAN,Cross/Enter at Intersection,NO IMPROPER ACTIONS,AT INTERSECTION MARKED CROSSWALK,OBEYED PED. SIGNAL,LIGHT CLOTHING,No,SUSPECTED MINOR INJURY,NONE,39.06227,-77.12410667,"(39.06227, -77.12410667)"
MCP2766004Z,190036594,Montgomery County Police,Injury Crash,07/31/2019 09:35:00 AM,,,,,PARKING LOT OF 3323 BEAVERWOOD LA,,PEDESTRIAN,SINGLE VEHICLE,CLEAR,,DARK NO LIGHTS,N/A,NONE DETECTED,NONE DETECTED,192C8072-CB2B-47D7-9005-426D860CD9CF,PEDESTRIAN,Other,NOT VISIBLE,OTHER,NO PED. SIGNAL,DARK CLOTHING,Yes,POSSIBLE INJURY,NONE,39.08741388,-77.06588645,"(39.08741388, -77.06588645)"
MCP1491001J,190057831,Montgomery County Police,Injury Crash,12/01/2019 01:35:00 PM,,,,,DRIVEWAY ACCESS AT 16101 FREDERICK RD,,OTHER,OTHER,RAINING,,DAYLIGHT,N/A,NONE DETECTED,NONE DETECTED,1451841B-20DF-48D5-AC41-6BE9D3FADC64,OTHER,Other,OTHER,OTHER,N/A,MIXED CLOTHING,Yes,SUSPECTED MINOR INJURY,N/A,39.12232706,-77.172312,"(39.12232706, -77.172312)"
MCP2848008V,190057926,Montgomery County Police,Injury Crash,12/02/2019 07:04:00 AM,County,CEDAR LA,Government,ELMHIRST PKWY,,N/A,BICYCLIST,OTHER,CLOUDY,DRY,DAWN,TRAFFIC SIGNAL,NONE DETECTED,NONE DETECTED,BAD7BCCF-7461-436A-80BC-A7C87D092B6D,BICYCLIST,Cross/Enter at Intersection,NO IMPROPER ACTIONS,ON ROADWAY AT CROSSWALK,OBEYED PED. SIGNAL,DARK CLOTHING,No,SUSPECTED MINOR INJURY,MC/BIKE HELMET,39.00710667,-77.09415833,"(39.00710667, -77.09415833)"
MCP2969007R,190056238,Montgomery County Police,Injury Crash,11/21/2019 12:05:00 PM,Maryland (State),LAYHILL RD,County,SULLIVAN LA,,N/A,PEDESTRIAN,OTHER,CLEAR,DRY,DAYLIGHT,STOP SIGN,NONE DETECTED,NONE DETECTED,50CB6663-A5F1-4FB1-AF2F-FAA92CE88D60,PEDESTRIAN,Cross/Enter at Intersection,NO IMPROPER ACTIONS,ON ROADWAY AT CROSSWALK,NO PED. SIGNAL,DARK CLOTHING,No,POSSIBLE INJURY,NONE,39.08509833,-77.04577833,"(39.08509833, -77.04577833)"
MCP3242000P,190057343,Montgomery County Police,Injury Crash,11/27/2019 05:53:00 PM,Maryland (State),NEW HAMPSHIRE AVE,County,NORTHAMPTON DR,,N/A,PEDESTRIAN,STRAIGHT MOVEMENT ANGLE,CLEAR,DRY,DUSK,TRAFFIC SIGNAL,NONE DETECTED,NONE DETECTED,F3922533-7075-482C-B902-713DE35D3CDB,PEDESTRIAN,Cross/Enter not at Intersection,DART DASH,MEDIAN,NO PED. SIGNAL,DARK CLOTHING,Yes,SUSPECTED SERIOUS INJURY,NONE,39.00703333,-76.980155,"(39.00703333, -76.980155)"
MCP2738003G,190057740,Montgomery County Police,Injury Crash,11/30/2019 09:05:00 PM,Maryland (State),NEW HAMPSHIRE AVE,County,LOCKWOOD DR,,N/A,PEDESTRIAN,OTHER,N/A,DRY,DARK LIGHTS ON,TRAFFIC SIGNAL,N/A,N/A,4B0A3368-C2F7-484C-9A2B-FD2043134A3B,PEDESTRIAN,Cross/Enter at Intersection,UNKNOWN,ON ROADWAY AT CROSSWALK,UNKNOWN,UNKNOWN,Unknown,SUSPECTED MINOR INJURY,N/A,39.03976667,-76.9909,"(39.03976667, -76.9909)"
MCP3122002L,190057491,Montgomery County Police,Injury Crash,11/28/2019 11:25:00 PM,,,,,PARKING LOT OF 2304 BLUERIDGE AVE,,PEDESTRIAN,SINGLE VEHICLE,CLEAR,,DARK LIGHTS ON,N/A,ALCOHOL PRESENT,N/A,0A14531C-8E7A-4313-8A34-7685CA5D4CF4,PEDESTRIAN,Other,NO IMPROPER ACTIONS,OTHER,N/A,MIXED CLOTHING,No,SUSPECTED MINOR INJURY,N/A,39.04272545,-77.04853504,"(39.04272545, -77.04853504)"
MCP3122002L,190057491,Montgomery County Police,Injury Crash,11/28/2019 11:25:00 PM,,,,,PARKING LOT OF 2304 BLUERIDGE AVE,,PEDESTRIAN,SINGLE VEHICLE,CLEAR,,DARK LIGHTS ON,N/A,ALCOHOL PRESENT,NONE DETECTED,CAD6BF0E-61C2-4939-AAD3-53C9076A6EF9,PEDESTRIAN,Other,NO IMPROPER ACTIONS,OTHER,N/A,MIXED CLOTHING,No,SUSPECTED SERIOUS INJURY,N/A,39.04272545,-77.04853504,"(39.04272545, -77.04853504)"
MCP31130020,190057732,Montgomery County Police,Injury Crash,11/30/2019 07:40:00 PM,County,BRIGGS CHANEY RD,Ramp,RAMP 5 FR US 29 SB TO BRIGGS CHANEY RD,,N/A,PEDESTRIAN,OTHER,CLEAR,N/A,DARK LIGHTS ON,NO CONTROLS,N/A,N/A,672EB827-C663-44BA-811E-B34DC5E10C47,PEDESTRIAN,Cross/Enter not at Intersection,FAILURE TO YIELD RIGHT OF WAY,ON ROADWAY NOT AT CROSSWALK,NO PED. SIGNAL,DARK CLOTHING,Yes,SUSPECTED SERIOUS INJURY,NONE,39.08299833,-76.94840806,"(39.08299833, -76.94840806)"
MCP3037002V,190058443,Montgomery County Police,Property Damage Crash,12/04/2019 03:40:00 PM,,,,,"PARKING LOT OF 19315 ARCHDALE RD, GERMANTOWN, MARYLAND 20876",,PEDESTRIAN,OTHER,CLEAR,,DAYLIGHT,NO CONTROLS,UNKNOWN,NONE DETECTED,A55DC169-0337-4D37-903E-20E81A29ECAF,PEDESTRIAN,Standing,NO IMPROPER ACTIONS,OTHER,NO PED. SIGNAL,MIXED CLOTHING,No,NO APPARENT INJURY,N/A,39.17178415,-77.24261396,"(39.17178415, -77.24261396)"
MCP30700015,190055317,Montgomery County Police,Injury Crash,11/16/2019 01:10:00 PM,County,BATTERY LA,Maryland (State),OLD GEORGETOWN RD,,N/A,PEDESTRIAN,SINGLE VEHICLE,CLEAR,DRY,DAYLIGHT,TRAFFIC SIGNAL,N/A,N/A,6BFDD7FE-00F3-4D3D-BE61-3EF6ADAA4395,PEDESTRIAN,Cross/Enter at Intersection,NO IMPROPER ACTIONS,AT INTERSECTION MARKED CROSSWALK,OBEYED PED. SIGNAL,DARK CLOTHING,No,SUSPECTED MINOR INJURY,N/A,38.99080167,-77.10278167,"(38.99080167, -77.10278167)"
MCP3097001G,190057391,Montgomery County Police,Injury Crash,11/28/2019 01:19:00 AM,County,CHERRY HILL RD,County,PLUM ORCHARD DR,,N/A,PEDESTRIAN,SINGLE VEHICLE,N/A,DRY,DARK LIGHTS ON,FLASHING TRAFFIC SIGNAL,NONE DETECTED,UNKNOWN,01C4D0C9-C80E-41E2-B882-9DCF0D190906,PEDESTRIAN,Cross/Enter not at Intersection,IN ROADWAY IMPROPERLY,ON ROADWAY NOT AT CROSSWALK,NO PED. SIGNAL,MIXED CLOTHING,Yes,SUSPECTED SERIOUS INJURY,N/A,39.05316833,-76.95329167,"(39.05316833, -76.95329167)"
MCP20080071,190059574,Montgomery County Police,Injury Crash,12/10/2019 08:01:00 PM,Maryland (State),OLD GEORGETOWN RD,Government,CENTER DR,,N/A,BICYCLIST,OTHER,RAINING,WET,DARK LIGHTS ON,TRAFFIC SIGNAL,NONE DETECTED,NONE DETECTED,47C5DE33-B3BA-456A-BDF7-B98528B44211,BICYCLIST,Cross/Enter at Intersection,NO IMPROPER ACTIONS,ON ROADWAY AT CROSSWALK,OBEYED PED. SIGNAL,DARK CLOTHING,No,SUSPECTED SERIOUS INJURY,NONE,39.00282667,-77.11020167,"(39.00282667, -77.11020167)"
MCP30700016,190059496,Montgomery County Police,Injury Crash,12/10/2019 10:30:00 AM,County,COMMERCE LA,Maryland (State),WISCONSIN AVE,,N/A,PEDESTRIAN,SINGLE VEHICLE,RAINING,WET,DAYLIGHT,TRAFFIC SIGNAL,N/A,N/A,22D8E7A3-5124-4FE6-86F9-B0854EBB2693,PEDESTRIAN,Cross/Enter at Intersection,UNKNOWN,AT INTERSECTION MARKED CROSSWALK,NO PED. SIGNAL,MIXED CLOTHING,Unknown,POSSIBLE INJURY,NONE,38.98592806,-77.09472495,"(38.98592806, -77.09472495)"
DD5642000K,190059738,Rockville Police Departme,Injury Crash,12/11/2019 05:10:00 PM,Maryland (State),HUNGERFORD DR,Municipality,PARK RD,,ROCKVILLE,PEDESTRIAN,OTHER,CLEAR,DRY,DARK LIGHTS ON,TRAFFIC SIGNAL,NONE DETECTED,NONE DETECTED,26FE3ED2-A554-46E1-A8C5-B4F45DC8079C,PEDESTRIAN,Cross/Enter at Intersection,FAILURE TO OBEY TRAFFIC SIGNS SIGNALS OR OFFICER,ON ROADWAY NOT AT CROSSWALK,DISOBEYED PED. SIGNAL,DARK CLOTHING,Yes,SUSPECTED MINOR INJURY,NONE,39.08537445,-77.14823534,"(39.08537445, -77.14823534)"
MCP3132001W,190058472,Montgomery County Police,Injury Crash,12/04/2019 05:16:00 PM,County,WESTBARD AVE,County,CROWN ST,,N/A,PEDESTRIAN,OTHER,CLOUDY,DRY,DARK NO LIGHTS,N/A,N/A,N/A,9947A624-F8E3-4DF5-897E-B3B408AFA3A7,PEDESTRIAN,Standing,NO IMPROPER ACTIONS,SIDEWALK,N/A,DARK CLOTHING,No,NO APPARENT INJURY,N/A,38.959845,-77.10820667,"(38.959845, -77.10820667)"
MCP3023003J,190058985,Montgomery County Police,Injury Crash,12/07/2019 06:45:00 AM,Maryland (State),GEORGIA AVE,Unknown,SPUR FR BEL PRE RD,,N/A,PEDESTRIAN,SINGLE VEHICLE,CLEAR,DRY,DAWN,PERSON,NONE DETECTED,NONE DETECTED,78FE6F7E-7278-4D89-9FE5-6229B3379D43,PEDESTRIAN,Cross/Enter at Intersection,NO IMPROPER ACTIONS,AT INTERSECTION MARKED CROSSWALK,N/A,MIXED CLOTHING,Yes,POSSIBLE INJURY,NONE,39.092865,-77.080142,"(39.092865, -77.080142)"
MCP2290002G,19059497,Montgomery County Police,Injury Crash,12/10/2019 01:10:00 PM,County,SHADY GROVE RD,County,COMPRINT CT,,N/A,PEDESTRIAN,SINGLE VEHICLE,RAINING,WET,DAYLIGHT,TRAFFIC SIGNAL,NONE DETECTED,NONE DETECTED,C3641830-2FCB-49F0-85B1-36507FAE3505,PEDESTRIAN,Cross/Enter not at Intersection,FAILURE TO OBEY TRAFFIC SIGNS SIGNALS OR OFFICER,ON ROADWAY NOT AT CROSSWALK,DISOBEYED PED. SIGNAL,MIXED CLOTHING,Yes,SUSPECTED MINOR INJURY,NONE,39.11886667,-77.18166,"(39.11886667, -77.18166)"
MCP115100BG,190059445,Montgomery County Police,Injury Crash,12/10/2019 08:30:00 AM,County,MIDDLEBROOK RD,Unknown,ENT TO BUSINESS,,N/A,PEDESTRIAN,OTHER,CLOUDY,WET,DAYLIGHT,NO CONTROLS,UNKNOWN,NONE DETECTED,2DA10919-577C-47F6-82C3-B782B6675207,PEDESTRIAN,Cross/Enter at Intersection,UNKNOWN,AT INTERSECTION BUT NO CROSSWALK,NO PED. SIGNAL,DARK CLOTHING,No,SUSPECTED MINOR INJURY,N/A,39.1758385,-77.25480717,"(39.1758385, -77.25480717)"
MCP271700RC,19005871,Montgomery County Police,Injury Crash,12/05/2019 06:17:00 PM,County,TRAVILAH RD,County,MOLECULAR DR,,N/A,PEDESTRIAN,SINGLE VEHICLE,CLEAR,DRY,DARK LIGHTS ON,NO CONTROLS,NONE DETECTED,NONE DETECTED,05A1580D-F8A4-4C7C-B1AA-2BC3C72379E3,PEDESTRIAN,Cross/Enter not at Intersection,IN ROADWAY IMPROPERLY,ON ROADWAY NOT AT CROSSWALK,NO PED. SIGNAL,MIXED CLOTHING,Yes,SUSPECTED SERIOUS INJURY,NONE,39.09233867,-77.21042967,"(39.09233867, -77.21042967)"