Report Number,Local Case Number,Agency Name,ACRS Report Type,Crash Date/Time,Route Type,Road Name,Cross-Street Type,Cross-Street Name,Off-Road Description,Municipality,Related Non-Motorist,Collision Type,Weather,Surface Condition,Light,Traffic Control,Driver Substance Abuse,Non-Motorist Substance Abuse,Person ID,Pedestrian Type,Pedestrian Movement,Pedestrian Actions,Pedestrian Location,Pedestrian Obeyed Traffic Signal,Pedestrian Visibility,At Fault,Injury Severity,Safety Equipment,Latitude,Longitude,Location
MCP2195003R,190058596,Montgomery County Police,Injury Crash,12/05/2019 11:32:00 AM,,,,,PARKING LOT OF 850 E GUDE DR,,PEDESTRIAN,OTHER,CLEAR,,DAYLIGHT,NO CONTROLS,NONE DETECTED,NONE DETECTED,B9AA6A78-DB2D-4349-9A8B-FF1D8377A7A1,PEDESTRIAN,Getting off/on Vehicle,ENTERING EXITING PARKED STANDING VEHICLE,N/A,N/A,MIXED CLOTHING,No,SUSPECTED MINOR INJURY,NONE,39.100655,-77.13931167,"(39.100655, -77.13931167)"
MCP2871006H,190058878,Montgomery County Police,Injury Crash,12/06/2019 04:57:00 PM,,,,,PARKING LOT OF 10901 WESTLAKE DR,,PEDESTRIAN,SINGLE VEHICLE,CLEAR,,DARK NO LIGHTS,STOP SIGN,NONE DETECTED,NONE DETECTED,425DDD14-3245-4770-A714-CCD9B7B53D5C,PEDESTRIAN,Cross/Enter at Intersection,FAILURE TO YIELD RIGHT OF WAY,AT INTERSECTION BUT NO CROSSWALK,NO PED. SIGNAL,DARK CLOTHING,Yes,SUSPECTED MINOR INJURY,NONE,39.035335,-77.14590667,"(39.035335, -77.14590667)"
DD56310038,190059546,Rockville Police Departme,Injury Crash,12/10/2019 05:30:00 PM,Municipality,MARYLAND AVE,Municipality,E MIDDLE LA,,ROCKVILLE,PEDESTRIAN,OTHER,RAINING,WET,DARK -- UNKNOWN LIGHTING,TRAFFIC SIGNAL,NONE DETECTED,NONE DETECTED,FFDC30FE-55F1-4085-8D8E-007B7150AF91,PEDESTRIAN,Cross/Enter at Intersection,NO IMPROPER ACTIONS,SIDEWALK,OBEYED PED. SIGNAL,DARK CLOTHING,No,SUSPECTED MINOR INJURY,NONE,39.085,-77.15128167,"(39.085, -77.15128167)"
MCP3132001W,190058472,Montgomery County Police,Injury Crash,12/04/2019 05:16:00 PM,County,WESTBARD AVE,County,CROWN ST,,N/A,PEDESTRIAN,OTHER,CLOUDY,DRY,DARK NO LIGHTS,N/A,N/A,N/A,2EE10F02-5D61-46DC-A608-93A98B0B6BEA,PEDESTRIAN,Cross/Enter not at Intersection,NO IMPROPER ACTIONS,ON ROADWAY AT CROSSWALK,N/A,DARK CLOTHING,No,SUSPECTED SERIOUS INJURY,NONE,38.959845,-77.10820667,"(38.959845, -77.10820667)"
MCP271700R8,190058101,Montgomery County Police,Injury Crash,12/02/2019 05:50:00 PM,County,PARKLAWN DR,County,BOILING BROOK PKWY,,N/A,PEDESTRIAN,SINGLE VEHICLE,RAINING,WET,DARK LIGHTS ON,NO CONTROLS,NONE DETECTED,NONE DETECTED,516C9671-0C18-4B39-92CC-31FA999C7B61,PEDESTRIAN,Cross/Enter not at Intersection,DART DASH,ON ROADWAY NOT AT CROSSWALK,NO PED. SIGNAL,DARK CLOTHING,Yes,SUSPECTED MINOR INJURY,NONE,39.051108,-77.10514633,"(39.051108, -77.10514633)"
MCP1389002M,190058902,Montgomery County Police,Injury Crash,12/06/2019 07:05:00 PM,,,,,PARKING LOT / SIDEWALK IN FRONT OF 451 NORTH FREDERICK AVENUE,,PEDESTRIAN,STRAIGHT MOVEMENT ANGLE,CLEAR,,DARK LIGHTS ON,N/A,NONE DETECTED,NONE DETECTED,59B1BC18-409E-467B-962F-8B7F6122A4E2,PEDESTRIAN,Walking/Cycling on Sidewalk,NO IMPROPER ACTIONS,SIDEWALK,NO PED. SIGNAL,MIXED CLOTHING,No,SUSPECTED SERIOUS INJURY,N/A,39.14816833,-77.20596,"(39.14816833, -77.20596)"
MCP29690080,190059575,Montgomery County Police,Injury Crash,12/10/2019 08:17:00 PM,Maryland (State),GEORGIA AVE,County,REEDIE DR,,N/A,PEDESTRIAN,STRAIGHT MOVEMENT ANGLE,RAINING,WET,DARK LIGHTS ON,TRAFFIC SIGNAL,NONE DETECTED,NONE DETECTED,816748B8-051B-484E-83CE-66E70A8011FE,PEDESTRIAN,Cross/Enter at Intersection,NO IMPROPER ACTIONS,ON ROADWAY AT CROSSWALK,OBEYED PED. SIGNAL,MIXED CLOTHING,No,POSSIBLE INJURY,NONE,39.03867825,-77.05076723,"(39.03867825, -77.05076723)"
EJ78730028,190059620,Gaithersburg Police Depar,Injury Crash,12/11/2019 07:56:00 AM,County,GOSHEN RD,Municipality,GIRARD ST,,GAITHERSBURG,PEDESTRIAN,SINGLE VEHICLE,CLEAR,WET,DAYLIGHT,TRAFFIC SIGNAL,NONE DETECTED,NONE DETECTED,1DE20B5D-D43F-410D-B636-DE5C02EA5CC4,PEDESTRIAN,Cross/Enter at Intersection,NO IMPROPER ACTIONS,AT INTERSECTION MARKED CROSSWALK,OBEYED PED. SIGNAL,MIXED CLOTHING,No,SUSPECTED MINOR INJURY,NONE,39.15093046,-77.19259594,"(39.15093046, -77.19259594)"
MCP2682001Z,190057928,Montgomery County Police,Injury Crash,12/02/2019 07:31:00 AM,County,CLUB HOUSE RD,County,MONTGOMERY VILLAGE AVE,,N/A,PEDESTRIAN,OTHER,CLEAR,DRY,DAYLIGHT,OTHER,UNKNOWN,NONE DETECTED,16362AD6-427C-45DB-AEC7-A92C06D730F2,PEDESTRIAN,Cross/Enter at Intersection,NO IMPROPER ACTIONS,AT INTERSECTION MARKED CROSSWALK,OBEYED PED. SIGNAL,MIXED CLOTHING,No,POSSIBLE INJURY,NONE,39.17452285,-77.20372112,"(39.17452285, -77.20372112)"
MCP003600CJ,190060627,Montgomery County Police,Injury Crash,12/16/2019 05:23:00 PM,County,CENTURY BLVD,County,PINNACLE DR,,N/A,PEDESTRIAN,SINGLE VEHICLE,RAINING,WET,DARK LIGHTS ON,STOP SIGN,NONE DETECTED,NONE DETECTED,D291BCC2-2F2D-4EC0-9C06-68B67932A7DF,PEDESTRIAN,Cross/Enter at Intersection,NO IMPROPER ACTIONS,ON ROADWAY AT CROSSWALK,NO PED. SIGNAL,DARK CLOTHING,No,POSSIBLE INJURY,NONE,39.18250383,-77.26570667,"(39.18250383, -77.26570667)"
MCP3076002T,190060736,Montgomery County Police,Property Damage Crash,12/17/2019 12:41:00 PM,County,WAYNE AVE,County,FENTON ST,,N/A,PEDESTRIAN,SINGLE VEHICLE,CLOUDY,WET,DAYLIGHT,NO CONTROLS,NONE DETECTED,NONE DETECTED,7E04B6BB-DE30-43C8-8DA0-F27AFA9EF9CC,PEDESTRIAN,Cross/Enter not at Intersection,IN ROADWAY IMPROPERLY,OUTSIDE RIGHT OF WAY,NO PED. SIGNAL,DARK CLOTHING,Yes,NO APPARENT INJURY,NONE,38.99581021,-77.02368768,"(38.99581021, -77.02368768)"
MCP3109003G,190053471,Montgomery County Police,Property Damage Crash,11/06/2019 01:30:00 PM,,,,,DRIVEWAY AT 8120 GEORGIA AVE,,MACHINE OPERATOR/RIDER,STRAIGHT MOVEMENT ANGLE,CLEAR,,DAYLIGHT,NO CONTROLS,NONE DETECTED,NONE DETECTED,A9E7C80C-C0F0-4EC5-9600-47E117B9A6B4,MACHINE OPERATOR/RIDER,Walking/Cycling on Sidewalk,NO IMPROPER ACTIONS,SIDEWALK,NO PED. SIGNAL,DARK CLOTHING,No,NO APPARENT INJURY,NONE,38.99114467,-77.02677867,"(38.99114467, -77.02677867)"
MCP30220036,190060471,Montgomery County Police,Injury Crash,12/15/2019 05:47:00 PM,Maryland (State),RIDGE RD,County,BRINK RD,,N/A,BICYCLIST,OTHER,CLEAR,DRY,DARK LIGHTS ON,TRAFFIC SIGNAL,N/A,N/A,848DB32A-396F-4C75-8B68-8D966935E262,BICYCLIST,Cross/Enter at Intersection,NO IMPROPER ACTIONS,ON ROADWAY AT CROSSWALK,OBEYED PED. SIGNAL,DARK CLOTHING,No,SUSPECTED MINOR INJURY,MC/BIKE HELMET,39.21038167,-77.23994833,"(39.21038167, -77.23994833)"
MCP2674001K,190060477,Montgomery County Police,Injury Crash,12/15/2019 06:34:00 PM,,,,,PARKING LOT OF 21000 FREDERICK RD,,OTHER,SINGLE VEHICLE,CLEAR,,DARK LIGHTS ON,NO CONTROLS,NONE DETECTED,NONE DETECTED,E4D6DD1C-C24C-46D9-BF1A-3948E8E021A8,OTHER,Standing,N/A,INSIDE BUILDING,N/A,N/A,No,SUSPECTED MINOR INJURY,NONE,39.20059667,-77.24620833,"(39.20059667, -77.24620833)"
MCP2686003Y,190060319,Montgomery County Police,Injury Crash,12/14/2019 05:08:00 PM,Maryland (State),GERMANTOWN RD,County,WISTERIA DR,,N/A,PEDESTRIAN,SINGLE VEHICLE,RAINING,WET,DARK LIGHTS ON,TRAFFIC SIGNAL,NONE DETECTED,NONE DETECTED,2EA3BFC9-EEF2-4453-A0E8-A4DD699484E5,PEDESTRIAN,Cross/Enter at Intersection,NO IMPROPER ACTIONS,ON ROADWAY AT CROSSWALK,OBEYED PED. SIGNAL,DARK CLOTHING,No,SUSPECTED MINOR INJURY,NONE,39.17688167,-77.26978167,"(39.17688167, -77.26978167)"
MCP20080072,190059977,Montgomery County Police,Fatal Crash,12/12/2019 03:48:00 PM,County,MILLWOOD RD,County,TANGLEWOOD DR,,N/A,PEDESTRIAN,OTHER,CLEAR,DRY,DAYLIGHT,STOP SIGN,N/A,N/A,41A840A1-CE46-43CB-BFAB-E7250D8F4516,PEDESTRIAN,Approach/Leaving Schoolbus,UNKNOWN,ON ROADWAY NOT AT CROSSWALK,UNKNOWN,LIGHT CLOTHING,Unknown,FATAL INJURY,N/A,38.97675833,-77.11987167,"(38.97675833, -77.11987167)"
MCP3208000W,190060635,Montgomery County Police,Injury Crash,12/16/2019 05:42:00 PM,Maryland (State),PINEY BRANCH RD,County,FLOWER AVE,,N/A,PEDESTRIAN,HEAD ON LEFT TURN,RAINING,WET,DARK LIGHTS ON,TRAFFIC SIGNAL,N/A,N/A,826A0BE2-8A5B-45BB-9CB0-A9EC5CA09646,PEDESTRIAN,Cross/Enter at Intersection,UNKNOWN,ON ROADWAY AT CROSSWALK,UNKNOWN,MIXED CLOTHING,Unknown,POSSIBLE INJURY,N/A,38.9982278,-77.00355235,"(38.9982278, -77.00355235)"
MCP3034003W,190060536,Montgomery County Police,Injury Crash,12/16/2019 08:26:00 AM,Maryland (State),WISCONSIN AVE,County,WISCONSIN CIR,,N/A,PEDESTRIAN,N/A,RAINING,WET,DAYLIGHT,TRAFFIC SIGNAL,NONE DETECTED,NONE DETECTED,109F257D-98E7-404F-84E4-381A92D3BD73,PEDESTRIAN,Cross/Enter at Intersection,NO IMPROPER ACTIONS,ON ROADWAY AT CROSSWALK,OBEYED PED. SIGNAL,DARK CLOTHING,No,POSSIBLE INJURY,NONE,38.96203833,-77.086235,"(38.96203833, -77.086235)"
DM84580027,180051834,Takoma Park Police Depart,Injury Crash,10/16/2018 04:20:00 PM,Municipality,MAPLE AVE,Government,SLIGO CREEK PKWY,,N/A,BICYCLIST,OTHER,CLEAR,DRY,DAYLIGHT,STOP SIGN,NONE DETECTED,NONE DETECTED,D33465FA-EE2D-4C16-A0DC-57D5164A5897,BICYCLIST,Cross/Enter at Intersection,NO IMPROPER ACTIONS,ON ROADWAY AT CROSSWALK,OTHER,LIGHT CLOTHING,No,SUSPECTED MINOR INJURY,MC/BIKE HELMET,38.98616333,-77.00342667,"(38.98616333, -77.00342667)"
DM8456000F,17015267,Takoma Park Police Depart,Injury Crash,03/25/2017 03:30:00 PM,Municipality,BOYD AVE,Municipality,JACKSON AVE,,TAKOMA PARK,BICYCLIST,N/A,CLEAR,DRY,DAYLIGHT,NO CONTROLS,NONE DETECTED,NONE DETECTED,1A4A86B8-8FDE-4AC3-98FC-6B87D0B9CB5A,BICYCLIST,Walking/Riding w/Traffic,NO IMPROPER ACTIONS,ON ROADWAY NOT AT CROSSWALK,NO PED. SIGNAL,LIGHT CLOTHING,Unknown,SUSPECTED MINOR INJURY,MC/BIKE HELMET,38.97849167,-77.001665,"(38.97849167, -77.001665)"
DM83390013,180002657,Takoma Park Police Depart,Injury Crash,01/17/2018 09:33:00 AM,,,,,PARKING LOT OF 7676 NEW HAMPSHIRE AVE,,PEDESTRIAN,OTHER,CLOUDY,,DAYLIGHT,NO CONTROLS,NONE DETECTED,NONE DETECTED,68376CD2-980B-4267-94CB-DEBCB914D5D2,PEDESTRIAN,Getting off/on Vehicle,ENTERING EXITING PARKED STANDING VEHICLE,N/A,NO PED. SIGNAL,MIXED CLOTHING,Unknown,POSSIBLE INJURY,N/A,38.98684667,-76.98909333,"(38.98684667, -76.98909333)"
DM8456001L,180010667,Takoma Park Police Depart,Injury Crash,03/01/2018 06:30:00 PM,,,,,1300 HOLTON LN (PARKING LOT),,PEDESTRIAN,SINGLE VEHICLE,RAINING,,DUSK,NO CONTROLS,N/A,NONE DETECTED,CDC6C6A5-8810-4A0E-A1CB-E842E24A772A,PEDESTRIAN,Other,NO IMPROPER ACTIONS,OTHER,NO PED. SIGNAL,DARK CLOTHING,No,SUSPECTED MINOR INJURY,NONE,38.98627833,-76.98751833,"(38.98627833, -76.98751833)"
DM84370014,16057279,Takoma Park Police Depart,Injury Crash,11/06/2016 04:40:00 PM,,,,,"PARKING LOT OF 7633 NEW HAMPSHIRE AVE, TAKOMA PARK, MD 20912",,PEDESTRIAN,OTHER,CLEAR,,DAYLIGHT,NO CONTROLS,NONE DETECTED,NONE DETECTED,5370CFA3-D9DB-4FBC-B602-89FA6D4AE7E3,PEDESTRIAN,Other,NO IMPROPER ACTIONS,OTHER,NO PED. SIGNAL,DARK CLOTHING,No,SUSPECTED SERIOUS INJURY,N/A,38.98847333,-77.00094167,"(38.98847333, -77.00094167)"
DM8463000D,170544608,Takoma Park Police Depart,Injury Crash,11/24/2017 09:13:00 AM,Maryland (State),PHILADELPHIA AVE,Municipality,HOLLY AVE,,TAKOMA PARK,PEDESTRIAN,N/A,CLEAR,DRY,DAYLIGHT,STOP SIGN,N/A,N/A,539BA0A8-51C4-49E7-AB15-93F6069F727A,PEDESTRIAN,Cross/Enter at Intersection,UNKNOWN,ON ROADWAY AT CROSSWALK,N/A,LIGHT CLOTHING,No,SUSPECTED MINOR INJURY,N/A,38.98226167,-77.01355833,"(38.98226167, -77.01355833)"
DM8338000T,17011376,Takoma Park Police Depart,Injury Crash,03/03/2017 07:58:00 PM,Maryland (State),PINEY BRANCH RD,Municipality,TAKOMA AVE,,TAKOMA PARK,PEDESTRIAN,OTHER,N/A,DRY,DARK LIGHTS ON,NO CONTROLS,N/A,UNKNOWN,690A19BD-6171-4AD8-9200-C4272D6C45A2,PEDESTRIAN,Other,OTHER,ON ROADWAY NOT AT CROSSWALK,N/A,UNKNOWN,Yes,SUSPECTED SERIOUS INJURY,N/A,38.98000694,-77.01715887,"(38.98000694, -77.01715887)"
MCP3161001G,190037723,Montgomery County Police,Injury Crash,08/07/2019 09:00:00 PM,Maryland (State),ROCKVILLE PIKE,County,JONES BRIDGE RD,,N/A,PEDESTRIAN,OTHER,CLEAR,DRY,DARK LIGHTS ON,TRAFFIC SIGNAL,NONE DETECTED,NONE DETECTED,35F18426-41CE-4E50-9BFC-8661C46DE248,PEDESTRIAN,Cross/Enter at Intersection,UNKNOWN,ON ROADWAY AT CROSSWALK,UNKNOWN,DARK CLOTHING,No,SUSPECTED MINOR INJURY,NONE,38.99685167,-77.09608167,"(38.99685167, -77.09608167)"
MCP2850000M,15009433,Montgomery County Police,Injury Crash,02/27/2015 12:26:00 PM,,,,,driveway/garage of 1957 middlebridge dr,,PEDESTRIAN,SINGLE VEHICLE,CLEAR,,DAYLIGHT,N/A,N/A,N/A,419A77B3-A30F-42EF-A7BA-3C623F6FF63C,PEDESTRIAN,Standing,NO IMPROPER ACTIONS,INSIDE BUILDING,N/A,N/A,,SUSPECTED MINOR INJURY,N/A,39.07400333,-77.04074167,"(39.07400333, -77.04074167)"
DM8339000J,16044435,Takoma Park Police Depart,Injury Crash,08/31/2016 01:55:00 PM,Maryland (State),UNIVERSITY BLVD,Unknown,ENT TO BUSINESS,,N/A,PEDESTRIAN,SINGLE VEHICLE,CLEAR,DRY,DAYLIGHT,TRAFFIC SIGNAL,NONE DETECTED,NONE DETECTED,3CAC4982-4C1F-457F-8EE2-514274909C68,PEDESTRIAN,Cross/Enter not at Intersection,IN ROADWAY IMPROPERLY,ON ROADWAY NOT AT CROSSWALK,NO PED. SIGNAL,MIXED CLOTHING,Yes,SUSPECTED MINOR INJURY,N/A,38.99062116,-76.98955894,"(38.99062116, -76.98955894)"
MCP31740013,190037174,Montgomery County Police,Injury Crash,08/04/2019 09:16:00 PM,,,,,PARKING LOT OF 18250 FLOWER HILL WAY,,PEDESTRIAN,SINGLE VEHICLE,CLEAR,,DARK LIGHTS ON,N/A,NONE DETECTED,NONE DETECTED,115387EB-77CF-434B-9BB1-FCA04ED6C860,PEDESTRIAN,Other,INATTENTIVE,OTHER,N/A,LIGHT CLOTHING,Unknown,SUSPECTED MINOR INJURY,NONE,39.15565167,-77.16581,"(39.15565167, -77.16581)"
DM83360010,170518092,Takoma Park Police Depart,Injury Crash,07/09/2017 02:47:00 AM,County,MERRIMAC DR,Maryland (State),UNIVERSITY BLVD E,,N/A,PEDESTRIAN,OTHER,CLEAR,DRY,DARK LIGHTS ON,N/A,,ALCOHOL PRESENT,85673EDF-27DC-49E6-97C8-DE527E735354,PEDESTRIAN,Other,OTHER,OTHER,NO PED. SIGNAL,MIXED CLOTHING,Yes,POSSIBLE INJURY,N/A,38.99255995,-76.99145928,"(38.99255995, -76.99145928)"
DM83360021,180057890,Takoma Park Police Depart,Injury Crash,11/18/2018 06:22:00 PM,Maryland (State),CARROLL AVE,Maryland (State),FLOWER AVE,,N/A,PEDESTRIAN,OTHER,CLOUDY,DRY,DARK LIGHTS ON,TRAFFIC SIGNAL,N/A,N/A,60F5E416-85D4-4B11-8B48-5821C492F648,PEDESTRIAN,Cross/Enter at Intersection,NO IMPROPER ACTIONS,ON ROADWAY AT CROSSWALK,OBEYED PED. SIGNAL,OTHER,No,POSSIBLE INJURY,N/A,38.98479211,-76.99848412,"(38.98479211, -76.99848412)"
DM8434001S,190010565,Takoma Park Police Depart,Injury Crash,03/07/2019 04:13:00 AM,Maryland (State),PINEY BRANCH RD,Maryland (State),PHILADELPHIA AVE,,N/A,OTHER,SINGLE VEHICLE,CLEAR,DRY,DARK LIGHTS ON,PERSON,UNKNOWN,N/A,67E506EE-B483-45E3-B3A6-F36749345583,OTHER,Standing,NO IMPROPER ACTIONS,ON ROADWAY NOT AT CROSSWALK,OTHER,REFLECTIVE MATERIAL,No,POSSIBLE INJURY,REFLECTIVE CLOTHING,38.98354667,-77.01549167,"(38.98354667, -77.01549167)"
DM84470016,16056965,Takoma Park Police Depart,Injury Crash,11/04/2016 07:40:00 PM,Maryland (State),NEW HAMPSHIRE AVE,Municipality,HOLTON LA,,TAKOMA PARK,PEDESTRIAN,SINGLE VEHICLE,CLEAR,DRY,DARK LIGHTS ON,TRAFFIC SIGNAL,NONE DETECTED,NONE DETECTED,4222D904-8AF2-4B72-A3CA-7FA7B8873C29,PEDESTRIAN,Cross/Enter at Intersection,FAILURE TO OBEY TRAFFIC SIGNS SIGNALS OR OFFICER,ON ROADWAY NOT AT CROSSWALK,DISOBEYED PED. SIGNAL,DARK CLOTHING,Yes,POSSIBLE INJURY,NONE,38.985899,-76.988181,"(38.985899, -76.988181)"
DM8388002B,180042044,Takoma Park Police Depart,Injury Crash,08/23/2018 04:40:00 PM,,,,,SIDEWALK IN FRONT OF 7419 MAPLE AVE.,,BICYCLIST,SAME DIRECTION RIGHT TURN,CLEAR,,DAYLIGHT,NO CONTROLS,NONE DETECTED,NONE DETECTED,1EA67743-1D55-48D5-92C9-3F13D4C44741,BICYCLIST,Walking/Cycling on Sidewalk,OTHER,SIDEWALK,N/A,DARK CLOTHING,Yes,POSSIBLE INJURY,NONE,38.98045138,-77.01085419,"(38.98045138, -77.01085419)"
DM8453000C,15030651,Takoma Park Police Depart,Injury Crash,06/23/2015 03:54:00 PM,,,,,Entrance of Parking Lot,,BICYCLIST,HEAD ON,CLEAR,,DAYLIGHT,NO CONTROLS,NONE DETECTED,NONE DETECTED,AF3148B9-D69D-4824-A1CB-8B415C4250F0,BICYCLIST,Walking/Cycling on Sidewalk,FAILURE TO YIELD RIGHT OF WAY,SIDEWALK,N/A,MIXED CLOTHING,,SUSPECTED MINOR INJURY,N/A,38.98126317,-77.01094151,"(38.98126317, -77.01094151)"
DM8434001P,190005950,Takoma Park Police Depart,Injury Crash,02/06/2019 05:50:00 PM,Municipality,PHILADELPHIA AVE,Municipality,CEDAR AVE,,TAKOMA PARK,PEDESTRIAN,SINGLE VEHICLE,RAINING,WET,DARK LIGHTS ON,N/A,NONE DETECTED,NONE DETECTED,76C8DCA2-F4C2-403D-A339-A1F60EAD1ABA,PEDESTRIAN,Cross/Enter at Intersection,DART DASH,ON ROADWAY AT CROSSWALK,NO PED. SIGNAL,MIXED CLOTHING,No,SUSPECTED SERIOUS INJURY,REFLECTIVE CLOTHING,38.927975,-77.01557667,"(38.927975, -77.01557667)"
DM8374000Q,16023271,Takoma Park Police Depart,Injury Crash,05/10/2016 08:19:00 PM,Municipality,MAPLE AVE,Maryland (State),PHILADELPHIA AVE,,N/A,PEDESTRIAN,OTHER,CLOUDY,DRY,DARK LIGHTS ON,TRAFFIC SIGNAL,N/A,N/A,36CD0868-4E7C-4A49-B677-0957FDFDC313,PEDESTRIAN,Cross/Enter at Intersection,UNKNOWN,ON ROADWAY AT CROSSWALK,OBEYED PED. SIGNAL,DARK CLOTHING,No,SUSPECTED MINOR INJURY,N/A,38.981335,-77.01154,"(38.981335, -77.01154)"
DM8463000L,180009268,Takoma Park Police Depart,Injury Crash,02/22/2018 03:18:00 PM,,,,,"PARKING LOT OF 6300 NEW HAMPSHIRE AVE, TAKOMA PARK, MD 20912",,PEDESTRIAN,SINGLE VEHICLE,RAINING,,DAYLIGHT,N/A,UNKNOWN,N/A,25AC5FF6-7020-4665-B6E0-1589CEBCE5FD,PEDESTRIAN,Standing,OTHER,OTHER,N/A,DARK CLOTHING,No,SUSPECTED SERIOUS INJURY,N/A,38.96627446,-77.00259447,"(38.96627446, -77.00259447)"
DM83860014,180043329,Takoma Park Police Depart,Injury Crash,08/30/2018 07:15:00 PM,Municipality,MAPLE AVE,Municipality,LINCOLN AVE,,TAKOMA PARK,BICYCLIST,SAME DIRECTION LEFT TURN,CLEAR,DRY,DAWN,NO CONTROLS,NONE DETECTED,NONE DETECTED,A63D5700-F3DD-42B8-B9A8-4CF8C1086878,BICYCLIST,Cross/Enter not at Intersection,NOT VISIBLE,SIDEWALK,NO PED. SIGNAL,MIXED CLOTHING,No,SUSPECTED SERIOUS INJURY,NONE,38.98424833,-77.004625,"(38.98424833, -77.004625)"
HA2396000M,19002151,Maryland-National Capital,Injury Crash,08/12/2019 07:15:00 PM,Government,LITTLE FALLS PKWY,County,ARLINGTON RD,,N/A,PEDESTRIAN,STRAIGHT MOVEMENT ANGLE,CLEAR,DRY,DAYLIGHT,OTHER,NONE DETECTED,N/A,82BCA960-E6D2-4F60-97CE-1698FB447DBF,PEDESTRIAN,Cross/Enter at Intersection,NO IMPROPER ACTIONS,ON ROADWAY AT CROSSWALK,NO PED. SIGNAL,MIXED CLOTHING,Unknown,SUSPECTED MINOR INJURY,N/A,38.9733951,-77.1012186,"(38.9733951, -77.1012186)"
DM8456001Z,180031791,Takoma Park Police Depart,Injury Crash,06/28/2018 08:30:00 AM,,,,,1345 UNIVERSITY BLVD EAST TAKOMA PARK MD 20912,,PEDESTRIAN,OTHER,N/A,,DAYLIGHT,NO CONTROLS,NONE DETECTED,NONE DETECTED,ECB31E24-2713-488C-9CDC-663BE7F33D4B,PEDESTRIAN,Standing,NO IMPROPER ACTIONS,N/A,NO PED. SIGNAL,N/A,No,SUSPECTED MINOR INJURY,NONE,38.986505,-76.98552333,"(38.986505, -76.98552333)"
DM8450000C,15049110,TAKOMA,Property Damage Crash,09/28/2015 08:57:00 AM,Municipality,MAPLE AVE,Municipality,LEE AVE,,TAKOMA PARK,"BICYCLIST, PEDESTRIAN",OTHER,CLOUDY,DRY,DAYLIGHT,SCHOOL ZONE SIGN DEVICE,,NONE DETECTED,93AE9100-BABB-4D4D-A203-609338F919B6,BICYCLIST,Walking/Riding w/Traffic,FAILURE TO YIELD RIGHT OF WAY,AT INTERSECTION MARKED CROSSWALK,OTHER,DARK CLOTHING,Yes,NO APPARENT INJURY,NONE,38.979885,-77.007915,"(38.979885, -77.007915)"
DM83740015,17006921,Takoma Park Police Depart,Property Damage Crash,02/08/2017 04:16:00 PM,Maryland (State),NEW HAMPSHIRE AVE,Municipality,HOLTON LA,,TAKOMA PARK,PEDESTRIAN,OTHER,CLEAR,DRY,DAYLIGHT,TRAFFIC SIGNAL,UNKNOWN,N/A,04AC473C-BE38-4D96-9B38-3C1B2942A8CB,PEDESTRIAN,Cross/Enter at Intersection,N/A,ON ROADWAY AT CROSSWALK,OBEYED PED. SIGNAL,LIGHT CLOTHING,No,NO APPARENT INJURY,N/A,38.98581167,-76.98761333,"(38.98581167, -76.98761333)"
DM8457000R,170533675,Takoma Park Police Depart,Injury Crash,09/28/2017 04:56:00 PM,Municipality,GRANT AVE #2,Municipality,CHESTNUT AVE,,TAKOMA PARK,"BICYCLIST, PEDESTRIAN",SAME DIRECTION RIGHT TURN,CLEAR,DRY,DAYLIGHT,NO CONTROLS,NONE DETECTED,N/A,AC11B833-4B04-4312-8142-D56051E75D24,PEDESTRIAN,Walking/Riding w/Traffic,NO IMPROPER ACTIONS,SIDEWALK,NO PED. SIGNAL,MIXED CLOTHING,No,NO APPARENT INJURY,N/A,38.98447403,-77.01421246,"(38.98447403, -77.01421246)"
DM8439000Y,16002555,Takoma Park Police Depart,Injury Crash,01/14/2016 12:13:00 PM,,,,,7551 NEW HAMPSHIRE AVE CAR WASH PARKING LOT,,PEDESTRIAN,SAME DIR REAR END,CLEAR,,DAYLIGHT,N/A,N/A,N/A,02CA4CED-3EF0-44B8-B49F-B1E5E51D9F4D,PEDESTRIAN,Standing,OTHER,OTHER,N/A,MIXED CLOTHING,No,SUSPECTED MINOR INJURY,N/A,38.98579833,-76.987405,"(38.98579833, -76.987405)"
DM8423001V,180056807,Takoma Park Police Depart,Injury Crash,11/12/2018 06:00:00 PM,Municipality,FLOWER AVE,Maryland (State),FLOWER AVE (AHEAD),,N/A,PEDESTRIAN,N/A,RAINING,WET,DARK LIGHTS ON,STOP SIGN,NONE DETECTED,N/A,9A462FAF-9D5C-486D-B72F-8B9855552D02,PEDESTRIAN,Cross/Enter not at Intersection,UNKNOWN,ON ROADWAY NOT AT CROSSWALK,N/A,DARK CLOTHING,Unknown,SUSPECTED MINOR INJURY,N/A,38.98690833,-77.00008,"(38.98690833, -77.00008)"
DM83380008,15055214,TAKOMA,Injury Crash,10/30/2015 04:15:00 PM,Maryland (State),UNIVERSITY BLVD,Unknown,SPUR TO MD 650,,N/A,PEDESTRIAN,OTHER,N/A,DRY,DAYLIGHT,OTHER,UNKNOWN,N/A,4A057AC3-06E7-4952-83C9-A137950B0CAF,PEDESTRIAN,Cross/Enter at Intersection,NO IMPROPER ACTIONS,ON ROADWAY AT CROSSWALK,N/A,N/A,No,SUSPECTED MINOR INJURY,N/A,38.98902,-76.98776,"(38.98902, -76.98776)"