Report Number,Local Case Number,Agency Name,ACRS Report Type,Crash Date/Time,Route Type,Road Name,Cross-Street Type,Cross-Street Name,Off-Road Description,Municipality,Related Non-Motorist,Collision Type,Weather,Surface Condition,Light,Traffic Control,Driver Substance Abuse,Non-Motorist Substance Abuse,Person ID,Pedestrian Type,Pedestrian Movement,Pedestrian Actions,Pedestrian Location,Pedestrian Obeyed Traffic Signal,Pedestrian Visibility,At Fault,Injury Severity,Safety Equipment,Latitude,Longitude,Location
DM8437001N,170501100,Takoma Park Police Depart,Injury Crash,04/08/2017 03:05:00 PM,Municipality,MAPLE AVE,Government,SLIGO CREEK PKWY,,N/A,BICYCLIST,OTHER,CLEAR,DRY,DAYLIGHT,TRAFFIC SIGNAL,NONE DETECTED,NONE DETECTED,A154A944-6CB5-4663-9577-95C7F7BBF746,BICYCLIST,Cross/Enter at Intersection,NO IMPROPER ACTIONS,ON ROADWAY AT CROSSWALK,OBEYED PED. SIGNAL,MIXED CLOTHING,No,POSSIBLE INJURY,MC/BIKE HELMET,38.98613361,-77.00365663,"(38.98613361, -77.00365663)"
DM8439003C,190037445,Takoma Park Police Depart,Injury Crash,08/06/2019 10:15:00 AM,,,,,900 MERRIMAC DR,,PEDESTRIAN,SINGLE VEHICLE,CLEAR,,DAYLIGHT,N/A,N/A,N/A,29760E4E-066F-4FB0-9E80-E0376A520518,PEDESTRIAN,Other,INATTENTIVE,OTHER,N/A,MIXED CLOTHING,Yes,POSSIBLE INJURY,NONE,38.99262833,-76.992025,"(38.99262833, -76.992025)"
MCP2674001C,190038509,Montgomery County Police,Injury Crash,08/12/2019 07:45:00 PM,,,,,PARKING LOT OF 12155 AMBER RIDGE CIR,,PEDESTRIAN,OTHER,CLEAR,,DAYLIGHT,NO CONTROLS,NONE DETECTED,NONE DETECTED,ED6450DB-1C70-4E51-A4C5-98E07DDB9833,PEDESTRIAN,Standing,N/A,OTHER,N/A,MIXED CLOTHING,No,POSSIBLE INJURY,NONE,39.19706648,-77.25143575,"(39.19706648, -77.25143575)"
DM8445001H,17515696,Takoma Park Police Depart,Injury Crash,06/25/2017 02:55:00 PM,,,,,"COLLISION OCCURRED WITHIN THE LOT OF 7551 NEW HAMPSHIRE AVE. TAKOMA PARK, MD - CAR WASH",,"OTHER, PEDESTRIAN",SINGLE VEHICLE,CLEAR,,DAYLIGHT,N/A,,N/A,52BCD66E-6F8F-4A72-A29E-F20BF7C956D3,PEDESTRIAN,Other,OTHER,OTHER,N/A,N/A,No,SUSPECTED MINOR INJURY,N/A,38.98556444,-76.98794156,"(38.98556444, -76.98794156)"
DM8270000C,170503423,Takoma Park Police Depart,Injury Crash,04/23/2017 06:01:00 PM,Maryland (State),ETHAN ALLEN AVE,Municipality,PRINCE GEORGES AVE,,TAKOMA PARK,PEDESTRIAN,OTHER,CLOUDY,WET,DAYLIGHT,N/A,NONE DETECTED,NONE DETECTED,62F981C6-1B80-41FE-A578-BBF867DDC83A,PEDESTRIAN,Cross/Enter not at Intersection,IN ROADWAY IMPROPERLY,ON ROADWAY NOT AT CROSSWALK,NO PED. SIGNAL,LIGHT CLOTHING,Unknown,SUSPECTED SERIOUS INJURY,N/A,38.97713471,-76.99922562,"(38.97713471, -76.99922562)"
DM8450000C,15049110,TAKOMA,Property Damage Crash,09/28/2015 08:57:00 AM,Municipality,MAPLE AVE,Municipality,LEE AVE,,TAKOMA PARK,"BICYCLIST, PEDESTRIAN",OTHER,CLOUDY,DRY,DAYLIGHT,SCHOOL ZONE SIGN DEVICE,,NONE DETECTED,1CB2D94E-FD34-4663-B1C1-326D5DCBFD25,PEDESTRIAN,Walking to/from school,NO IMPROPER ACTIONS,AT INTERSECTION MARKED CROSSWALK,NO PED. SIGNAL,LIGHT CLOTHING,No,NO APPARENT INJURY,N/A,38.979885,-77.007915,"(38.979885, -77.007915)"
MCP15950012,190038224,Montgomery County Police,Injury Crash,08/10/2019 09:44:00 PM,Maryland (State),GEORGIA AVE,County,WINDHAM LA,,N/A,PEDESTRIAN,OTHER,CLEAR,DRY,DARK LIGHTS ON,TRAFFIC SIGNAL,NONE DETECTED,ALCOHOL PRESENT,8861AD94-769A-472F-8FA1-4978F87C652F,PEDESTRIAN,Cross/Enter at Intersection,INATTENTIVE,ON ROADWAY AT CROSSWALK,DISOBEYED PED. SIGNAL,MIXED CLOTHING,Yes,SUSPECTED SERIOUS INJURY,NONE,39.03193789,-77.04824427,"(39.03193789, -77.04824427)"
DM8388002P,180062956,Takoma Park Police Depart,Injury Crash,12/17/2018 01:37:00 PM,,,,,PARKING LOT 1100 UNIVERSITY BLVD,,PEDESTRIAN,N/A,CLEAR,,DAYLIGHT,NO CONTROLS,NONE DETECTED,NONE DETECTED,BF1CB116-39F2-4829-BA8B-7C69246CBD4D,PEDESTRIAN,Cross/Enter not at Intersection,NO IMPROPER ACTIONS,OTHER,NO PED. SIGNAL,MIXED CLOTHING,No,SUSPECTED MINOR INJURY,N/A,39.07586847,-77.11114121,"(39.07586847, -77.11114121)"
DM8374000R,16027657,Takoma Park Police Depart,Injury Crash,06/02/2016 06:25:00 PM,Maryland (State),ETHAN ALLEN AVE,Municipality,ELM AVE,,TAKOMA PARK,BICYCLIST,HEAD ON LEFT TURN,CLEAR,DRY,DAYLIGHT,NO CONTROLS,N/A,N/A,493B6BD6-349A-4D8E-B10B-FB9C56F1C5A3,BICYCLIST,Walking/Riding w/Traffic,NO IMPROPER ACTIONS,ON ROADWAY NOT AT CROSSWALK,N/A,LIGHT CLOTHING,No,SUSPECTED MINOR INJURY,NONE,38.97596,-76.99699833,"(38.97596, -76.99699833)"
DM8447000H,15013384,Takoma Park Police Depart,Injury Crash,03/23/2015 03:40:00 PM,,,,,"Parking lot of 7676 New Hampshire Ave
Takoma Park MD 20912",,PEDESTRIAN,SINGLE VEHICLE,CLEAR,,DAYLIGHT,NO CONTROLS,NONE DETECTED,N/A,ABEC3CF9-E38A-47CD-B19A-467FC07170BD,PEDESTRIAN,Cross/Enter not at Intersection,NOT VISIBLE,OTHER,NO PED. SIGNAL,N/A,,SUSPECTED MINOR INJURY,N/A,38.988001,-76.987934,"(38.988001, -76.987934)"
DM83520001,180001817,Takoma Park Police Depart,Property Damage Crash,01/12/2018 09:45:00 AM,Municipality,HOLLY AVE,Municipality,DARWIN AVE,,TAKOMA PARK,PEDESTRIAN,SINGLE VEHICLE,RAINING,WET,DAYLIGHT,NO CONTROLS,NONE DETECTED,NONE DETECTED,7E4F8011-9690-4305-B9D5-341724F2990F,PEDESTRIAN,Standing,NOT VISIBLE,SHOULDER,N/A,OTHER,No,NO APPARENT INJURY,N/A,38.981464,-77.014067,"(38.981464, -77.014067)"
DM8445001H,17515696,Takoma Park Police Depart,Injury Crash,06/25/2017 02:55:00 PM,,,,,"COLLISION OCCURRED WITHIN THE LOT OF 7551 NEW HAMPSHIRE AVE. TAKOMA PARK, MD - CAR WASH",,"OTHER, PEDESTRIAN",SINGLE VEHICLE,CLEAR,,DAYLIGHT,N/A,,N/A,856065A4-3FBA-4C8A-B73E-B5216814FAC0,OTHER,N/A,OTHER,N/A,N/A,N/A,Yes,NO APPARENT INJURY,N/A,38.98556444,-76.98794156,"(38.98556444, -76.98794156)"
MCP3076002G,190038283,Montgomery County Police,Injury Crash,08/11/2019 11:16:00 AM,County,WAYNE AVE,County,DARTMOUTH AVE,,N/A,BICYCLIST,HEAD ON LEFT TURN,CLEAR,DRY,DAYLIGHT,NO CONTROLS,NONE DETECTED,NONE DETECTED,A2C7CB78-511C-4762-8327-57C9476901D9,BICYCLIST,Cross/Enter at Intersection,NO IMPROPER ACTIONS,ON ROADWAY AT CROSSWALK,NO PED. SIGNAL,MIXED CLOTHING,No,SUSPECTED MINOR INJURY,MC/BIKE HELMET,38.999279,-77.01825717,"(38.999279, -77.01825717)"
DM83880030,190026013,Takoma Park Police Depart,Injury Crash,05/31/2019 04:42:00 PM,,,,,PARKING LOT OF 1127 UNIVERSITY BLVD.,,PEDESTRIAN,OTHER,CLEAR,,DAYLIGHT,NO CONTROLS,NONE DETECTED,NONE DETECTED,1FC70D6B-90EB-489A-AFE9-1D8A9791B9A6,PEDESTRIAN,Playing,DART DASH,OTHER,NO PED. SIGNAL,MIXED CLOTHING,Yes,POSSIBLE INJURY,N/A,38.55400492,-79.18192616,"(38.55400492, -79.18192616)"
DM8434001Q,190007387,Takoma Park Police Depart,Injury Crash,02/15/2019 12:41:00 PM,,,,,"PARKING LOT WELLS FARGO
1175 UNIVERSITY BLVD E",,PEDESTRIAN,SINGLE VEHICLE,CLEAR,,DAYLIGHT,OTHER,NONE DETECTED,NONE DETECTED,70A2212E-6CBF-4F8B-831A-CBFE51197272,PEDESTRIAN,Other,UNKNOWN,ON ROADWAY AT CROSSWALK,OTHER,DARK CLOTHING,No,POSSIBLE INJURY,NONE,38.98933333,-76.98869833,"(38.98933333, -76.98869833)"
DM82660003,15025257,Takoma Park Police Depart,Injury Crash,05/26/2015 10:10:00 AM,Municipality,WILLOW AVE,Municipality,TULIP AVE,,TAKOMA PARK,BICYCLIST,HEAD ON LEFT TURN,CLEAR,DRY,DAYLIGHT,STOP SIGN,NONE DETECTED,N/A,09C2DBF3-6241-4338-A45F-A44A3C6E6CAF,BICYCLIST,Cross/Enter at Intersection,OTHER,AT INTERSECTION BUT NO CROSSWALK,OTHER,MIXED CLOTHING,,SUSPECTED MINOR INJURY,N/A,38.97624833,-77.01205167,"(38.97624833, -77.01205167)"
DM8434001N,190002928,Takoma Park Police Depart,Injury Crash,01/18/2019 05:01:00 PM,,,,,PARKING LOT,,PEDESTRIAN,SINGLE VEHICLE,CLEAR,,DARK LIGHTS ON,NO CONTROLS,N/A,NONE DETECTED,9100658A-C254-4DF5-9414-0B3225809DD6,PEDESTRIAN,Unknown,NO IMPROPER ACTIONS,OTHER,NO PED. SIGNAL,MIXED CLOTHING,No,POSSIBLE INJURY,NONE,38.98563,-77.00221667,"(38.98563, -77.00221667)"
DM8463000L,180009268,Takoma Park Police Depart,Injury Crash,02/22/2018 03:18:00 PM,,,,,"PARKING LOT OF 6300 NEW HAMPSHIRE AVE, TAKOMA PARK, MD 20912",,PEDESTRIAN,SINGLE VEHICLE,RAINING,,DAYLIGHT,N/A,UNKNOWN,N/A,C8346045-CF2B-469F-807E-94ADB11BB7AE,PEDESTRIAN,Standing,OTHER,OTHER,N/A,DARK CLOTHING,No,SUSPECTED SERIOUS INJURY,N/A,38.96627446,-77.00259447,"(38.96627446, -77.00259447)"
DM83780011,170543250,Takoma Park Police Depart,Injury Crash,11/16/2017 05:30:00 PM,Municipality,MAPLE AVE,Maryland (State),PHILADELPHIA AVE,,N/A,PEDESTRIAN,SINGLE VEHICLE,CLEAR,DRY,DARK LIGHTS ON,TRAFFIC SIGNAL,NONE DETECTED,NONE DETECTED,CDF53EF1-D6DC-4159-AE88-D1639C066824,PEDESTRIAN,Cross/Enter at Intersection,NOT VISIBLE,ON ROADWAY AT CROSSWALK,OBEYED PED. SIGNAL,LIGHT CLOTHING,Unknown,POSSIBLE INJURY,UNKNOWN,38.98111,-77.01016667,"(38.98111, -77.01016667)"
DM8430000Q,17015804,Takoma Park Police Depart,Injury Crash,03/28/2017 01:17:00 PM,Municipality,SHERIDAN ST,Maryland (State),NEW HAMPSHIRE AVE,,N/A,PEDESTRIAN,OTHER,CLEAR,N/A,DAYLIGHT,NO CONTROLS,UNKNOWN,NONE DETECTED,F20CE920-27D7-43F3-B497-A9B5DDE31ABF,PEDESTRIAN,Other,OTHER,N/A,NO PED. SIGNAL,MIXED CLOTHING,No,POSSIBLE INJURY,N/A,38.96673667,-77.00201833,"(38.96673667, -77.00201833)"
DM84230017,16063766,Takoma Park Police Depart,Injury Crash,12/12/2016 03:20:00 PM,Maryland (State),PHILADELPHIA AVE,Municipality,CHICAGO AVE,,TAKOMA PARK,PEDESTRIAN,OTHER,CLEAR,DRY,DAYLIGHT,NO CONTROLS,NONE DETECTED,NONE DETECTED,A3381A24-7657-43F1-9485-9E25874ECF92,PEDESTRIAN,Cross/Enter at Intersection,INATTENTIVE,AT INTERSECTION MARKED CROSSWALK,N/A,LIGHT CLOTHING,Unknown,SUSPECTED MINOR INJURY,N/A,38.98651333,-77.02152333,"(38.98651333, -77.02152333)"
DM8439001J,180005913,Takoma Park Police Depart,Injury Crash,02/03/2018 03:04:00 PM,,,,,"PARKING LOT 
7682 NEW HAMPSHIRE AVE",,PEDESTRIAN,OTHER,CLEAR,,DUSK,N/A,N/A,N/A,432B470F-EF21-42C0-B743-619905FDFDC1,PEDESTRIAN,Other,UNKNOWN,OTHER,NO PED. SIGNAL,DARK CLOTHING,No,POSSIBLE INJURY,N/A,38.98829833,-76.988165,"(38.98829833, -76.988165)"
DM8457000R,170533675,Takoma Park Police Depart,Injury Crash,09/28/2017 04:56:00 PM,Municipality,GRANT AVE #2,Municipality,CHESTNUT AVE,,TAKOMA PARK,"BICYCLIST, PEDESTRIAN",SAME DIRECTION RIGHT TURN,CLEAR,DRY,DAYLIGHT,NO CONTROLS,NONE DETECTED,NONE DETECTED,CB273999-5726-44C6-A8DA-081244AC4C30,BICYCLIST,Walking/Riding w/Traffic,NOT VISIBLE,ON ROADWAY NOT AT CROSSWALK,NO PED. SIGNAL,DARK CLOTHING,Unknown,SUSPECTED MINOR INJURY,MC/BIKE HELMET,38.98447403,-77.01421246,"(38.98447403, -77.01421246)"
MCP1094000T,190038544,Montgomery County Police,Injury Crash,08/13/2019 12:06:00 AM,,,,,IN PARKING LOT,,PEDESTRIAN,OTHER,CLEAR,,DARK LIGHTS ON,N/A,"ALCOHOL CONTRIBUTED, N/A",ALCOHOL PRESENT,25AD6D6C-4EC1-405D-80F5-215E3BFD4A5F,PEDESTRIAN,Other,INATTENTIVE,OTHER,N/A,N/A,Yes,SUSPECTED MINOR INJURY,N/A,39.14189614,-77.22310078,"(39.14189614, -77.22310078)"
DM8266000D,16035251,Takoma Park Police Depart,Injury Crash,07/12/2016 11:45:00 AM,Municipality,CHICAGO AVE,Maryland (State),PHILADELPHIA AVE,,N/A,PEDESTRIAN,OTHER,CLEAR,DRY,DAYLIGHT,N/A,N/A,NONE DETECTED,20DB5C92-002B-40D4-BB00-40B870456DB5,PEDESTRIAN,Cross/Enter not at Intersection,ENTERING EXITING PARKED STANDING VEHICLE,OTHER,NO PED. SIGNAL,DARK CLOTHING,Yes,SUSPECTED MINOR INJURY,N/A,38.98627167,-77.02176667,"(38.98627167, -77.02176667)"
DM83740019,17012288,Takoma Park Police Depart,Injury Crash,03/08/2017 07:57:00 PM,,,,,WALGREENS PARKING LOT,,PEDESTRIAN,OTHER,CLEAR,,DARK LIGHTS ON,N/A,N/A,N/A,DA5D8202-BFE7-4AA2-9C8C-9F784A37F4B6,PEDESTRIAN,Other,DART DASH,OTHER,N/A,LIGHT CLOTHING,Yes,POSSIBLE INJURY,N/A,38.98760333,-76.98608,"(38.98760333, -76.98608)"
DM8450000B,15048876,TAKOMA,Property Damage Crash,09/26/2015 03:05:00 PM,,,,,"Parking lot/entrance of 7609 New Hampshire Avenue, Takoma Park, Montgomery County Maryland.",,PEDESTRIAN,OTHER,CLOUDY,,DAYLIGHT,NO CONTROLS,NONE DETECTED,NONE DETECTED,BB77807A-603E-4089-A6C5-3C8F171F70D7,PEDESTRIAN,Playing,DART DASH,OTHER,NO PED. SIGNAL,N/A,Yes,NO APPARENT INJURY,NONE,38.99138167,-76.99416167,"(38.99138167, -76.99416167)"
DM8336001G,180000956,Takoma Park Police Depart,Property Damage Crash,01/07/2018 07:30:00 AM,Municipality,RITCHIE AVE,Municipality,MAPLE AVE,,TAKOMA PARK,OTHER,SINGLE VEHICLE,CLEAR,DRY,DAYLIGHT,N/A,NONE DETECTED,N/A,351D97BC-392B-4A74-982A-938DC1438D47,OTHER,Other,NO IMPROPER ACTIONS,SIDEWALK,N/A,N/A,No,NO APPARENT INJURY,N/A,38.98356833,-77.00642,"(38.98356833, -77.00642)"
DM8336000R,16019660,Takoma Park Police Depart,Injury Crash,04/21/2016 04:55:00 PM,Municipality,HOLTON LA,Municipality,JACKSON AVE,,TAKOMA PARK,PEDESTRIAN,OTHER,CLEAR,DRY,DAYLIGHT,N/A,NONE DETECTED,NONE DETECTED,4C64B792-A274-4F2E-870F-3BF817485E18,PEDESTRIAN,Standing,INATTENTIVE,N/A,N/A,UNKNOWN,Unknown,SUSPECTED MINOR INJURY,N/A,38.98579377,-76.99170068,"(38.98579377, -76.99170068)"
DM8207000F,15039378,TAKOMA,Injury Crash,08/07/2015 11:32:00 PM,Maryland (State),UNIVERSITY BLVD E,Unknown,PRINCE GEORGES CO/L,,N/A,PEDESTRIAN,SINGLE VEHICLE,CLEAR,DRY,DARK LIGHTS ON,NO CONTROLS,NONE DETECTED,ALCOHOL CONTRIBUTED,60A8DE91-863E-4535-934C-F0EEFDA36052,PEDESTRIAN,Cross/Enter not at Intersection,IN ROADWAY IMPROPERLY,ON ROADWAY NOT AT CROSSWALK,NO PED. SIGNAL,DARK CLOTHING,Yes,POSSIBLE INJURY,N/A,38.98825,-76.98681667,"(38.98825, -76.98681667)"
DM8451001K,180003504,Takoma Park Police Depart,Injury Crash,01/21/2018 05:35:00 PM,Maryland (State),PINEY BRANCH RD,Maryland (State),PHILADELPHIA AVE,,N/A,BICYCLIST,HEAD ON LEFT TURN,CLEAR,DRY,DUSK,TRAFFIC SIGNAL,ILLEGAL DRUG PRESENT,N/A,4C48BD67-8AB3-415F-ADA8-362EA285A052,BICYCLIST,Walking/Riding w/Traffic,NO IMPROPER ACTIONS,ON ROADWAY NOT AT CROSSWALK,N/A,MIXED CLOTHING,No,SUSPECTED SERIOUS INJURY,UNKNOWN,38.98332433,-77.01475383,"(38.98332433, -77.01475383)"
DM84370022,180064994,Takoma Park Police Depart,Injury Crash,12/29/2018 12:07:00 AM,Municipality,KIRKLYNN AVE,Municipality,HAMMOND AVE,,TAKOMA PARK,PEDESTRIAN,OTHER,CLEAR,WET,DARK LIGHTS ON,NO CONTROLS,UNKNOWN,NONE DETECTED,C5FE9C28-B8E4-47DA-B94D-8228A41888D5,PEDESTRIAN,Cross/Enter at Intersection,NO IMPROPER ACTIONS,ON ROADWAY NOT AT CROSSWALK,NO PED. SIGNAL,DARK CLOTHING,No,POSSIBLE INJURY,NONE,38.97810685,-77.01635761,"(38.97810685, -77.01635761)"
DM8423001S,180046427,Takoma Park Police Depart,Injury Crash,09/17/2018 10:30:00 AM,,,,,HOSPITAL PARKING LOT,,PEDESTRIAN,SINGLE VEHICLE,RAINING,,DAYLIGHT,NO CONTROLS,N/A,N/A,4CDDA846-2D6D-496F-89DA-0FE29F117706,PEDESTRIAN,Standing,OTHER,OTHER,N/A,MIXED CLOTHING,No,POSSIBLE INJURY,N/A,38.98473167,-76.999805,"(38.98473167, -76.999805)"
DM83520007,190037598,Takoma Park Police Depart,Injury Crash,08/07/2019 07:20:00 AM,Maryland (State),PHILADELPHIA AVE,Municipality,HOLLY AVE,,TAKOMA PARK,PEDESTRIAN,SINGLE VEHICLE,CLEAR,DRY,DAYLIGHT,STOP SIGN,N/A,N/A,93A2323A-36B9-45F4-B025-68BB41EE5222,PEDESTRIAN,Cross/Enter at Intersection,NO IMPROPER ACTIONS,AT INTERSECTION MARKED CROSSWALK,N/A,LIGHT CLOTHING,No,SUSPECTED MINOR INJURY,N/A,38.98217217,-77.0137995,"(38.98217217, -77.0137995)"
DM84210024,190028528,Takoma Park Police Depart,Injury Crash,06/14/2019 10:15:00 PM,,,,,"PARKING LOT OF THE 7/11, LOCATED AT 902 MERIMAC DRIVE",,PEDESTRIAN,SINGLE VEHICLE,CLEAR,,DARK LIGHTS ON,N/A,NONE DETECTED,NONE DETECTED,D9E74779-6954-4130-A07F-49509144A914,PEDESTRIAN,Standing,NO IMPROPER ACTIONS,SIDEWALK,N/A,MIXED CLOTHING,No,POSSIBLE INJURY,N/A,38.99270683,-76.9921405,"(38.99270683, -76.9921405)"
MCP2753004F,190037980,Montgomery County Police,Injury Crash,08/09/2019 12:38:00 PM,,,,,PARKING LOT OF 13781 CONNECTICUT AVE,,PEDESTRIAN,OTHER,CLEAR,,DAYLIGHT,NO CONTROLS,NONE DETECTED,NONE DETECTED,91441E91-F9BF-4938-97A2-E171C9AE16D3,PEDESTRIAN,Standing,NO IMPROPER ACTIONS,OTHER,N/A,MIXED CLOTHING,No,SUSPECTED MINOR INJURY,N/A,39.079755,-77.07929833,"(39.079755, -77.07929833)"
DM8339000J,16044435,Takoma Park Police Depart,Injury Crash,08/31/2016 01:55:00 PM,Maryland (State),UNIVERSITY BLVD,Unknown,ENT TO BUSINESS,,N/A,PEDESTRIAN,SINGLE VEHICLE,CLEAR,DRY,DAYLIGHT,TRAFFIC SIGNAL,NONE DETECTED,N/A,85C10D2B-81F6-48DA-94FE-18653F436D2E,PEDESTRIAN,Cross/Enter not at Intersection,IN ROADWAY IMPROPERLY,ON ROADWAY NOT AT CROSSWALK,NO PED. SIGNAL,UNKNOWN,No,SUSPECTED MINOR INJURY,N/A,38.99062116,-76.98955894,"(38.99062116, -76.98955894)"
DM8437000Y,16036778,Takoma Park Police Depart,Injury Crash,07/20/2016 06:20:00 PM,Maryland (State),UNIVERSITY BLVD E,Municipality,MERRIMAC DR,,TAKOMA PARK,PEDESTRIAN,OTHER,CLEAR,DRY,DAYLIGHT,TRAFFIC SIGNAL,NONE DETECTED,NONE DETECTED,07B1EC1C-4308-4B65-8B3E-83EACE51D570,PEDESTRIAN,Cross/Enter at Intersection,DART DASH,ON ROADWAY AT CROSSWALK,DISOBEYED PED. SIGNAL,LIGHT CLOTHING,Yes,SUSPECTED SERIOUS INJURY,NONE,38.98154833,-77.0095,"(38.98154833, -77.0095)"
DM8445001H,17515696,Takoma Park Police Depart,Injury Crash,06/25/2017 02:55:00 PM,,,,,"COLLISION OCCURRED WITHIN THE LOT OF 7551 NEW HAMPSHIRE AVE. TAKOMA PARK, MD - CAR WASH",,"OTHER, PEDESTRIAN",SINGLE VEHICLE,CLEAR,,DAYLIGHT,N/A,,N/A,489625C1-9A77-44F5-AF9B-A7D3DA981E3F,OTHER,Other,N/A,N/A,N/A,N/A,Unknown,NO APPARENT INJURY,N/A,38.98556444,-76.98794156,"(38.98556444, -76.98794156)"
DM8338000Y,170540342,Takoma Park Police Depart,Injury Crash,11/01/2017 11:12:00 PM,Maryland (State),CARROLL AVE,Municipality,PARK AVE,,TAKOMA PARK,OTHER,SINGLE VEHICLE,CLEAR,DRY,DARK LIGHTS ON,NO CONTROLS,ALCOHOL PRESENT,N/A,5B9BF69C-7176-4017-94EE-96A3F6194276,OTHER,N/A,N/A,N/A,N/A,N/A,No,NO APPARENT INJURY,N/A,38.97597119,-77.0089674,"(38.97597119, -77.0089674)"
MCP158000BV,190037842,Montgomery County Police,Injury Crash,08/08/2019 02:14:00 PM,,,,,"PARKING LOT AREA OF 19110 MONTGOMERY VILLAGE AVE.  (BEHIND CVS STORE)   MOTGOMERY VILLAGE, MD 20886",,PEDESTRIAN,OTHER,CLEAR,,DAYLIGHT,N/A,NONE DETECTED,NONE DETECTED,EF3903AC-B579-42A9-937A-6C2128FDED45,PEDESTRIAN,Other,OTHER,OTHER,N/A,MIXED CLOTHING,No,SUSPECTED MINOR INJURY,N/A,39.17058,-77.205095,"(39.17058, -77.205095)"
MCP11700020,170514217,Montgomery County Police,Injury Crash,06/17/2017 11:21:00 AM,,,,,13716 BRIGEWATER DRIVE,,PEDESTRIAN,SINGLE VEHICLE,CLEAR,,DAYLIGHT,N/A,UNKNOWN,NONE DETECTED,B435C8A3-45E1-4A3A-85E0-3F0AE5009D7F,PEDESTRIAN,Standing,OTHER,OTHER,OTHER,OTHER,No,SUSPECTED MINOR INJURY,N/A,39.08086528,-76.96707129,"(39.08086528, -76.96707129)"
DM83360023,180065347,Takoma Park Police Depart,Injury Crash,12/31/2018 02:21:00 PM,Municipality,RITCHIE AVE,Municipality,MAPLE AVE,,TAKOMA PARK,OTHER,OTHER,CLOUDY,DRY,DAYLIGHT,N/A,NONE DETECTED,N/A,AA26C537-4D37-4802-8946-46E5D21642AB,OTHER,Other,UNKNOWN,N/A,UNKNOWN,DARK CLOTHING,Unknown,NO APPARENT INJURY,N/A,38.98549667,-77.00757,"(38.98549667, -77.00757)"
DM8447000V,16015057,Takoma Park Police Depart,Injury Crash,03/27/2016 09:09:00 PM,Maryland (State),UNIVERSITY BLVD E,Municipality,MERRIMAC DR,,TAKOMA PARK,PEDESTRIAN,STRAIGHT MOVEMENT ANGLE,RAINING,WET,DARK LIGHTS ON,NO CONTROLS,NONE DETECTED,UNKNOWN,5441A21A-CD0E-47EF-BCFA-6D67B8B2FDF0,PEDESTRIAN,Cross/Enter not at Intersection,UNKNOWN,ON ROADWAY NOT AT CROSSWALK,NO PED. SIGNAL,MIXED CLOTHING,Yes,POSSIBLE INJURY,NONE,38.992718,-76.991393,"(38.992718, -76.991393)"
DM8463000L,180009268,Takoma Park Police Depart,Injury Crash,02/22/2018 03:18:00 PM,,,,,"PARKING LOT OF 6300 NEW HAMPSHIRE AVE, TAKOMA PARK, MD 20912",,PEDESTRIAN,SINGLE VEHICLE,RAINING,,DAYLIGHT,N/A,UNKNOWN,N/A,63F0D7A9-9EEC-47FC-B271-8A8ADD51072B,PEDESTRIAN,Standing,OTHER,OTHER,N/A,DARK CLOTHING,No,SUSPECTED SERIOUS INJURY,N/A,38.96627446,-77.00259447,"(38.96627446, -77.00259447)"
DM83390009,16000721,Takoma Park Police Depart,Injury Crash,01/05/2016 09:03:00 AM,Maryland (State),ETHAN ALLEN AVE,Unknown,ALLEY,,N/A,PEDESTRIAN,SAME DIRECTION RIGHT TURN,CLEAR,DRY,DAYLIGHT,NO CONTROLS,NONE DETECTED,NONE DETECTED,F8328DD1-5E75-4B01-B064-6A08DB52275E,PEDESTRIAN,Other,UNKNOWN,OTHER,NO PED. SIGNAL,DARK CLOTHING,No,SUSPECTED MINOR INJURY,N/A,38.97534167,-76.99543667,"(38.97534167, -76.99543667)"
DM8456001G,180004684,Takoma Park Police Depart,Injury Crash,01/27/2018 06:33:00 PM,Maryland (State),ETHAN ALLEN AVE,Municipality,ELM AVE,,TAKOMA PARK,BICYCLIST,SINGLE VEHICLE,CLEAR,DRY,DARK LIGHTS ON,STOP SIGN,NONE DETECTED,NONE DETECTED,C925E3F0-2465-4E5F-A4BE-380A1E821D96,BICYCLIST,Cross/Enter at Intersection,UNKNOWN,ON ROADWAY NOT AT CROSSWALK,OBEYED PED. SIGNAL,MIXED CLOTHING,Yes,SUSPECTED MINOR INJURY,NONE,38.98136,-77.01029333,"(38.98136, -77.01029333)"
DM8456000V,170514397,Takoma Park Police Depart,Injury Crash,06/18/2017 01:00:00 PM,Maryland (State),NEW HAMPSHIRE AVE,Maryland (State),UNIVERSITY BLVD,,N/A,PEDESTRIAN,N/A,CLEAR,DRY,DAYLIGHT,TRAFFIC SIGNAL,N/A,NONE DETECTED,FA0BCDC3-971A-4350-90F0-C687F2A519DE,PEDESTRIAN,Cross/Enter not at Intersection,DART DASH,ON ROADWAY NOT AT CROSSWALK,NO PED. SIGNAL,MIXED CLOTHING,Yes,POSSIBLE INJURY,NONE,38.98634,-76.98856167,"(38.98634, -76.98856167)"