Report Number,Local Case Number,Agency Name,ACRS Report Type,Crash Date/Time,Route Type,Road Name,Cross-Street Type,Cross-Street Name,Off-Road Description,Municipality,Related Non-Motorist,Collision Type,Weather,Surface Condition,Light,Traffic Control,Driver Substance Abuse,Non-Motorist Substance Abuse,Person ID,Pedestrian Type,Pedestrian Movement,Pedestrian Actions,Pedestrian Location,Pedestrian Obeyed Traffic Signal,Pedestrian Visibility,At Fault,Injury Severity,Safety Equipment,Latitude,Longitude,Location
DM8453000L,16052032,Takoma Park Police Depart,Injury Crash,10/10/2016 08:53:00 AM,Maryland (State),PHILADELPHIA AVE,Municipality,CHICAGO AVE,,TAKOMA PARK,PEDESTRIAN,OTHER,CLEAR,DRY,DAYLIGHT,N/A,NONE DETECTED,NONE DETECTED,AB8EF9FA-B6CE-44B5-A508-3A9F59997B1C,PEDESTRIAN,Cross/Enter at Intersection,UNKNOWN,AT INTERSECTION MARKED CROSSWALK,NO PED. SIGNAL,UNKNOWN,Unknown,SUSPECTED MINOR INJURY,N/A,38.98666317,-77.02147186,"(38.98666317, -77.02147186)"
DM8439001K,180008519,Takoma Park Police Depart,Injury Crash,02/18/2018 04:09:00 PM,Maryland (State),NEW HAMPSHIRE AVE,Municipality,HOLTON LA,,TAKOMA PARK,PEDESTRIAN,OTHER,CLEAR,DRY,DAYLIGHT,TRAFFIC SIGNAL,N/A,N/A,E7FE4403-D598-482A-9A73-E02B0CB10745,PEDESTRIAN,Cross/Enter at Intersection,NO IMPROPER ACTIONS,ON ROADWAY AT CROSSWALK,OBEYED PED. SIGNAL,LIGHT CLOTHING,No,POSSIBLE INJURY,N/A,38.98576833,-76.98817833,"(38.98576833, -76.98817833)"
DM8434001F,180026589,Takoma Park Police Depart,Injury Crash,05/30/2018 04:11:00 PM,,,,,1329 UNIVERSITY BLVD PARKING LOT,,PEDESTRIAN,SINGLE VEHICLE,CLEAR,,DAYLIGHT,TRAFFIC SIGNAL,NONE DETECTED,N/A,1647B396-8991-4635-BE15-542B072E516A,PEDESTRIAN,Cross/Enter at Intersection,N/A,AT INTERSECTION BUT NO CROSSWALK,NO PED. SIGNAL,LIGHT CLOTHING,No,POSSIBLE INJURY,NONE,38.987715,-76.98637667,"(38.987715, -76.98637667)"
DM8457000R,170533675,Takoma Park Police Depart,Injury Crash,09/28/2017 04:56:00 PM,Municipality,GRANT AVE #2,Municipality,CHESTNUT AVE,,TAKOMA PARK,"BICYCLIST, PEDESTRIAN",SAME DIRECTION RIGHT TURN,CLEAR,DRY,DAYLIGHT,NO CONTROLS,NONE DETECTED,N/A,A378C339-DE15-4FC2-BB49-0B9A80B095DF,PEDESTRIAN,Walking/Riding w/Traffic,NO IMPROPER ACTIONS,SIDEWALK,NO PED. SIGNAL,MIXED CLOTHING,No,SUSPECTED MINOR INJURY,N/A,38.98447403,-77.01421246,"(38.98447403, -77.01421246)"
MCP2411003L,190037883,Montgomery County Police,Injury Crash,08/08/2019 06:00:00 PM,Municipality,TWINBROOK PKWY,Municipality,MCAULIFFE DR,,ROCKVILLE,OTHER CONVEYANCE,STRAIGHT MOVEMENT ANGLE,CLEAR,DRY,DAYLIGHT,STOP SIGN,NONE DETECTED,NONE DETECTED,69944254-E773-4E06-8D7D-8AB32C56FA5D,OTHER CONVEYANCE,Cross/Enter at Intersection,NO IMPROPER ACTIONS,AT INTERSECTION BUT NO CROSSWALK,NO PED. SIGNAL,UNKNOWN,No,SUSPECTED MINOR INJURY,MC/BIKE HELMET,39.07446185,-77.11134739,"(39.07446185, -77.11134739)"
DM84030007,190025113,Takoma Park Police Depart,Injury Crash,05/26/2019 09:18:00 PM,Maryland (State),PINEY BRANCH RD,Maryland (State),PHILADELPHIA AVE,,N/A,BICYCLIST,HEAD ON LEFT TURN,CLEAR,DRY,DARK LIGHTS ON,TRAFFIC SIGNAL,NONE DETECTED,NONE DETECTED,293E1E7E-1B4E-4CD7-B0BB-DA86F434A55A,BICYCLIST,Walking/Riding w/Traffic,NOT VISIBLE,AT INTERSECTION BUT NO CROSSWALK,OTHER,DARK CLOTHING,No,SUSPECTED SERIOUS INJURY,MC/BIKE HELMET,38.9832622,-77.015505,"(38.9832622, -77.015505)"
DM8453000N,17006006,Takoma Park Police Depart,Injury Crash,02/03/2017 06:21:00 PM,Maryland (State),CARROLL AVE,Municipality,MANOR CIR,,TAKOMA PARK,PEDESTRIAN,OTHER,CLEAR,DRY,DARK LIGHTS ON,NO CONTROLS,NONE DETECTED,NONE DETECTED,C5A949BB-070A-461D-A7AB-160E5356B3B8,PEDESTRIAN,Cross/Enter not at Intersection,DART DASH,N/A,NO PED. SIGNAL,N/A,Yes,POSSIBLE INJURY,N/A,38.97959931,-77.00479656,"(38.97959931, -77.00479656)"
DM8338000Y,170540342,Takoma Park Police Depart,Injury Crash,11/01/2017 11:12:00 PM,Maryland (State),CARROLL AVE,Municipality,PARK AVE,,TAKOMA PARK,OTHER,SINGLE VEHICLE,CLEAR,DRY,DARK LIGHTS ON,NO CONTROLS,ALCOHOL PRESENT,N/A,A6D178E4-EBD3-4156-8C72-7E734A54BFCF,OTHER,N/A,N/A,INSIDE BUILDING,N/A,N/A,No,NO APPARENT INJURY,N/A,38.97597119,-77.0089674,"(38.97597119, -77.0089674)"
DM83390013,180002657,Takoma Park Police Depart,Injury Crash,01/17/2018 09:33:00 AM,,,,,PARKING LOT OF 7676 NEW HAMPSHIRE AVE,,PEDESTRIAN,OTHER,CLOUDY,,DAYLIGHT,NO CONTROLS,NONE DETECTED,N/A,F7B6235F-EE38-46E8-8318-ACE69119CF2F,PEDESTRIAN,Getting off/on Vehicle,ENTERING EXITING PARKED STANDING VEHICLE,N/A,NO PED. SIGNAL,MIXED CLOTHING,Unknown,POSSIBLE INJURY,N/A,38.98684667,-76.98909333,"(38.98684667, -76.98909333)"
DM8386000V,170518554,Takoma Park Police Depart,Injury Crash,07/11/2017 08:06:00 PM,Municipality,ROANOKE AVE,Municipality,HOUSTON AVE,,TAKOMA PARK,BICYCLIST,SAME DIRECTION SIDESWIPE,CLEAR,DRY,DAWN,N/A,NONE DETECTED,NONE DETECTED,EEF8BAE3-8779-4DAD-A9A2-BE5F15CC764C,BICYCLIST,Walking/Riding w/Traffic,N/A,ON ROADWAY NOT AT CROSSWALK,N/A,MIXED CLOTHING,No,SUSPECTED MINOR INJURY,NONE,38.99124346,-77.00353593,"(38.99124346, -77.00353593)"
DM83700009,16017058,Takoma Park Police Depart,Injury Crash,04/07/2016 09:47:00 AM,,,,,SCHOOL PARKING LOT,,PEDESTRIAN,OTHER,RAINING,,DARK LIGHTS ON,NO CONTROLS,,NONE DETECTED,66DB8A63-A1C6-4394-B2B3-11ED61E99D6B,PEDESTRIAN,Other,DART DASH,N/A,N/A,DARK CLOTHING,Unknown,SUSPECTED MINOR INJURY,N/A,38.98521833,-77.01335667,"(38.98521833, -77.01335667)"
DM84230014,16059447,Takoma Park Police Depart,Injury Crash,11/18/2016 04:15:00 PM,County,MERRIMAC DR,Maryland (State),UNIVERSITY BLVD E,,N/A,PEDESTRIAN,OTHER,CLEAR,DRY,DAYLIGHT,NO CONTROLS,N/A,N/A,4E64F5A3-AFD0-49C1-BDE1-2E04F126605D,PEDESTRIAN,Cross/Enter not at Intersection,INATTENTIVE,ON ROADWAY NOT AT CROSSWALK,N/A,N/A,Yes,SUSPECTED SERIOUS INJURY,N/A,38.99547333,-77.024265,"(38.99547333, -77.024265)"
DM84530018,180001530,Takoma Park Police Depart,Injury Crash,01/10/2018 05:28:00 PM,Maryland (State),PHILADELPHIA AVE,Municipality,CEDAR AVE,,TAKOMA PARK,PEDESTRIAN,OTHER,CLEAR,DRY,DARK LIGHTS ON,N/A,NONE DETECTED,NONE DETECTED,5DE3B58E-2342-40F5-B28E-41E8607699DB,PEDESTRIAN,Cross/Enter at Intersection,UNKNOWN,ON ROADWAY AT CROSSWALK,NO PED. SIGNAL,DARK CLOTHING,Unknown,SUSPECTED MINOR INJURY,N/A,38.9811485,-77.01110378,"(38.9811485, -77.01110378)"
DD5637000V,190061547,Rockville Police Departme,Property Damage Crash,12/21/2019 05:55:00 PM,Municipality,FIRST ST,Municipality,LINCOLN ST,,ROCKVILLE,BICYCLIST,OTHER,CLEAR,DRY,DARK LIGHTS ON,STOP SIGN,NONE DETECTED,NONE DETECTED,DEA5191A-6778-42E9-9D8D-8BA06C355C98,BICYCLIST,Cross/Enter at Intersection,UNKNOWN,ON ROADWAY AT CROSSWALK,NO PED. SIGNAL,DARK CLOTHING,Unknown,NO APPARENT INJURY,MC/BIKE HELMET,39.09017783,-77.13585517,"(39.09017783, -77.13585517)"
MCP2607004V,190060982,Montgomery County Police,Injury Crash,12/18/2019 03:40:00 PM,County,S WESTLAND DR,Maryland (State),FREDERICK RD,,N/A,PEDESTRIAN,OTHER,CLEAR,DRY,DAYLIGHT,TRAFFIC SIGNAL,NONE DETECTED,NONE DETECTED,EE07B257-C6C5-4DBE-B370-6BB460DB86F7,PEDESTRIAN,Cross/Enter at Intersection,NO IMPROPER ACTIONS,AT INTERSECTION MARKED CROSSWALK,OBEYED PED. SIGNAL,MIXED CLOTHING,No,POSSIBLE INJURY,N/A,39.12595648,-77.18291136,"(39.12595648, -77.18291136)"
MCP2951002D,170522394,Montgomery County Police,Injury Crash,08/01/2017 08:45:00 PM,,LEISURE WORLD  BLVD,,TWIN BRANCHES DR,,N/A,PEDESTRIAN,OTHER,N/A,N/A,DARK LIGHTS ON,NO CONTROLS,NONE DETECTED,NONE DETECTED,CDF84BF1-48F5-4519-8563-C8ACBFCF4B53,PEDESTRIAN,Cross/Enter at Intersection,NO IMPROPER ACTIONS,ON ROADWAY AT CROSSWALK,OBEYED PED. SIGNAL,UNKNOWN,No,POSSIBLE INJURY,NONE,39.10769717,-77.072951,"(39.10769717, -77.072951)"
MCP2134002G,190061955,Montgomery County Police,Injury Crash,12/24/2019 02:50:00 PM,,,,,PARKING LOT OF 13490 NEW HAMPSHIRE AVE,,PEDESTRIAN,OTHER,CLEAR,,DAYLIGHT,N/A,N/A,N/A,51AE4719-D296-4EE4-9FBB-AD5C9F02AAD6,PEDESTRIAN,Cross/Enter at Intersection,NO IMPROPER ACTIONS,ON ROADWAY AT CROSSWALK,N/A,MIXED CLOTHING,No,POSSIBLE INJURY,N/A,39.07680433,-77.00352593,"(39.07680433, -77.00352593)"
MCP2347002H,190061641,Montgomery County Police,Injury Crash,12/22/2019 01:41:00 PM,,,,,2144 INDUSTRIAL PARKWAY PARKING LOT,,PEDESTRIAN,N/A,CLEAR,,DAYLIGHT,NO CONTROLS,NONE DETECTED,NONE DETECTED,5BB59111-847D-47F3-A95D-8446AF54C93A,PEDESTRIAN,Other,OTHER,OTHER,NO PED. SIGNAL,N/A,No,SUSPECTED MINOR INJURY,NONE,39.054455,-76.96905333,"(39.054455, -76.96905333)"
MCP94190029,190061790,Montgomery County Police,Injury Crash,12/23/2019 01:54:00 PM,County,E JEFFERSON ST,Unknown,CALIFORNIA CIR,,N/A,PEDESTRIAN,OTHER,CLEAR,DRY,DAYLIGHT,NO CONTROLS,NONE DETECTED,UNKNOWN,556C4827-9041-4469-A8DC-BE25DE72CC8B,PEDESTRIAN,Cross/Enter not at Intersection,IN ROADWAY IMPROPERLY,ON ROADWAY NOT AT CROSSWALK,NO PED. SIGNAL,DARK CLOTHING,Yes,SUSPECTED SERIOUS INJURY,NONE,39.05679833,-77.12618667,"(39.05679833, -77.12618667)"
MCP3076002W,190061138,Montgomery County Police,Injury Crash,12/19/2019 12:55:00 PM,County,FENTON ST,County,CAMERON ST,,N/A,PEDESTRIAN,HEAD ON LEFT TURN,CLEAR,DRY,DAYLIGHT,TRAFFIC SIGNAL,NONE DETECTED,NONE DETECTED,BCDA76E7-1A62-43D4-9FFD-7221D52A91D2,PEDESTRIAN,Cross/Enter at Intersection,NO IMPROPER ACTIONS,ON ROADWAY AT CROSSWALK,OBEYED PED. SIGNAL,MIXED CLOTHING,No,SUSPECTED MINOR INJURY,NONE,38.99839992,-77.02878186,"(38.99839992, -77.02878186)"
MCP2054000K,190058955,Montgomery County Police,Injury Crash,12/06/2019 09:15:00 PM,Maryland (State),16TH ST,Maryland (State),EAST WEST HWY,,N/A,PEDESTRIAN,STRAIGHT MOVEMENT ANGLE,CLEAR,DRY,DARK LIGHTS ON,TRAFFIC SIGNAL,UNKNOWN,NONE DETECTED,2FD4974C-DC42-44DB-8FED-EC3C88493B23,PEDESTRIAN,Cross/Enter at Intersection,NO IMPROPER ACTIONS,AT INTERSECTION MARKED CROSSWALK,OBEYED PED. SIGNAL,LIGHT CLOTHING,No,SUSPECTED MINOR INJURY,N/A,38.99464661,-77.03620287,"(38.99464661, -77.03620287)"
MCP3153001W,190060807,Montgomery County Police,Injury Crash,12/17/2019 06:04:00 PM,Maryland (State),GEORGIA AVE,County,PLYERS MILL RD,,N/A,PEDESTRIAN,STRAIGHT MOVEMENT ANGLE,N/A,WET,DARK LIGHTS ON,TRAFFIC SIGNAL,NONE DETECTED,NONE DETECTED,6C1B503D-9E0E-4011-9D5F-1C9FC8B0AF9B,PEDESTRIAN,Walking/Riding w/Traffic,NO IMPROPER ACTIONS,ON ROADWAY AT CROSSWALK,OBEYED PED. SIGNAL,DARK CLOTHING,No,POSSIBLE INJURY,N/A,39.02998149,-77.04775969,"(39.02998149, -77.04775969)"
MCP3212000Y,190057885,Montgomery County Police,Injury Crash,12/01/2019 09:09:00 PM,Maryland (State),NEW HAMPSHIRE AVE,County,OAKVIEW DR,,N/A,PEDESTRIAN,N/A,OTHER,WET,DARK LIGHTS ON,TRAFFIC SIGNAL,NONE DETECTED,NONE DETECTED,28565E9C-0ACF-4596-AD6C-76A3F9D43672,PEDESTRIAN,Cross/Enter at Intersection,NO IMPROPER ACTIONS,ON ROADWAY AT CROSSWALK,OBEYED PED. SIGNAL,MIXED CLOTHING,No,SUSPECTED MINOR INJURY,NONE,39.01531982,-76.97760212,"(39.01531982, -76.97760212)"
MCP2812005H,190060799,Montgomery County Police,Injury Crash,12/17/2019 05:32:00 PM,Maryland (State),GEORGIA AVE,County,FENWICK LA,,N/A,PEDESTRIAN,OTHER,RAINING,WET,DARK LIGHTS ON,NO CONTROLS,N/A,N/A,33511FFE-97FB-4934-B7E1-C1BABC7A6008,PEDESTRIAN,Cross/Enter at Intersection,UNKNOWN,ON ROADWAY AT CROSSWALK,NO PED. SIGNAL,UNKNOWN,No,POSSIBLE INJURY,N/A,38.99814,-77.03068,"(38.99814, -77.03068)"
EJ78360022,190060850,Gaithersburg Police Depar,Property Damage Crash,12/17/2019 09:56:00 PM,,,,,9811 WASHINGTONIAN BLVD 5TH FLOOR (RIO MALL PARKING GARAGE),,PEDESTRIAN,OTHER,N/A,,DARK LIGHTS ON,N/A,NONE DETECTED,N/A,EDAE99AC-F2EC-45B3-ACEE-6506E0CB1FD2,PEDESTRIAN,Other,OTHER,OTHER,N/A,OTHER,No,NO APPARENT INJURY,NONE,39.12481667,-77.196615,"(39.12481667, -77.196615)"
MCP2347002H,190061641,Montgomery County Police,Injury Crash,12/22/2019 01:41:00 PM,,,,,2144 INDUSTRIAL PARKWAY PARKING LOT,,PEDESTRIAN,N/A,CLEAR,,DAYLIGHT,NO CONTROLS,NONE DETECTED,NONE DETECTED,224B9A28-E2C9-4385-9240-B821263C044D,PEDESTRIAN,Other,NO IMPROPER ACTIONS,OTHER,NO PED. SIGNAL,N/A,No,SUSPECTED MINOR INJURY,N/A,39.054455,-76.96905333,"(39.054455, -76.96905333)"
MCP28130074,190038870,Montgomery County Police,Injury Crash,08/14/2019 06:25:00 PM,Maryland (State),UNIVERSITY BLVD W,County,ELKIN ST,,N/A,PEDESTRIAN,SINGLE VEHICLE,CLEAR,DRY,DAYLIGHT,NO CONTROLS,N/A,N/A,7B74C51B-C27A-4AD7-988D-E3BE4B0C138E,PEDESTRIAN,Cross/Enter not at Intersection,FAILURE TO YIELD RIGHT OF WAY,ON ROADWAY NOT AT CROSSWALK,N/A,LIGHT CLOTHING,Yes,SUSPECTED MINOR INJURY,N/A,39.04166333,-77.05040167,"(39.04166333, -77.05040167)"
MCP137800RS,190037868,Montgomery County Police,Injury Crash,08/08/2019 04:32:00 PM,Maryland (State),QUINCE ORCHARD RD,Municipality,ORCHARD RIDGE DR,,GAITHERSBURG,PEDESTRIAN,SINGLE VEHICLE,CLOUDY,DRY,DAYLIGHT,TRAFFIC SIGNAL,NONE DETECTED,NONE DETECTED,D87A57A4-751A-4781-A1F2-E324D0912438,PEDESTRIAN,Cross/Enter at Intersection,NO IMPROPER ACTIONS,ON ROADWAY AT CROSSWALK,OBEYED PED. SIGNAL,MIXED CLOTHING,No,SUSPECTED MINOR INJURY,NONE,39.12906759,-77.23353053,"(39.12906759, -77.23353053)"
MCP2683003M,190006583,Montgomery County Police,Fatal Crash,02/10/2019 06:47:00 PM,County,MONTGOMERY VILLAGE AVE,Maryland (State),MIDCOUNTY HWY,,N/A,PEDESTRIAN,SINGLE VEHICLE,CLEAR,DRY,DARK -- UNKNOWN LIGHTING,TRAFFIC SIGNAL,NONE DETECTED,NONE DETECTED,20CB216B-C882-4987-8311-8C16EF1FB39C,PEDESTRIAN,Unknown,UNKNOWN,ON ROADWAY AT CROSSWALK,UNKNOWN,DARK CLOTHING,Unknown,FATAL INJURY,NONE,39.15796833,-77.201475,"(39.15796833, -77.201475)"
MCP3112002Z,190039192,Montgomery County Police,Injury Crash,08/16/2019 05:54:00 PM,Maryland (State),WISCONSIN AVE,County,MIDDLETON LA,,N/A,PEDESTRIAN,OTHER,N/A,DRY,DAYLIGHT,NO CONTROLS,NONE DETECTED,NONE DETECTED,FA7EDD0F-F3B0-40A1-B656-2E6B78FD6463,PEDESTRIAN,Cross/Enter at Intersection,NO IMPROPER ACTIONS,ON ROADWAY AT CROSSWALK,NO PED. SIGNAL,MIXED CLOTHING,No,SUSPECTED SERIOUS INJURY,N/A,38.98683767,-77.09462283,"(38.98683767, -77.09462283)"
DM84800008,190040088,Takoma Park Police Depart,Injury Crash,08/21/2019 10:10:00 PM,,,,,"ENTRY TO PARKING LOT OF 8604 FLOWER AVENUE, TAKOMA PARK, MD",,PEDESTRIAN,OTHER,CLEAR,,DARK LIGHTS ON,NO CONTROLS,NONE DETECTED,NONE DETECTED,AEFC1D11-B43F-417F-804C-94A3112859B2,PEDESTRIAN,Other,UNKNOWN,OTHER,NO PED. SIGNAL,MIXED CLOTHING,Unknown,POSSIBLE INJURY,N/A,38.99658667,-77.003225,"(38.99658667, -77.003225)"
MCP28130075,190038885,Montgomery County Police,Injury Crash,08/14/2019 07:25:00 PM,County,BRIGHTVIEW ST,County,DALEWOOD DR,,N/A,BICYCLIST,SINGLE VEHICLE,CLEAR,DRY,DAYLIGHT,STOP SIGN,N/A,N/A,9A8D8BC1-B7E7-4B1E-89ED-66FA79FB6EC8,BICYCLIST,Cross/Enter at Intersection,NO IMPROPER ACTIONS,ON ROADWAY AT CROSSWALK,NO PED. SIGNAL,LIGHT CLOTHING,No,SUSPECTED MINOR INJURY,NONE,39.052905,-77.07298833,"(39.052905, -77.07298833)"
MCP29390040,190038065,Montgomery County Police,Injury Crash,08/08/2019 05:40:00 PM,Maryland (State),WOODFIELD RD,County,MOYER RD,,N/A,PEDESTRIAN,OTHER,CLEAR,DRY,DAYLIGHT,NO CONTROLS,N/A,N/A,0F0A9BAB-59EE-468E-9539-D922BAEE767E,PEDESTRIAN,Getting off/on Vehicle,NO IMPROPER ACTIONS,OTHER,N/A,N/A,No,SUSPECTED MINOR INJURY,NONE,39.26709833,-77.20514667,"(39.26709833, -77.20514667)"
MCP3130001R,190039432,Montgomery County Police,Property Damage Crash,08/18/2019 12:00:00 PM,County,CONNECTICUT AVE,County,GRAND PRE RD,,N/A,BICYCLIST,STRAIGHT MOVEMENT ANGLE,CLEAR,DRY,DAYLIGHT,NO CONTROLS,NONE DETECTED,NONE DETECTED,C32A4CA5-DFC3-47DB-8D3A-4D7A18C37465,BICYCLIST,Walking/Riding w/Traffic,NO IMPROPER ACTIONS,OTHER,OTHER,LIGHT CLOTHING,No,NO APPARENT INJURY,MC/BIKE HELMET,39.08485833,-77.07600833,"(39.08485833, -77.07600833)"
MCP2456003Y,190038618,Montgomery County Police,Injury Crash,08/13/2019 01:15:00 PM,County,HAMMONTON PL,County,RANDOLPH RD,,N/A,BICYCLIST,STRAIGHT MOVEMENT ANGLE,RAINING,WET,DAYLIGHT,NO CONTROLS,NONE DETECTED,NONE DETECTED,FFBD8D7D-24C5-440B-B72F-FFB08044E9F4,BICYCLIST,Cross/Enter at Intersection,FAILURE TO YIELD RIGHT OF WAY,AT INTERSECTION BUT NO CROSSWALK,NO PED. SIGNAL,LIGHT CLOTHING,Yes,POSSIBLE INJURY,MC/BIKE HELMET,39.06871,-77.014785,"(39.06871, -77.014785)"
EJ7837003Y,190038861,Gaithersburg Police Depar,Injury Crash,08/14/2019 05:10:00 PM,County,SHADY GROVE RD,Ramp,RAMP 3 FR SHADY GROVE RD EB TO IS 270 NB,,N/A,PEDESTRIAN,SINGLE VEHICLE,CLEAR,DRY,DAYLIGHT,NO CONTROLS,N/A,N/A,8C86550E-FA63-4509-9445-D144DE604BAA,PEDESTRIAN,Cross/Enter at Intersection,NO IMPROPER ACTIONS,AT INTERSECTION BUT NO CROSSWALK,NO PED. SIGNAL,LIGHT CLOTHING,No,SUSPECTED MINOR INJURY,NONE,39.11354167,-77.18659,"(39.11354167, -77.18659)"
MCP3113001N,190038188,Montgomery County Police,Injury Crash,08/10/2019 05:41:00 PM,,,,,PARKING LOT OF BRIGGS CHANEY SHOPPING CENTER 13800 BLK OUTLET DRIVE,,PEDESTRIAN,OTHER,N/A,,DAYLIGHT,NO CONTROLS,N/A,N/A,AFF09474-000A-490A-BCC6-3574FB10015E,PEDESTRIAN,Walking/Riding w/Traffic,NO IMPROPER ACTIONS,OTHER,N/A,MIXED CLOTHING,No,POSSIBLE INJURY,NONE,39.082427,-76.946807,"(39.082427, -76.946807)"
MCP3112002Z,190039192,Montgomery County Police,Injury Crash,08/16/2019 05:54:00 PM,Maryland (State),WISCONSIN AVE,County,MIDDLETON LA,,N/A,PEDESTRIAN,OTHER,N/A,DRY,DAYLIGHT,NO CONTROLS,NONE DETECTED,NONE DETECTED,A55F8A16-06A7-4C77-B173-F77CFB00EA3E,PEDESTRIAN,Cross/Enter at Intersection,NO IMPROPER ACTIONS,ON ROADWAY AT CROSSWALK,NO PED. SIGNAL,MIXED CLOTHING,No,SUSPECTED SERIOUS INJURY,N/A,38.98683767,-77.09462283,"(38.98683767, -77.09462283)"
MCP29170069,190062628,Montgomery County Police,Injury Crash,12/29/2019 07:06:00 PM,County,RANDOLPH RD,County,SELFRIDGE RD,,N/A,PEDESTRIAN,OTHER,RAINING,WET,DARK NO LIGHTS,TRAFFIC SIGNAL,NONE DETECTED,NONE DETECTED,5C7AF34E-B273-4954-85C9-A38F6F73737C,PEDESTRIAN,Cross/Enter at Intersection,NO IMPROPER ACTIONS,ON ROADWAY AT CROSSWALK,OBEYED PED. SIGNAL,DARK CLOTHING,No,POSSIBLE INJURY,NONE,39.05552833,-77.08361833,"(39.05552833, -77.08361833)"
MCP2845005Z,190061950,Montgomery County Police,Injury Crash,12/24/2019 02:11:00 PM,Maryland (State),UNIVERSITY BLVD E,US (State),COLESVILLE RD,,N/A,PEDESTRIAN,STRAIGHT MOVEMENT ANGLE,CLEAR,DRY,DAYLIGHT,TRAFFIC SIGNAL,NONE DETECTED,NONE DETECTED,87A51E90-AA75-450F-8B4D-4C796DBF4D90,PEDESTRIAN,Cross/Enter at Intersection,NO IMPROPER ACTIONS,ON ROADWAY AT CROSSWALK,OBEYED PED. SIGNAL,MIXED CLOTHING,No,SUSPECTED MINOR INJURY,N/A,39.01948333,-77.01361817,"(39.01948333, -77.01361817)"
MCP2941003W,190062360,Montgomery County Police,Injury Crash,12/10/2019 06:08:00 PM,Maryland (State),GEORGIA AVE,County,FENWICK LA,,N/A,PEDESTRIAN,OTHER,RAINING,WET,DARK LIGHTS ON,OTHER,UNKNOWN,NONE DETECTED,9D6432B3-D409-43B8-91A0-306F071F0C08,PEDESTRIAN,Cross/Enter at Intersection,NO IMPROPER ACTIONS,ON ROADWAY AT CROSSWALK,OTHER,DARK CLOTHING,No,POSSIBLE INJURY,NONE,38.99817812,-77.03059596,"(38.99817812, -77.03059596)"
MCP29230065,190061673,Montgomery County Police,Injury Crash,12/23/2019 06:01:00 PM,,,,,PARKING LOT OF 2537 ENNALLS AVENUE,,PEDESTRIAN,OTHER,CLEAR,,DARK LIGHTS ON,NO CONTROLS,UNKNOWN,NONE DETECTED,CFA039A1-ACF5-45D9-BF97-99CDA013A359,PEDESTRIAN,Standing,NO IMPROPER ACTIONS,OTHER,N/A,DARK CLOTHING,No,SUSPECTED SERIOUS INJURY,NONE,39.0398028,-77.05355168,"(39.0398028, -77.05355168)"
MCP2683003Y,190040170,Montgomery County Police,Injury Crash,08/22/2019 01:00:00 PM,County,GOSHEN RD,County,SEVERN RD,,N/A,OTHER,OTHER,CLEAR,DRY,DAYLIGHT,PERSON,UNKNOWN,NONE DETECTED,FAF84F3B-61D2-4FC9-ACE7-3AE15F74A2B8,OTHER,Other,NO IMPROPER ACTIONS,ON ROADWAY NOT AT CROSSWALK,OTHER,REFLECTIVE MATERIAL,No,SUSPECTED MINOR INJURY,REFLECTIVE CLOTHING,39.16224747,-77.19190177,"(39.16224747, -77.19190177)"
MCP2357003V,190040668,Montgomery County Police,Injury Crash,08/25/2019 01:51:00 PM,,,,,PARKING LOT OF 8101 FENTON STREET,,PEDESTRIAN,OTHER,CLEAR,,DAYLIGHT,N/A,NONE DETECTED,NONE DETECTED,FF6136C3-8528-4BD3-AC0C-DC3EADF9437B,PEDESTRIAN,Other,NO IMPROPER ACTIONS,OTHER,N/A,LIGHT CLOTHING,No,POSSIBLE INJURY,N/A,38.99043667,-77.023645,"(38.99043667, -77.023645)"
MCP1342002N,190040667,Montgomery County Police,Injury Crash,08/25/2019 01:27:00 PM,County,RIVER RD,County,SENECA RD,,N/A,BICYCLIST,SAME DIR REAR END,CLEAR,DRY,DAYLIGHT,NO CONTROLS,NONE DETECTED,NONE DETECTED,CEBAFD94-95F3-4537-B164-72EC6B159771,BICYCLIST,Walking/Riding w/Traffic,NO IMPROPER ACTIONS,ON ROADWAY NOT AT CROSSWALK,N/A,MIXED CLOTHING,No,SUSPECTED MINOR INJURY,MC/BIKE HELMET,39.07809333,-77.33474167,"(39.07809333, -77.33474167)"
MCP2016004J,190042095,Montgomery County Police,Injury Crash,09/03/2019 08:48:00 AM,Municipality,BLANDFORD ST,Municipality,CABIN JOHN PKWY,,ROCKVILLE,PEDESTRIAN,SINGLE VEHICLE,CLEAR,DRY,DAYLIGHT,STOP SIGN,NONE DETECTED,N/A,F6EA38D5-456B-4B08-9D6A-55A286F540EC,PEDESTRIAN,Cross/Enter at Intersection,NO IMPROPER ACTIONS,AT INTERSECTION MARKED CROSSWALK,N/A,N/A,No,SUSPECTED MINOR INJURY,NONE,39.07553667,-77.15192333,"(39.07553667, -77.15192333)"
MCP29140099,190040272,Montgomery County Police,Injury Crash,08/22/2019 09:35:00 PM,Maryland (State),GEORGIA AVE,County,FENWICK LA,,N/A,PEDESTRIAN,OTHER,CLEAR,N/A,DARK LIGHTS ON,OTHER,N/A,N/A,8B80A15D-907A-4FBC-BA29-330B502C97DA,PEDESTRIAN,Cross/Enter at Intersection,N/A,ON ROADWAY AT CROSSWALK,NO PED. SIGNAL,MIXED CLOTHING,No,POSSIBLE INJURY,NONE,38.99820543,-77.0305782,"(38.99820543, -77.0305782)"