Report Number,Local Case Number,Agency Name,ACRS Report Type,Crash Date/Time,Route Type,Road Name,Cross-Street Type,Cross-Street Name,Off-Road Description,Municipality,Related Non-Motorist,Collision Type,Weather,Surface Condition,Light,Traffic Control,Driver Substance Abuse,Non-Motorist Substance Abuse,Person ID,Pedestrian Type,Pedestrian Movement,Pedestrian Actions,Pedestrian Location,Pedestrian Obeyed Traffic Signal,Pedestrian Visibility,At Fault,Injury Severity,Safety Equipment,Latitude,Longitude,Location
MCP24360087,190040357,Montgomery County Police,Injury Crash,08/23/2019 12:50:00 PM,Maryland (State),PINEY BRANCH RD,County,ARLISS ST,,N/A,PEDESTRIAN,OTHER,RAINING,WET,DAYLIGHT,TRAFFIC SIGNAL,NONE DETECTED,NONE DETECTED,D9B00D3F-CC88-4344-B85C-D319920CDF00,PEDESTRIAN,Cross/Enter at Intersection,NO IMPROPER ACTIONS,ON ROADWAY AT CROSSWALK,OBEYED PED. SIGNAL,LIGHT CLOTHING,No,SUSPECTED MINOR INJURY,N/A,38.99846833,-77.00145667,"(38.99846833, -77.00145667)"
MCP2992002L,190040054,Montgomery County Police,Injury Crash,08/21/2019 06:45:00 PM,,,,,3201 ROSSMOOR BLVD PARKING LOT (LEISURE WORLD),,PEDESTRIAN,OTHER,RAINING,,DAYLIGHT,NO CONTROLS,N/A,N/A,0C3313CA-3076-4002-A5A8-411753AE279F,PEDESTRIAN,Other,NOT VISIBLE,OTHER,N/A,OTHER,No,SUSPECTED MINOR INJURY,N/A,39.10079333,-77.07318667,"(39.10079333, -77.07318667)"
DM8386001C,190040588,Takoma Park Police Depart,Injury Crash,08/24/2019 08:30:00 PM,Municipality,ANNE AVE,Municipality,LOCKNEY AVE,,TAKOMA PARK,PEDESTRIAN,SINGLE VEHICLE,CLEAR,DRY,DARK LIGHTS ON,STOP SIGN,UNKNOWN,NONE DETECTED,9D3BDBCC-A5C7-4F9B-B49C-D7CD903E7308,PEDESTRIAN,Getting off/on Vehicle,ENTERING EXITING PARKED STANDING VEHICLE,AT INTERSECTION BUT NO CROSSWALK,NO PED. SIGNAL,LIGHT CLOTHING,No,SUSPECTED MINOR INJURY,NONE,38.98956326,-76.99189442,"(38.98956326, -76.99189442)"
MCP2353007M,190037499,Montgomery County Police,Injury Crash,08/06/2019 03:20:00 PM,County,MACON RD,County,ROCKING HORSE RD,,N/A,PEDESTRIAN,SAME DIRECTION SIDESWIPE,CLOUDY,DRY,DAYLIGHT,NO CONTROLS,NONE DETECTED,NONE DETECTED,F834FDD8-8E97-4AEC-969D-6C4E05ADA87E,PEDESTRIAN,Walking/Cycling on Sidewalk,NO IMPROPER ACTIONS,SIDEWALK,N/A,MIXED CLOTHING,No,SUSPECTED MINOR INJURY,NONE,39.05159833,-77.09651,"(39.05159833, -77.09651)"
MCP1433002K,190039187,Montgomery County Police,Injury Crash,08/16/2019 04:55:00 PM,Maryland (State),ROCKVILLE PIKE,Unknown,ENT TO FEDERAL PLAZA S.C.,,N/A,BICYCLIST,SAME DIRECTION RIGHT TURN,CLEAR,DRY,DAYLIGHT,TRAFFIC SIGNAL,NONE DETECTED,NONE DETECTED,1FA8ED14-9438-4D63-88DF-EAB5EB3C102A,BICYCLIST,Cross/Enter at Intersection,NO IMPROPER ACTIONS,AT INTERSECTION MARKED CROSSWALK,OBEYED PED. SIGNAL,LIGHT CLOTHING,No,SUSPECTED MINOR INJURY,NONE,39.057515,-77.120605,"(39.057515, -77.120605)"
MCP2291003S,190035774,Montgomery County Police,Injury Crash,07/27/2019 12:40:00 PM,Municipality,KENSINGTON PKWY,County,LITTLEDALE RD,,N/A,BICYCLIST,SINGLE VEHICLE,CLEAR,DRY,DAYLIGHT,NO CONTROLS,NONE DETECTED,NONE DETECTED,5C222B39-9BD8-4DC6-AA27-2CEABD8AF916,BICYCLIST,Walking/Riding w/Traffic,NO IMPROPER ACTIONS,ON ROADWAY NOT AT CROSSWALK,NO PED. SIGNAL,MIXED CLOTHING,No,SUSPECTED MINOR INJURY,MC/BIKE HELMET,39.01947417,-77.075003,"(39.01947417, -77.075003)"
MCP1210003W,190040257,Montgomery County Police,Injury Crash,08/22/2019 08:07:00 PM,Maryland (State),MIDCOUNTY HWY,Unknown,SPUR TO SAYBROOKE OAKS BLVD,,N/A,OTHER,OTHER,RAINING,WET,N/A,NO CONTROLS,"NONE DETECTED, UNKNOWN",NONE DETECTED,2E923A84-7CED-4A47-8D9A-AECE0F6D3291,OTHER,Other,NO IMPROPER ACTIONS,OTHER,N/A,DARK CLOTHING,No,SUSPECTED SERIOUS INJURY,MC/BIKE HELMET,39.15198,-77.17649,"(39.15198, -77.17649)"
MCP1174003R,190039979,Montgomery County Police,Injury Crash,08/21/2019 01:13:00 PM,,,,,PUBLIC PARKING LOT #8 OF 4821 ST. ELMO AVE.,,BICYCLIST,SINGLE VEHICLE,CLEAR,,DAYLIGHT,NO CONTROLS,NONE DETECTED,NONE DETECTED,27002D3C-C508-4874-94C6-1347917E68BC,BICYCLIST,Walking/Cycling on Sidewalk,NO IMPROPER ACTIONS,SIDEWALK,NO PED. SIGNAL,MIXED CLOTHING,No,SUSPECTED MINOR INJURY,MC/BIKE HELMET,38.98917806,-77.09713215,"(38.98917806, -77.09713215)"
MCP2991003W,190040989,Montgomery County Police,Injury Crash,08/26/2019 08:20:00 PM,County,HINES RD,County,WELLFLEET DR,,N/A,PEDESTRIAN,SINGLE VEHICLE,CLEAR,DRY,DARK LIGHTS ON,N/A,N/A,N/A,C404D28E-0035-45B1-A0A7-C8CF71E68B88,PEDESTRIAN,Cross/Enter at Intersection,NO IMPROPER ACTIONS,AT INTERSECTION MARKED CROSSWALK,NO PED. SIGNAL,DARK CLOTHING,No,POSSIBLE INJURY,NONE,39.14143267,-77.07796833,"(39.14143267, -77.07796833)"
DD56040031,190041532,Rockville Police Departme,Injury Crash,08/30/2019 01:30:00 PM,Municipality,REDLAND BLVD,Municipality,THOMPSON DAIRY WAY,,ROCKVILLE,PEDESTRIAN,OTHER,CLEAR,DRY,DAYLIGHT,TRAFFIC SIGNAL,NONE DETECTED,NONE DETECTED,869BDEDE-0A68-4B33-ACA7-471A7609E753,PEDESTRIAN,Cross/Enter at Intersection,NO IMPROPER ACTIONS,ON ROADWAY AT CROSSWALK,OBEYED PED. SIGNAL,LIGHT CLOTHING,No,SUSPECTED MINOR INJURY,NONE,39.11275167,-77.17153167,"(39.11275167, -77.17153167)"
MCP32120009,190041582,Montgomery County Police,Injury Crash,08/30/2019 04:51:00 PM,Maryland (State),EAST WEST HWY,Maryland (State),COLESVILLE RD,,N/A,PEDESTRIAN,SINGLE VEHICLE,N/A,N/A,DAYLIGHT,TRAFFIC SIGNAL,NONE DETECTED,NONE DETECTED,2323F65E-4083-4DD4-94CE-5386D8AA585C,PEDESTRIAN,Cross/Enter at Intersection,FAILURE TO OBEY TRAFFIC SIGNS SIGNALS OR OFFICER,ON ROADWAY NOT AT CROSSWALK,NO PED. SIGNAL,LIGHT CLOTHING,Yes,SUSPECTED MINOR INJURY,NONE,38.99297393,-77.0317158,"(38.99297393, -77.0317158)"
MCP15120024,190041410,Montgomery County Police,Injury Crash,08/29/2019 05:36:00 PM,Maryland (State),GREAT SENECA HWY,Unknown,ENT TO BUSINESS,,N/A,BICYCLIST,STRAIGHT MOVEMENT ANGLE,N/A,DRY,DAYLIGHT,NO CONTROLS,NONE DETECTED,NONE DETECTED,E4CFEE8E-E91C-4834-974B-D997A5D287ED,BICYCLIST,Walking/Cycling on Sidewalk,NO IMPROPER ACTIONS,SIDEWALK,N/A,LIGHT CLOTHING,No,SUSPECTED MINOR INJURY,MC/BIKE HELMET,39.12532833,-77.23349167,"(39.12532833, -77.23349167)"
MCP3199000D,190042167,Montgomery County Police,Property Damage Crash,09/03/2019 03:20:00 PM,County,PEACH ORCHARD RD,County,BRIGGS CHANEY RD,,N/A,OTHER,STRAIGHT MOVEMENT ANGLE,CLEAR,DRY,DAYLIGHT,STOP SIGN,NONE DETECTED,NONE DETECTED,BCFAD8E1-1F6E-4D34-B010-2D06289659EA,OTHER,Other,NO IMPROPER ACTIONS,INSIDE BUILDING,N/A,N/A,No,NO APPARENT INJURY,N/A,39.09575167,-76.96978833,"(39.09575167, -76.96978833)"
MCP2991002C,180002185,Montgomery County Police,Injury Crash,01/14/2018 12:15:00 PM,,,,,DRIVEWAY OF 2311 NORBECK ROAD,,PEDESTRIAN,SINGLE VEHICLE,CLEAR,,DAYLIGHT,NO CONTROLS,NONE DETECTED,NONE DETECTED,1E21EBB8-1E87-4616-9B91-D7B2410E6B4B,PEDESTRIAN,Other,NO IMPROPER ACTIONS,N/A,N/A,MIXED CLOTHING,No,SUSPECTED SERIOUS INJURY,N/A,39.11856833,-77.04991167,"(39.11856833, -77.04991167)"
MCP2992002M,190041453,Montgomery County Police,Injury Crash,08/29/2019 09:35:00 PM,Maryland (State),LAYHILL RD,County,BEL PRE RD,,N/A,PEDESTRIAN,OTHER,N/A,DRY,DARK NO LIGHTS,NO CONTROLS,N/A,ALCOHOL PRESENT,225036BE-DCA0-4732-A692-FB3669F00C31,PEDESTRIAN,Getting off/on Vehicle,DART DASH,OTHER,NO PED. SIGNAL,MIXED CLOTHING,Yes,SUSPECTED MINOR INJURY,N/A,39.09172333,-77.04509833,"(39.09172333, -77.04509833)"
MCP3136002G,190041527,Montgomery County Police,Injury Crash,08/30/2019 12:11:00 PM,,,,,8523 PINEY BRANCH RD (REAR PARKING LOT),,PEDESTRIAN,OTHER,CLEAR,,DAYLIGHT,N/A,NONE DETECTED,ALCOHOL PRESENT,111FAD56-CBF4-451C-B56E-94FDC05D29F4,PEDESTRIAN,Standing,NOT VISIBLE,OTHER,N/A,N/A,No,SUSPECTED MINOR INJURY,N/A,38.99774447,-77.00260826,"(38.99774447, -77.00260826)"
MCP209400F9,190036249,Montgomery County Police,Injury Crash,07/30/2019 08:23:00 AM,Maryland (State),WISCONSIN AVE,Municipality,DORSET AVE,,SOMERSET,BICYCLIST,OTHER,CLEAR,DRY,DAYLIGHT,TRAFFIC SIGNAL,NONE DETECTED,NONE DETECTED,EB1170C8-9C19-4367-8DF3-557755906399,BICYCLIST,Cross/Enter at Intersection,NO IMPROPER ACTIONS,ON ROADWAY AT CROSSWALK,OBEYED PED. SIGNAL,MIXED CLOTHING,No,POSSIBLE INJURY,MC/BIKE HELMET,38.96730333,-77.08861833,"(38.96730333, -77.08861833)"
MCP3196000F,190041996,Montgomery County Police,Injury Crash,09/02/2019 03:16:00 PM,County,WALDORF DR,County,WYNNFIELD DR,,N/A,BICYCLIST,STRAIGHT MOVEMENT ANGLE,CLEAR,DRY,DAYLIGHT,NO CONTROLS,N/A,N/A,B504A6D3-ABA0-46F7-81C3-4DD3068A6C03,BICYCLIST,Walking/Riding w/Traffic,NO IMPROPER ACTIONS,ON ROADWAY NOT AT CROSSWALK,N/A,MIXED CLOTHING,No,SUSPECTED MINOR INJURY,MC/BIKE HELMET,39.18594429,-77.27688125,"(39.18594429, -77.27688125)"
MCP2351003B,190041966,Montgomery County Police,Injury Crash,09/02/2019 12:26:00 PM,,,,,PKNGLT ENTRANCE 12230 ROCKVILLE PIKE,,PEDESTRIAN,OTHER,CLEAR,,DAYLIGHT,TRAFFIC SIGNAL,NONE DETECTED,NONE DETECTED,96CFC987-AF43-48A0-8E77-82037E307925,PEDESTRIAN,Cross/Enter not at Intersection,UNKNOWN,OTHER,NO PED. SIGNAL,MIXED CLOTHING,Unknown,SUSPECTED MINOR INJURY,NONE,39.05607167,-77.11936167,"(39.05607167, -77.11936167)"
MCP2712004B,190058418,Montgomery County Police,Injury Crash,12/04/2019 10:28:00 AM,County,CASTLE BLVD,County,BRIGGS CHANEY RD,,N/A,PEDESTRIAN,N/A,N/A,DRY,DAYLIGHT,TRAFFIC SIGNAL,UNKNOWN,NONE DETECTED,C99C0007-6975-40A3-AAD6-6BCF96D9D6BC,PEDESTRIAN,Cross/Enter at Intersection,N/A,AT INTERSECTION MARKED CROSSWALK,N/A,N/A,No,POSSIBLE INJURY,N/A,39.08115345,-76.94623815,"(39.08115345, -76.94623815)"
EJ78650053,190060645,Gaithersburg Police Depar,Injury Crash,12/16/2019 06:45:00 PM,,,,,PL OF 307 COPLEY PLACE,,PEDESTRIAN,SINGLE VEHICLE,RAINING,,DARK LIGHTS ON,NO CONTROLS,NONE DETECTED,NONE DETECTED,C54E13D0-55C6-4408-99F4-5785BDBCB592,PEDESTRIAN,Cross/Enter at Intersection,NO IMPROPER ACTIONS,AT INTERSECTION MARKED CROSSWALK,N/A,MIXED CLOTHING,No,SUSPECTED MINOR INJURY,N/A,39.11551,-77.208105,"(39.11551, -77.208105)"
MCP2983004B,190062185,Montgomery County Police,Injury Crash,12/26/2019 04:35:00 PM,,,,,1280 EAST WEST HWY (GIANT PARKING LOT),,PEDESTRIAN,SINGLE VEHICLE,CLEAR,,DAWN,N/A,NONE DETECTED,NONE DETECTED,6AE08592-CECC-484F-9DA8-599B3C79ACD1,PEDESTRIAN,Walking/Riding w/Traffic,NO IMPROPER ACTIONS,OTHER,N/A,LIGHT CLOTHING,No,POSSIBLE INJURY,NONE,38.99180567,-77.03210383,"(38.99180567, -77.03210383)"
MCP3205000M,190060261,Montgomery County Police,Injury Crash,12/14/2019 09:56:00 AM,Maryland (State),GEORGIA AVE,County,PLYERS MILL RD,,N/A,PEDESTRIAN,SINGLE VEHICLE,RAINING,WET,DAYLIGHT,TRAFFIC SIGNAL,NONE DETECTED,NONE DETECTED,5DF12AC4-8D4A-4022-8C6F-FC400F122A50,PEDESTRIAN,Cross/Enter at Intersection,NO IMPROPER ACTIONS,ON ROADWAY AT CROSSWALK,UNKNOWN,DARK CLOTHING,No,SUSPECTED SERIOUS INJURY,N/A,39.03006429,-77.04760872,"(39.03006429, -77.04760872)"
DM8472000Y,190058947,Takoma Park Police Depart,Property Damage Crash,12/08/2019 10:36:00 PM,Municipality,ELM AVE,Municipality,AUBURN AVE,,TAKOMA PARK,PEDESTRIAN,SINGLE VEHICLE,CLEAR,N/A,DARK LIGHTS ON,NO CONTROLS,N/A,N/A,B5BD6445-8246-4289-8BBE-E6087A47DD89,PEDESTRIAN,Other,NO IMPROPER ACTIONS,INSIDE BUILDING,N/A,N/A,No,NO APPARENT INJURY,NONE,38.97686218,-76.99578547,"(38.97686218, -76.99578547)"
DD56350029,190062964,Rockville Police Departme,Injury Crash,12/31/2019 06:07:00 PM,Maryland (State),ROCKVILLE PIKE,Municipality,MONROE PL,,ROCKVILLE,PEDESTRIAN,OTHER,CLEAR,DRY,DARK LIGHTS ON,TRAFFIC SIGNAL,NONE DETECTED,NONE DETECTED,EAC98A4D-7BBA-4D43-8122-75F259055974,PEDESTRIAN,Cross/Enter at Intersection,UNKNOWN,AT INTERSECTION MARKED CROSSWALK,OBEYED PED. SIGNAL,MIXED CLOTHING,No,POSSIBLE INJURY,NONE,39.08339233,-77.14691433,"(39.08339233, -77.14691433)"
MCP31580020,190062484,Montgomery County Police,Property Damage Crash,12/28/2019 03:13:00 PM,County,FOUNDERS MILL DR,County,HOBBLE BUSH CT,,N/A,PEDESTRIAN,OTHER,CLEAR,DRY,DAYLIGHT,N/A,"N/A, NONE DETECTED",NONE DETECTED,D69325E2-03CB-4B48-ADE7-663DAF78FE00,PEDESTRIAN,N/A,NOT VISIBLE,INSIDE BUILDING,N/A,N/A,No,NO APPARENT INJURY,N/A,39.13830167,-77.148365,"(39.13830167, -77.148365)"
MCP2813007X,190061992,Montgomery County Police,Injury Crash,12/24/2019 05:58:00 PM,,,,,PAKRING LOT OF 11160 VEIRS MILL RD,,PEDESTRIAN,SINGLE VEHICLE,CLEAR,,DARK LIGHTS ON,NO CONTROLS,N/A,N/A,7D7BB816-E8DF-499B-82AF-221E5F792858,PEDESTRIAN,Cross/Enter at Intersection,NO IMPROPER ACTIONS,SHOULDER,N/A,LIGHT CLOTHING,No,POSSIBLE INJURY,REFLECTIVE CLOTHING,39.03741667,-77.05503833,"(39.03741667, -77.05503833)"
MCP2983004C,190062216,Montgomery County Police,Injury Crash,12/26/2019 07:13:00 PM,County,WAYNE AVE,US (State),GEORGIA AVE,,N/A,PEDESTRIAN,SINGLE VEHICLE,CLEAR,DRY,DARK LIGHTS ON,TRAFFIC SIGNAL,UNKNOWN,NONE DETECTED,1618B042-3CF1-4E94-ABC9-85CA7EC6A1F2,PEDESTRIAN,Cross/Enter at Intersection,NO IMPROPER ACTIONS,ON ROADWAY AT CROSSWALK,OBEYED PED. SIGNAL,MIXED CLOTHING,No,POSSIBLE INJURY,NONE,38.994706,-77.02717483,"(38.994706, -77.02717483)"
EJ78650053,190060645,Gaithersburg Police Depar,Injury Crash,12/16/2019 06:45:00 PM,,,,,PL OF 307 COPLEY PLACE,,PEDESTRIAN,SINGLE VEHICLE,RAINING,,DARK LIGHTS ON,NO CONTROLS,NONE DETECTED,NONE DETECTED,8634620B-47BB-4086-B405-628157BFE199,PEDESTRIAN,Cross/Enter at Intersection,NO IMPROPER ACTIONS,AT INTERSECTION MARKED CROSSWALK,N/A,DARK CLOTHING,No,SUSPECTED MINOR INJURY,N/A,39.11551,-77.208105,"(39.11551, -77.208105)"
MCP32000015,190061927,Montgomery County Police,Injury Crash,12/24/2019 12:13:00 PM,Maryland (State),METROPOLITAN AVE,Municipality,ST PAUL ST,,KENSINGTON,PEDESTRIAN,OTHER,CLEAR,DRY,DAYLIGHT,STOP SIGN,NONE DETECTED,NONE DETECTED,A9ACE87A-D9CC-4560-8828-D0E759FCFB17,PEDESTRIAN,Cross/Enter at Intersection,NO IMPROPER ACTIONS,ON ROADWAY AT CROSSWALK,NO PED. SIGNAL,LIGHT CLOTHING,No,POSSIBLE INJURY,N/A,39.02754783,-77.07218683,"(39.02754783, -77.07218683)"
MCP158000BX,190043197,Montgomery County Police,Injury Crash,09/09/2019 03:45:00 PM,County,DIAMONDBACK DR,Maryland (State),KEY WEST AVE,,N/A,PEDESTRIAN,STRAIGHT MOVEMENT ANGLE,CLOUDY,DRY,DAYLIGHT,TRAFFIC SIGNAL,NONE DETECTED,NONE DETECTED,BD4DDE2F-1195-4CA6-878F-C1537CE618CF,PEDESTRIAN,Cross/Enter at Intersection,NO IMPROPER ACTIONS,ON ROADWAY AT CROSSWALK,OBEYED PED. SIGNAL,MIXED CLOTHING,No,SUSPECTED MINOR INJURY,OTHER,39.10530833,-77.20160667,"(39.10530833, -77.20160667)"
MCP2625000D,190042692,Montgomery County Police,Injury Crash,09/06/2019 09:21:00 AM,Maryland (State),GEORGIA AVE,County,CAMERON ST,,N/A,PEDESTRIAN,OTHER,CLOUDY,DRY,DAYLIGHT,NO CONTROLS,N/A,NONE DETECTED,6CD03309-48FC-461F-80DE-83C16C2D7E9D,PEDESTRIAN,Cross/Enter not at Intersection,IN ROADWAY IMPROPERLY,ON ROADWAY NOT AT CROSSWALK,N/A,MIXED CLOTHING,Yes,SUSPECTED SERIOUS INJURY,N/A,39.00551333,-77.03712167,"(39.00551333, -77.03712167)"
MCP31180029,190041955,Montgomery County Police,Injury Crash,09/02/2019 09:55:00 AM,County,BEL PRE RD,Other Public Roadway,PARKER FARM WAY,,N/A,PEDESTRIAN,SINGLE VEHICLE,CLOUDY,DRY,DAYLIGHT,TRAFFIC SIGNAL,NONE DETECTED,NONE DETECTED,F7F38AFF-4E75-4464-9FCC-C0029C50D232,PEDESTRIAN,Cross/Enter at Intersection,NO IMPROPER ACTIONS,AT INTERSECTION MARKED CROSSWALK,OBEYED PED. SIGNAL,UNKNOWN,No,SUSPECTED MINOR INJURY,N/A,39.09036833,-77.04774667,"(39.09036833, -77.04774667)"
MCP2686003P,190042576,Montgomery County Police,Injury Crash,09/05/2019 04:04:00 PM,County,CINNAMON DR,Unknown,NUTMEG PL,,N/A,PEDESTRIAN,SINGLE VEHICLE,CLEAR,DRY,DAYLIGHT,NO CONTROLS,N/A,N/A,962B5369-BB2E-4052-9526-564E48890D8B,PEDESTRIAN,Cross/Enter not at Intersection,DART DASH,ON ROADWAY NOT AT CROSSWALK,N/A,DARK CLOTHING,Yes,SUSPECTED MINOR INJURY,NONE,39.16185667,-77.26421833,"(39.16185667, -77.26421833)"
MCP1174003S,190043113,Montgomery County Police,Injury Crash,09/09/2019 07:42:00 AM,,,,,THE DRIVEWAY TO 9101 CEDAR LA. THE STONE RIDGE SCHOOL OF THE SACRED HEART.,,PEDESTRIAN,SINGLE VEHICLE,CLEAR,,DAYLIGHT,PERSON,NONE DETECTED,NONE DETECTED,AE3B8D6F-EDF8-4094-8C45-0DD45DAAD190,PEDESTRIAN,Other Working,NO IMPROPER ACTIONS,N/A,OTHER,REFLECTIVE MATERIAL,No,SUSPECTED MINOR INJURY,REFLECTIVE CLOTHING,39.00662868,-77.09501721,"(39.00662868, -77.09501721)"
MCP2607004J,190042207,Montgomery County Police,Injury Crash,09/03/2019 06:05:00 PM,Maryland (State),FREDERICK RD,Municipality,S WESTLAND DR,,GAITHERSBURG,PEDESTRIAN,OTHER,CLEAR,DRY,DAYLIGHT,TRAFFIC SIGNAL,NONE DETECTED,NONE DETECTED,830A2223-A087-4F45-88F8-5B2ECA185E4B,PEDESTRIAN,Cross/Enter at Intersection,NO IMPROPER ACTIONS,AT INTERSECTION MARKED CROSSWALK,OBEYED PED. SIGNAL,MIXED CLOTHING,No,POSSIBLE INJURY,N/A,39.12633333,-77.18285667,"(39.12633333, -77.18285667)"
DD56230023,190042665,Rockville Police Departme,Injury Crash,09/05/2019 11:35:00 PM,,,,,PARKING LOT OF 888 ROCKVILLE PIKE,,PEDESTRIAN,OTHER,CLEAR,,DARK LIGHTS ON,N/A,UNKNOWN,NONE DETECTED,F9A3DE05-76AE-492E-8C61-62A6981B8BAB,PEDESTRIAN,Standing,NO IMPROPER ACTIONS,OTHER,N/A,LIGHT CLOTHING,No,POSSIBLE INJURY,N/A,39.07493983,-77.13598367,"(39.07493983, -77.13598367)"
MCP3153001G,190043200,Montgomery County Police,Injury Crash,09/09/2019 03:56:00 PM,Maryland (State),VEIRS MILL RD,County,CLARIDGE RD,,N/A,OTHER,SINGLE VEHICLE,CLOUDY,DRY,DAYLIGHT,TRAFFIC SIGNAL,ALCOHOL CONTRIBUTED,N/A,DB031711-6D0C-424F-8219-299034775A14,OTHER,N/A,NO IMPROPER ACTIONS,INSIDE BUILDING,N/A,N/A,No,NO APPARENT INJURY,N/A,39.04872,-77.06927,"(39.04872, -77.06927)"
HA24510007,19002496,Maryland-National Capital,Injury Crash,09/15/2019 03:35:00 PM,Government,BEACH DR,County,WEXFORD DR,,N/A,BICYCLIST,OTHER,CLEAR,DRY,DAYLIGHT,N/A,NONE DETECTED,N/A,2307DF7E-2A41-45D4-B9EE-6C32D0AA1804,BICYCLIST,Walking/Riding w/Traffic,NO IMPROPER ACTIONS,SHOULDER,N/A,LIGHT CLOTHING,No,SUSPECTED MINOR INJURY,MC/BIKE HELMET,39.03754636,-77.08591912,"(39.03754636, -77.08591912)"
MCP2008006M,190042212,Montgomery County Police,Injury Crash,09/03/2019 06:20:00 PM,County,BRICKYARD RD,County,HACKAMORE DR,,N/A,BICYCLIST,HEAD ON LEFT TURN,CLEAR,DRY,DAYLIGHT,N/A,NONE DETECTED,NONE DETECTED,37F40DEC-268B-4B14-95FE-C934DC179F93,BICYCLIST,Cross/Enter at Intersection,NO IMPROPER ACTIONS,AT INTERSECTION BUT NO CROSSWALK,N/A,DARK CLOTHING,No,SUSPECTED MINOR INJURY,MC/BIKE HELMET,38.98569667,-77.21285667,"(38.98569667, -77.21285667)"
MCP0942002C,190044036,Montgomery County Police,Injury Crash,09/14/2019 01:00:00 PM,County,WOODMONT AVE,County,MILLER AVE,,N/A,PEDESTRIAN,OTHER,CLEAR,DRY,DAYLIGHT,NO CONTROLS,NONE DETECTED,NONE DETECTED,4D1B03B8-E34F-4FD8-969C-06491F449A5B,PEDESTRIAN,Cross/Enter not at Intersection,NO IMPROPER ACTIONS,ON ROADWAY NOT AT CROSSWALK,NO PED. SIGNAL,MIXED CLOTHING,No,POSSIBLE INJURY,NONE,38.98062167,-77.094625,"(38.98062167, -77.094625)"
MCP3059003X,190044082,Montgomery County Police,Injury Crash,09/14/2019 07:26:00 PM,Maryland (State),GEORGIA AVE,County,ASPEN HILL RD,,N/A,"BICYCLIST, PEDESTRIAN",OTHER,CLEAR,DRY,DARK LIGHTS ON,N/A,NONE DETECTED,NONE DETECTED,8FBEFCD7-2747-450B-9F2E-61BC38071B95,BICYCLIST,Walking/Cycling on Sidewalk,IN ROADWAY IMPROPERLY,SIDEWALK,N/A,DARK CLOTHING,Yes,SUSPECTED MINOR INJURY,NONE,39.080315,-77.07443833,"(39.080315, -77.07443833)"
MCP31920008,190043756,Montgomery County Police,Injury Crash,09/12/2019 07:22:00 PM,,,,,11277 NEW HAMPSHIRE AVE.AT THE BACK PARKING LOT,,PEDESTRIAN,OTHER,CLEAR,,DARK LIGHTS ON,NO CONTROLS,NONE DETECTED,NONE DETECTED,3D9EF021-ECA0-4347-924F-83AFE4D1A5C9,PEDESTRIAN,Cross/Enter not at Intersection,IN ROADWAY IMPROPERLY,OTHER,N/A,N/A,Unknown,SUSPECTED MINOR INJURY,NONE,39.04081011,-76.99101255,"(39.04081011, -76.99101255)"
MCP3059003X,190044082,Montgomery County Police,Injury Crash,09/14/2019 07:26:00 PM,Maryland (State),GEORGIA AVE,County,ASPEN HILL RD,,N/A,"BICYCLIST, PEDESTRIAN",OTHER,CLEAR,DRY,DARK LIGHTS ON,N/A,NONE DETECTED,UNKNOWN,66C35216-EEFC-4E73-89D4-B93BCF8D546A,PEDESTRIAN,Walking/Cycling on Sidewalk,NO IMPROPER ACTIONS,SIDEWALK,N/A,UNKNOWN,No,NO APPARENT INJURY,UNKNOWN,39.080315,-77.07443833,"(39.080315, -77.07443833)"
MCP31910015,190042816,Montgomery County Police,Injury Crash,09/06/2019 09:00:00 PM,,,,,16041 FREDERICK RD PRIVATE DRIVEWAY/SIDEWALK,,BICYCLIST,SINGLE VEHICLE,CLEAR,,DARK LIGHTS ON,NO CONTROLS,NONE DETECTED,NONE DETECTED,C040F5E4-C1A9-45A2-86D2-6FAA6830CCDC,BICYCLIST,Cross/Enter not at Intersection,NO IMPROPER ACTIONS,SIDEWALK,NO PED. SIGNAL,MIXED CLOTHING,No,POSSIBLE INJURY,NONE,39.11830333,-77.17052667,"(39.11830333, -77.17052667)"
MCP9381001Q,15047073,MONTGOMERY,Injury Crash,09/17/2015 11:29:00 AM,County,ELM ST,County,WOODMONT AVE,,N/A,BICYCLIST,OTHER,N/A,DRY,DAYLIGHT,TRAFFIC SIGNAL,NONE DETECTED,N/A,06CC8820-0CD0-46D5-8D85-62F8A93107B1,BICYCLIST,Cross/Enter at Intersection,NO IMPROPER ACTIONS,AT INTERSECTION BUT NO CROSSWALK,N/A,N/A,No,POSSIBLE INJURY,NONE,38.99564167,-77.07490333,"(38.99564167, -77.07490333)"
MCP271700QC,190043472,Montgomery County Police,Injury Crash,09/11/2019 09:30:00 AM,County,NEBEL ST,County,MARINELLI RD,,N/A,PEDESTRIAN,SINGLE VEHICLE,CLEAR,DRY,DAYLIGHT,STOP SIGN,NONE DETECTED,NONE DETECTED,00F98930-4730-40C9-AFBE-FF87469D822F,PEDESTRIAN,Cross/Enter at Intersection,NO IMPROPER ACTIONS,ON ROADWAY AT CROSSWALK,NO PED. SIGNAL,MIXED CLOTHING,No,SUSPECTED MINOR INJURY,N/A,39.04783133,-77.1055885,"(39.04783133, -77.1055885)"