Report Number,Local Case Number,Agency Name,ACRS Report Type,Crash Date/Time,Route Type,Road Name,Cross-Street Type,Cross-Street Name,Off-Road Description,Municipality,Related Non-Motorist,Collision Type,Weather,Surface Condition,Light,Traffic Control,Driver Substance Abuse,Non-Motorist Substance Abuse,Person ID,Pedestrian Type,Pedestrian Movement,Pedestrian Actions,Pedestrian Location,Pedestrian Obeyed Traffic Signal,Pedestrian Visibility,At Fault,Injury Severity,Safety Equipment,Latitude,Longitude,Location
MCP1334008D,190043816,Montgomery County Police,Injury Crash,09/13/2019 06:55:00 AM,County,WIGHTMAN RD,County,PLEASANT RIDGE DR,,N/A,PEDESTRIAN,SINGLE VEHICLE,CLOUDY,DRY,DAYLIGHT,TRAFFIC SIGNAL,UNKNOWN,NONE DETECTED,DD0CE177-E4B0-44D1-A7B0-256A712173F1,PEDESTRIAN,Cross/Enter at Intersection,IN ROADWAY IMPROPERLY,ON ROADWAY AT CROSSWALK,DISOBEYED PED. SIGNAL,MIXED CLOTHING,Yes,SUSPECTED MINOR INJURY,NONE,39.19060996,-77.19192752,"(39.19060996, -77.19192752)"
MCP2563000X,190036571,Montgomery County Police,Fatal Crash,07/31/2019 04:52:00 PM,Maryland (State),OLD GEORGETOWN RD,County,BEECH AVE,,N/A,BICYCLIST,SINGLE VEHICLE,CLEAR,DRY,DAYLIGHT,N/A,NONE DETECTED,NONE DETECTED,14DD5A10-C924-4E0F-A9CD-4EDA70279A79,BICYCLIST,Walking/Riding w/Traffic,OTHER,SIDEWALK,N/A,MIXED CLOTHING,Yes,FATAL INJURY,MC/BIKE HELMET,39.01068724,-77.11552446,"(39.01068724, -77.11552446)"
MCP3010004F,190044523,Montgomery County Police,Injury Crash,09/17/2019 01:23:00 PM,Maryland (State),ROCKVILLE PIKE,Unknown,ENT TO WHITE FLINT MALL,,N/A,OTHER CONVEYANCE,OTHER,CLEAR,DRY,DAYLIGHT,YIELD SIGN,N/A,N/A,93BC58B3-7CA2-4056-8584-515B2E15946C,OTHER CONVEYANCE,Cross/Enter at Intersection,NO IMPROPER ACTIONS,AT INTERSECTION BUT NO CROSSWALK,NO PED. SIGNAL,DARK CLOTHING,No,SUSPECTED MINOR INJURY,NONE,39.043295,-77.11060167,"(39.043295, -77.11060167)"
MCP2846005D,190042940,Montgomery County Police,Injury Crash,09/07/2019 05:45:00 PM,County,ELKIN ST,Maryland (State),UNIVERSITY BLVD W,,N/A,BICYCLIST,STRAIGHT MOVEMENT ANGLE,CLEAR,DRY,DAYLIGHT,NO CONTROLS,NONE DETECTED,ALCOHOL PRESENT,B70E668B-1935-4369-A279-44E3CA96E92A,BICYCLIST,Cross/Enter at Intersection,FAILURE TO YIELD RIGHT OF WAY,ON ROADWAY AT CROSSWALK,NO PED. SIGNAL,MIXED CLOTHING,Yes,POSSIBLE INJURY,NONE,39.041375,-77.05042333,"(39.041375, -77.05042333)"
MCP3050003P,190044137,Montgomery County Police,Injury Crash,09/15/2019 01:55:00 AM,Maryland (State),CONNECTICUT AVE,Other Public Roadway,CONNECTICUT AVE SERVICE RD,,N/A,PEDESTRIAN,SINGLE VEHICLE,CLEAR,DRY,DARK NO LIGHTS,NO CONTROLS,NONE DETECTED,UNKNOWN,4D11B2ED-1843-4E87-8F94-372BC1AFB707,PEDESTRIAN,Cross/Enter not at Intersection,IN ROADWAY IMPROPERLY,ON ROADWAY NOT AT CROSSWALK,NO PED. SIGNAL,DARK CLOTHING,Yes,SUSPECTED SERIOUS INJURY,NONE,39.07078,-77.07627167,"(39.07078, -77.07627167)"
MCP0685004P,190043686,Montgomery County Police,Injury Crash,09/12/2019 12:07:00 PM,,,,,PARKING LOT 16101 FREDERICK RD,,PEDESTRIAN,OTHER,CLEAR,,DAYLIGHT,NO CONTROLS,NONE DETECTED,NONE DETECTED,98112BBA-6A17-44FA-AE30-870562F6A865,PEDESTRIAN,Push/Work on Vehicle,OTHER,OTHER,N/A,LIGHT CLOTHING,No,SUSPECTED MINOR INJURY,N/A,39.122935,-77.17353,"(39.122935, -77.17353)"
MCP30040039,190042919,Montgomery County Police,Injury Crash,09/04/2019 07:00:00 PM,,,,,"PARKING LOT OF 2440 ROSS ROAD SILVER SPRING, MD",,BICYCLIST,UNKNOWN,UNKNOWN,,DUSK,N/A,UNKNOWN,N/A,1F0BE837-BB04-41BA-8E02-ABA95E8457DE,BICYCLIST,Playing,OTHER,OTHER,N/A,UNKNOWN,No,SUSPECTED MINOR INJURY,UNKNOWN,38.99712759,-77.05232795,"(38.99712759, -77.05232795)"
MCP3169002L,190062451,Montgomery County Police,Injury Crash,12/28/2019 11:27:00 AM,Maryland (State),GEORGIA AVE,County,FENWICK LA,,N/A,PEDESTRIAN,OTHER,CLEAR,DRY,DAYLIGHT,OTHER,N/A,N/A,294C95B7-DD25-4B78-8F01-A63E7B6582F9,PEDESTRIAN,Cross/Enter at Intersection,NO IMPROPER ACTIONS,AT INTERSECTION MARKED CROSSWALK,NO PED. SIGNAL,MIXED CLOTHING,No,POSSIBLE INJURY,NONE,38.99826986,-77.03058656,"(38.99826986, -77.03058656)"
MCP24920013,190014007,Montgomery County Police,Fatal Crash,03/26/2019 03:51:00 PM,,,,,PARKING LOT OF 611 ROCKVILLE PIKE,,PEDESTRIAN,OTHER,CLEAR,,DAYLIGHT,N/A,NONE DETECTED,NONE DETECTED,2B144005-856D-4774-BC01-B48DAB8724C2,PEDESTRIAN,Unknown,UNKNOWN,OTHER,NO PED. SIGNAL,MIXED CLOTHING,Yes,FATAL INJURY,N/A,39.08029482,-77.14506661,"(39.08029482, -77.14506661)"
MCP9113005M,200001058,Montgomery County Police,Injury Crash,01/06/2020 06:16:00 AM,Maryland (State),GEORGIA AVE,County,WENDY LA,,N/A,PEDESTRIAN,OTHER,CLEAR,DRY,DARK LIGHTS ON,NO CONTROLS,UNKNOWN,UNKNOWN,6059AA96-BFE0-41C3-BD17-D0A14035FBBC,PEDESTRIAN,Cross/Enter not at Intersection,OTHER,ON ROADWAY NOT AT CROSSWALK,NO PED. SIGNAL,UNKNOWN,Unknown,POSSIBLE INJURY,UNKNOWN,39.07948667,-77.07404333,"(39.07948667, -77.07404333)"
MCP29820030,190045820,Montgomery County Police,Injury Crash,09/24/2019 05:40:00 PM,County,FRANKLIN AVE,County,EVERGREEN ST,,N/A,PEDESTRIAN,OTHER,CLEAR,DRY,DAYLIGHT,NO CONTROLS,NONE DETECTED,NONE DETECTED,7B6CD99E-C69A-4735-BD73-748972275F9E,PEDESTRIAN,Cross/Enter not at Intersection,DART DASH,OTHER,NO PED. SIGNAL,UNKNOWN,Yes,SUSPECTED MINOR INJURY,N/A,39.01076333,-77.00657667,"(39.01076333, -77.00657667)"
MCP1151009Y,190045030,Montgomery County Police,Injury Crash,09/20/2019 06:25:00 AM,County,CLARKSBURG RD,County,MOXLEY RD,,N/A,PEDESTRIAN,SAME DIRECTION SIDESWIPE,CLEAR,DRY,DARK NO LIGHTS,N/A,UNKNOWN,NONE DETECTED,C909767E-8F52-42CA-9D0A-A157AB00603E,PEDESTRIAN,Walking/Riding w/Traffic,NOT VISIBLE,ON ROADWAY NOT AT CROSSWALK,N/A,DARK CLOTHING,Yes,SUSPECTED SERIOUS INJURY,N/A,39.31167578,-77.23862919,"(39.31167578, -77.23862919)"
MCP2931003V,190044970,Montgomery County Police,Injury Crash,09/19/2019 07:39:00 PM,County,E JEFFERSON ST,Unknown,ENT TO FEDERAL PLAZA SC,,N/A,BICYCLIST,OTHER,CLEAR,N/A,DARK NO LIGHTS,N/A,N/A,N/A,2E3A7F28-83C1-43BF-9CA8-482444F60184,BICYCLIST,Cross/Enter at Intersection,NO IMPROPER ACTIONS,AT INTERSECTION MARKED CROSSWALK,N/A,MIXED CLOTHING,No,POSSIBLE INJURY,MC/BIKE HELMET,39.05649333,-77.12632,"(39.05649333, -77.12632)"
MCP2728006F,190044758,Montgomery County Police,Injury Crash,09/18/2019 05:47:00 PM,Maryland (State),EAST WEST HWY,Unknown,BLAIR MILL WAY,,N/A,PEDESTRIAN,OTHER,CLEAR,DRY,DAYLIGHT,STOP SIGN,NONE DETECTED,NONE DETECTED,D47A6140-C340-4FC4-B570-20C7BDC5A07E,PEDESTRIAN,Cross/Enter at Intersection,NO IMPROPER ACTIONS,AT INTERSECTION MARKED CROSSWALK,NO PED. SIGNAL,LIGHT CLOTHING,No,POSSIBLE INJURY,NONE,38.98890167,-77.02780167,"(38.98890167, -77.02780167)"
HA23050008,19002576,Maryland-National Capital,Property Damage Crash,09/23/2019 03:00:00 PM,,,,,18228 MUNCASTER ROAD,,OTHER,SINGLE VEHICLE,CLOUDY,,DAYLIGHT,NO CONTROLS,,NONE DETECTED,CE1DD708-83F1-4FBF-90BC-5FFBB0E57ADE,OTHER,Other,OTHER,OTHER,N/A,N/A,Yes,NO APPARENT INJURY,NONE,39.15427045,-77.13279312,"(39.15427045, -77.13279312)"
MCP3039004G,190045636,Montgomery County Police,Injury Crash,09/23/2019 07:30:00 PM,,,,,SIDEWALK AT 8100 BLOCK OF GEORGIA AVENUE,,"BICYCLIST, PEDESTRIAN",SAME DIR REAR END,CLEAR,,DARK LIGHTS ON,NO CONTROLS,,UNKNOWN,075977C3-F02E-4A01-84A8-8370C7E5F3CC,BICYCLIST,Walking/Cycling on Sidewalk,INATTENTIVE,SIDEWALK,N/A,MIXED CLOTHING,Yes,NO APPARENT INJURY,NONE,38.99117,-77.02694,"(38.99117, -77.02694)"
MCP1174003T,190045056,Montgomery County Police,Injury Crash,09/20/2019 10:09:00 AM,Maryland (State),WISCONSIN AVE,County,MIDDLETON LA,,N/A,PEDESTRIAN,SINGLE VEHICLE,CLEAR,DRY,DAYLIGHT,PERSON,UNKNOWN,NONE DETECTED,49FA17D4-6FE9-43F1-AA2E-054D7A78EF04,PEDESTRIAN,Standing,NO IMPROPER ACTIONS,ON ROADWAY NOT AT CROSSWALK,OTHER,REFLECTIVE MATERIAL,No,POSSIBLE INJURY,REFLECTIVE CLOTHING,38.98695093,-77.09486145,"(38.98695093, -77.09486145)"
MCP3039004G,190045636,Montgomery County Police,Injury Crash,09/23/2019 07:30:00 PM,,,,,SIDEWALK AT 8100 BLOCK OF GEORGIA AVENUE,,"BICYCLIST, PEDESTRIAN",SAME DIR REAR END,CLEAR,,DARK LIGHTS ON,NO CONTROLS,,NONE DETECTED,3D3BE0F3-D1F6-4781-87E9-DC7B4A5C7597,PEDESTRIAN,Walking/Cycling on Sidewalk,NO IMPROPER ACTIONS,SIDEWALK,N/A,MIXED CLOTHING,No,SUSPECTED MINOR INJURY,N/A,38.99117,-77.02694,"(38.99117, -77.02694)"
MCP2559003K,190045569,Montgomery County Police,Injury Crash,09/23/2019 01:41:00 PM,,,,,PARKING LOT OF 12197 DARNESTOWN RD,,PEDESTRIAN,OTHER,CLEAR,,DAYLIGHT,N/A,N/A,N/A,7ED8FCA8-B471-435B-9CF0-287EB6CA785B,PEDESTRIAN,Other,NO IMPROPER ACTIONS,OTHER,N/A,MIXED CLOTHING,No,POSSIBLE INJURY,NONE,39.11773333,-77.25130167,"(39.11773333, -77.25130167)"
MCP9404002C,190045043,Montgomery County Police,Injury Crash,09/20/2019 09:12:00 AM,Municipality,GIRARD ST,County,GOSHEN RD,,N/A,PEDESTRIAN,OTHER,N/A,DRY,DAYLIGHT,TRAFFIC SIGNAL,NONE DETECTED,N/A,B6A9695D-20C6-4783-BEAC-ABDC1FC7E852,PEDESTRIAN,Cross/Enter at Intersection,N/A,AT INTERSECTION MARKED CROSSWALK,OBEYED PED. SIGNAL,DARK CLOTHING,No,POSSIBLE INJURY,NONE,39.15070167,-77.19223333,"(39.15070167, -77.19223333)"
MCP3153001X,190062963,Montgomery County Police,Injury Crash,12/31/2019 05:51:00 PM,,,,,PARKING LOT OF 1131 UNIVERSITY BLVD W.,,PEDESTRIAN,SAME DIRECTION SIDESWIPE,CLEAR,,DARK LIGHTS ON,NO CONTROLS,NONE DETECTED,NONE DETECTED,DE0A6603-BA76-4346-A445-04F755FD4F9A,PEDESTRIAN,Hitchhiking,ENTERING EXITING PARKED STANDING VEHICLE,OTHER,NO PED. SIGNAL,DARK CLOTHING,No,POSSIBLE INJURY,N/A,39.03769333,-77.02894667,"(39.03769333, -77.02894667)"
MCP30890031,200000496,Montgomery County Police,Injury Crash,01/03/2020 06:15:00 PM,County,SHOREFIELD RD,Maryland (State),GEORGIA AVE,,N/A,PEDESTRIAN,OTHER,N/A,WET,DARK LIGHTS ON,N/A,N/A,N/A,AEFAB3F1-7826-4FC2-A9E4-CC6D985C7BB9,PEDESTRIAN,Cross/Enter at Intersection,NO IMPROPER ACTIONS,N/A,OBEYED PED. SIGNAL,N/A,No,SUSPECTED MINOR INJURY,N/A,39.01523,-77.03545833,"(39.01523, -77.03545833)"
MCP2919006P,200000940,Montgomery County Police,Injury Crash,01/06/2020 05:26:00 PM,Maryland (State),PINEY BRANCH RD,County,CARROLL AVE,,N/A,PEDESTRIAN,OTHER,N/A,DRY,DARK LIGHTS ON,OTHER,NONE DETECTED,NONE DETECTED,2B05FA33-17F4-4E83-9380-F7DEF3F333AE,PEDESTRIAN,Cross/Enter at Intersection,NO IMPROPER ACTIONS,ON ROADWAY AT CROSSWALK,N/A,UNKNOWN,No,POSSIBLE INJURY,N/A,39.00111833,-76.98745167,"(39.00111833, -76.98745167)"
MCP20010015,190053398,Montgomery County Police,Fatal Crash,11/06/2019 07:27:00 AM,Municipality,MCAULIFFE DR,Municipality,LINTHICUM ST,,ROCKVILLE,PEDESTRIAN,SINGLE VEHICLE,CLEAR,DRY,DAYLIGHT,NO CONTROLS,NONE DETECTED,NONE DETECTED,3BDF0544-8063-4831-8DAC-6E1807B94326,PEDESTRIAN,Cross/Enter not at Intersection,UNKNOWN,OUTSIDE RIGHT OF WAY,NO PED. SIGNAL,MIXED CLOTHING,Yes,FATAL INJURY,NONE,39.07656774,-77.11651066,"(39.07656774, -77.11651066)"
MCP3122002R,200000844,Montgomery County Police,Injury Crash,01/06/2020 07:00:00 AM,Maryland (State),LAYHILL RD,Unknown,ENT TO LAYHILL SHOPPING CENTER,,N/A,PEDESTRIAN,SINGLE VEHICLE,CLEAR,DRY,DARK -- UNKNOWN LIGHTING,NO CONTROLS,UNKNOWN,NONE DETECTED,F7E8AB3F-ACD1-434F-9FBA-8C6ED73104EE,PEDESTRIAN,Walking to/from school,NO IMPROPER ACTIONS,DRIVEWAY ACCESS MARKED CROSSWALK,NO PED. SIGNAL,MIXED CLOTHING,No,POSSIBLE INJURY,N/A,39.092464,-77.045316,"(39.092464, -77.045316)"
DD5636000H,190046115,Rockville Police Departme,Injury Crash,09/26/2019 08:10:00 AM,Municipality,PICCARD DR,Municipality,W GUDE DR,,ROCKVILLE,BICYCLIST,OTHER,CLEAR,DRY,DAYLIGHT,NO CONTROLS,NONE DETECTED,NONE DETECTED,5160D481-97A8-478B-90D6-3788C33AC0B5,BICYCLIST,N/A,NO IMPROPER ACTIONS,SIDEWALK,N/A,LIGHT CLOTHING,No,SUSPECTED MINOR INJURY,MC/BIKE HELMET,39.10320783,-77.17794864,"(39.10320783, -77.17794864)"
MCP242500FG,190046147,Montgomery County Police,Injury Crash,09/26/2019 11:34:00 AM,Maryland (State),COLESVILLE RD,County,SECOND AVE,,N/A,PEDESTRIAN,SINGLE VEHICLE,N/A,DRY,DAYLIGHT,TRAFFIC SIGNAL,NONE DETECTED,NONE DETECTED,3A26A2EE-2B62-488E-8BF2-A6AD83C4A6C9,PEDESTRIAN,Cross/Enter at Intersection,NO IMPROPER ACTIONS,AT INTERSECTION MARKED CROSSWALK,OBEYED PED. SIGNAL,DARK CLOTHING,No,SUSPECTED MINOR INJURY,NONE,38.99455167,-77.03069833,"(38.99455167, -77.03069833)"
MCP137800S9,190046402,Montgomery County Police,Injury Crash,09/27/2019 05:31:00 PM,Municipality,ODENDHAL AVE,Maryland (State),FREDERICK RD,,N/A,PEDESTRIAN,SINGLE VEHICLE,CLEAR,DRY,DAYLIGHT,NO CONTROLS,NONE DETECTED,NONE DETECTED,7A588CBC-E0F0-4103-BA5B-A612F4C7D9C9,PEDESTRIAN,Cross/Enter at Intersection,NO IMPROPER ACTIONS,SIDEWALK,NO PED. SIGNAL,LIGHT CLOTHING,No,POSSIBLE INJURY,N/A,39.14905667,-77.20646333,"(39.14905667, -77.20646333)"
EJ7869002Y,190026072,Gaithersburg Police Depar,Fatal Crash,05/31/2019 09:24:00 PM,Maryland (State),FREDERICK RD,Municipality,TRAVIS AVE,,GAITHERSBURG,PEDESTRIAN,OTHER,CLEAR,DRY,DARK LIGHTS ON,NO CONTROLS,NONE DETECTED,NONE DETECTED,0888FF5C-5DA3-4547-BC35-BC429A3C64E7,PEDESTRIAN,Cross/Enter not at Intersection,IN ROADWAY IMPROPERLY,ON ROADWAY NOT AT CROSSWALK,NO PED. SIGNAL,MIXED CLOTHING,Yes,FATAL INJURY,N/A,39.16128577,-77.22282999,"(39.16128577, -77.22282999)"
MCP102200D2,190046106,Montgomery County Police,Injury Crash,09/26/2019 07:04:00 AM,County,STEEPLE RD,Unknown,HIGHSTREAM DR,,N/A,PEDESTRIAN,SINGLE VEHICLE,CLEAR,DRY,DAWN,NO CONTROLS,NONE DETECTED,NONE DETECTED,0E4F7E30-E915-4419-BE7A-5E20646AC01A,PEDESTRIAN,Cross/Enter at Intersection,NO IMPROPER ACTIONS,AT INTERSECTION BUT NO CROSSWALK,NO PED. SIGNAL,MIXED CLOTHING,No,SUSPECTED SERIOUS INJURY,NONE,39.17207833,-77.28908833,"(39.17207833, -77.28908833)"
MCP271700QJ,190045681,Montgomery County Police,Injury Crash,09/24/2019 07:55:00 AM,Maryland (State),ROCKVILLE PIKE,County,NICHOLSON LA,,N/A,PEDESTRIAN,OTHER,CLEAR,DRY,DAYLIGHT,TRAFFIC SIGNAL,NONE DETECTED,NONE DETECTED,9336540B-2A30-449B-BA97-82238310B209,PEDESTRIAN,Cross/Enter at Intersection,NO IMPROPER ACTIONS,ON ROADWAY AT CROSSWALK,OBEYED PED. SIGNAL,MIXED CLOTHING,No,SUSPECTED MINOR INJURY,NONE,39.04454217,-77.11185467,"(39.04454217, -77.11185467)"
MCP3205000B,190045884,Montgomery County Police,Injury Crash,09/24/2019 10:27:00 PM,Other Public Roadway,GEORGIAN WAY,Other Public Roadway,GEORGIAN WOODS PL,,N/A,PEDESTRIAN,OTHER,N/A,DRY,DARK LIGHTS ON,N/A,ALCOHOL PRESENT,NONE DETECTED,26D24FA1-26C6-41D3-AC0F-ABF7CEBDB268,PEDESTRIAN,Other Working,OTHER,OTHER,UNKNOWN,DARK CLOTHING,No,SUSPECTED MINOR INJURY,N/A,39.05460802,-77.04683717,"(39.05460802, -77.04683717)"
DD5631002S,190046191,Rockville Police Departme,Property Damage Crash,09/26/2019 03:26:00 PM,Municipality,FALLSGROVE DR,Municipality,OAK KNOLL DR,,ROCKVILLE,BICYCLIST,OTHER,CLEAR,DRY,DAYLIGHT,STOP SIGN,NONE DETECTED,NONE DETECTED,FED53CBD-78E8-4BE4-A765-31D0BA8E3DAC,BICYCLIST,Cross/Enter at Intersection,NO IMPROPER ACTIONS,N/A,N/A,LIGHT CLOTHING,No,NO APPARENT INJURY,NONE,39.09560167,-77.19220333,"(39.09560167, -77.19220333)"
MCP3077001C,190046017,Montgomery County Police,Injury Crash,09/25/2019 04:36:00 PM,Maryland (State),GREAT SENECA HWY,County,MATENY RD,,N/A,BICYCLIST,OTHER,CLEAR,DRY,DAYLIGHT,NO CONTROLS,N/A,N/A,2463397E-4B02-4D31-8863-951E5486BB04,BICYCLIST,Cross/Enter at Intersection,OTHER,ON ROADWAY AT CROSSWALK,OTHER,DARK CLOTHING,Yes,POSSIBLE INJURY,NONE,39.16442333,-77.27305167,"(39.16442333, -77.27305167)"
MCP30630020,190046416,Montgomery County Police,Injury Crash,09/27/2019 06:51:00 PM,County,HOLLYWOOD AVE,Maryland (State),NEW HAMPSHIRE AVE,,N/A,BICYCLIST,N/A,CLEAR,DRY,DAYLIGHT,N/A,N/A,N/A,899B3E60-58D1-4E3B-87D4-4061520D4804,BICYCLIST,Playing,INATTENTIVE,OTHER,N/A,MIXED CLOTHING,Yes,POSSIBLE INJURY,NONE,39.06412222,-76.99740345,"(39.06412222, -76.99740345)"
MCP102200D3,190046149,Montgomery County Police,Injury Crash,09/26/2019 11:33:00 AM,Other Public Roadway,HILLCREST DR,Maryland (State),FREDERICK RD,,N/A,PEDESTRIAN,SINGLE VEHICLE,CLOUDY,DRY,DAYLIGHT,NO CONTROLS,NONE DETECTED,NONE DETECTED,6336FB31-6329-4765-8F1D-10DAAEF8ADB8,PEDESTRIAN,Cross/Enter not at Intersection,NO IMPROPER ACTIONS,ON ROADWAY NOT AT CROSSWALK,NO PED. SIGNAL,MIXED CLOTHING,No,SUSPECTED SERIOUS INJURY,NONE,39.17669667,-77.23792167,"(39.17669667, -77.23792167)"
MCP26710023,190045440,Montgomery County Police,Property Damage Crash,09/22/2019 03:20:00 PM,County,DEXTER AVE,Maryland (State),GEORGIA AVE,,N/A,BICYCLIST,SINGLE VEHICLE,CLEAR,DRY,DAYLIGHT,STOP SIGN,NONE DETECTED,NONE DETECTED,C881FC78-E916-4F09-9245-9D55A61F7EEC,BICYCLIST,Cross/Enter at Intersection,NO IMPROPER ACTIONS,AT INTERSECTION BUT NO CROSSWALK,NO PED. SIGNAL,MIXED CLOTHING,No,NO APPARENT INJURY,NONE,39.02221348,-77.04513091,"(39.02221348, -77.04513091)"
MCP3019002L,190045835,Montgomery County Police,Injury Crash,09/24/2019 06:30:00 PM,County,GROSVENOR LA,County,FLEMING AVE,,N/A,PEDESTRIAN,SAME DIRECTION SIDESWIPE,CLEAR,DRY,DAYLIGHT,NO CONTROLS,NONE DETECTED,NONE DETECTED,98D48BA2-CABD-41F3-8C88-073F53DDC744,PEDESTRIAN,Getting off/on Vehicle,NO IMPROPER ACTIONS,ON ROADWAY NOT AT CROSSWALK,NO PED. SIGNAL,DARK CLOTHING,No,POSSIBLE INJURY,NONE,39.02273833,-77.11221833,"(39.02273833, -77.11221833)"
MCP24920018,190053921,Montgomery County Police,Injury Crash,11/08/2019 05:45:00 PM,Ramp,RAMP 5 FR MD 187 SB TO RAMP 4 (TO IS495),Maryland (State),OLD GEORGETOWN RD,,N/A,BICYCLIST,OTHER,CLEAR,DRY,DARK LIGHTS ON,TRAFFIC SIGNAL,NONE DETECTED,NONE DETECTED,A96301C6-8293-4CDD-9E7E-BC3587392B9A,BICYCLIST,Cross/Enter at Intersection,UNKNOWN,ON ROADWAY AT CROSSWALK,UNKNOWN,MIXED CLOTHING,Yes,SUSPECTED SERIOUS INJURY,NONE,39.01519376,-77.11870394,"(39.01519376, -77.11870394)"
MCP2853006P,190046041,Montgomery County Police,Injury Crash,09/25/2019 06:15:00 PM,Maryland (State),UNIVERSITY BLVD E,US (State),COLESVILLE RD,,N/A,BICYCLIST,OTHER,N/A,DRY,DAYLIGHT,TRAFFIC SIGNAL,N/A,N/A,051670A4-779E-4DAB-852B-653FD54BF76A,BICYCLIST,Cross/Enter at Intersection,NO IMPROPER ACTIONS,AT INTERSECTION MARKED CROSSWALK,OBEYED PED. SIGNAL,LIGHT CLOTHING,No,SUSPECTED MINOR INJURY,MC/BIKE HELMET,39.01966077,-77.01314944,"(39.01966077, -77.01314944)"
MCP2869003W,190047272,Montgomery County Police,Injury Crash,10/02/2019 02:40:00 PM,County,KERWIN RD,Maryland (State),UNIVERSITY BLVD W,,N/A,BICYCLIST,OTHER,N/A,DRY,DAYLIGHT,STOP SIGN,UNKNOWN,NONE DETECTED,FFEC9862-6481-4B52-A6AD-31537C818010,BICYCLIST,Cross/Enter at Intersection,NO IMPROPER ACTIONS,AT INTERSECTION BUT NO CROSSWALK,NO PED. SIGNAL,LIGHT CLOTHING,No,SUSPECTED MINOR INJURY,MC/BIKE HELMET,39.02979358,-77.02100592,"(39.02979358, -77.02100592)"
DD5624003Q,200000635,Rockville Police Departme,Injury Crash,01/04/2020 04:15:00 PM,,,,,IN PARKING LOT OF 1902 VIERS MILL ROAD,,PEDESTRIAN,OTHER,RAINING,,DARK LIGHTS ON,NO CONTROLS,NONE DETECTED,NONE DETECTED,418D6B68-7BE9-43F2-9003-95F0FA7AA155,PEDESTRIAN,Other,NO IMPROPER ACTIONS,OTHER,NO PED. SIGNAL,MIXED CLOTHING,No,POSSIBLE INJURY,NONE,39.07612117,-77.11713417,"(39.07612117, -77.11713417)"
DD5624003P,200000481,Rockville Police Departme,Injury Crash,01/03/2020 06:05:00 PM,Municipality,HURLEY AVE,Maryland (State),W MONTGOMERY AVE,,N/A,PEDESTRIAN,OTHER,RAINING,WET,DARK LIGHTS ON,TRAFFIC SIGNAL,NONE DETECTED,NONE DETECTED,B7E9065B-C7CE-4CBF-8E29-E45A85A53CA8,PEDESTRIAN,Cross/Enter at Intersection,N/A,ON ROADWAY AT CROSSWALK,OBEYED PED. SIGNAL,MIXED CLOTHING,No,POSSIBLE INJURY,NONE,39.08949067,-77.17789667,"(39.08949067, -77.17789667)"
MCP24920017,190049226,Montgomery County Police,Fatal Crash,10/13/2019 07:40:00 PM,Maryland (State),UNIVERSITY BLVD E,County,SEEK LA,,N/A,PEDESTRIAN,OTHER,CLEAR,DRY,DARK LIGHTS ON,NO CONTROLS,"COMBINED SUBSTANCE PRESENT, NONE DETECTED",ALCOHOL PRESENT,0546D6C8-ADB1-4234-A0BE-03E925DF03D1,PEDESTRIAN,Cross/Enter not at Intersection,UNKNOWN,N/A,NO PED. SIGNAL,DARK CLOTHING,No,FATAL INJURY,NONE,38.99723,-76.99353667,"(38.99723, -76.99353667)"
MCP2228000P,200001033,Montgomery County Police,Injury Crash,01/07/2020 09:40:00 AM,County,MONTROSE RD,Municipality,TILDENWOOD DR,,ROCKVILLE,PEDESTRIAN,SINGLE VEHICLE,N/A,DRY,DAYLIGHT,TRAFFIC SIGNAL,NONE DETECTED,NONE DETECTED,55A250BA-F78E-45D8-98A8-2FADF6807426,PEDESTRIAN,Cross/Enter at Intersection,NO IMPROPER ACTIONS,ON ROADWAY AT CROSSWALK,OBEYED PED. SIGNAL,DARK CLOTHING,No,SUSPECTED MINOR INJURY,NONE,39.053775,-77.13771333,"(39.053775, -77.13771333)"
MCP20010012,190034490,Montgomery County Police,Fatal Crash,07/20/2019 10:05:00 AM,County,TUCKERMAN LA,Unknown,KINGS RIDING WAY,,N/A,PEDESTRIAN,SINGLE VEHICLE,CLEAR,DRY,DAYLIGHT,OTHER,NONE DETECTED,N/A,45C7B029-E58E-45A4-9121-5217C662EEF3,PEDESTRIAN,Other,UNKNOWN,ON ROADWAY AT CROSSWALK,UNKNOWN,UNKNOWN,No,FATAL INJURY,N/A,39.02977855,-77.11242879,"(39.02977855, -77.11242879)"