Report Number,Local Case Number,Agency Name,ACRS Report Type,Crash Date/Time,Route Type,Road Name,Cross-Street Type,Cross-Street Name,Off-Road Description,Municipality,Related Non-Motorist,Collision Type,Weather,Surface Condition,Light,Traffic Control,Driver Substance Abuse,Non-Motorist Substance Abuse,Person ID,Pedestrian Type,Pedestrian Movement,Pedestrian Actions,Pedestrian Location,Pedestrian Obeyed Traffic Signal,Pedestrian Visibility,At Fault,Injury Severity,Safety Equipment,Latitude,Longitude,Location
MCP3205000T,200000859,Montgomery County Police,Injury Crash,01/06/2020 10:38:00 AM,,,,,"DRIVEWAY OF 413 DENNIS AVE SILVER SPRING, MD 20901",,OTHER,SINGLE VEHICLE,N/A,,DAYLIGHT,N/A,,NONE DETECTED,B026062D-7E2A-4D0A-866D-2653D6B99E31,OTHER,Other,NO IMPROPER ACTIONS,OTHER,N/A,N/A,Unknown,SUSPECTED SERIOUS INJURY,N/A,39.027372,-77.01802633,"(39.027372, -77.01802633)"
MCP31990017,200000847,Montgomery County Police,Injury Crash,01/06/2020 09:18:00 AM,County,STONINGTON PL,County,LOVEJOY ST,,N/A,PEDESTRIAN,OTHER,CLEAR,DRY,DAYLIGHT,NO CONTROLS,NONE DETECTED,NONE DETECTED,678704E5-CE4C-4175-B18E-D3629978F1B8,PEDESTRIAN,Other Working,N/A,ON ROADWAY NOT AT CROSSWALK,NO PED. SIGNAL,REFLECTIVE MATERIAL,No,SUSPECTED MINOR INJURY,REFLECTIVE CLOTHING,39.04800833,-77.01899,"(39.04800833, -77.01899)"
MCP26640053,200000514,Montgomery County Police,Injury Crash,01/03/2020 09:30:00 PM,County,NOTLEY RD,Maryland (State),NEW HAMPSHIRE AVE,,N/A,PEDESTRIAN,SINGLE VEHICLE,RAINING,WET,DARK LIGHTS ON,NO CONTROLS,NONE DETECTED,NONE DETECTED,1F50DCD9-A1BE-4DC7-A647-264D4C75B708,PEDESTRIAN,Cross/Enter at Intersection,NO IMPROPER ACTIONS,ON ROADWAY AT CROSSWALK,NO PED. SIGNAL,DARK CLOTHING,No,SUSPECTED MINOR INJURY,NONE,39.08060233,-77.00153517,"(39.08060233, -77.00153517)"
MCP3111001P,190048267,Montgomery County Police,Property Damage Crash,10/08/2019 10:11:00 AM,Maryland (State),ROCKVILLE PIKE,Government,CENTER DR,,N/A,PEDESTRIAN,SAME DIR REAR END,CLEAR,DRY,DAYLIGHT,TRAFFIC SIGNAL,NONE DETECTED,NONE DETECTED,1562C393-14B9-44AA-BB7B-6C8309B641FB,PEDESTRIAN,Cross/Enter at Intersection,NO IMPROPER ACTIONS,AT INTERSECTION MARKED CROSSWALK,OBEYED PED. SIGNAL,LIGHT CLOTHING,No,NO APPARENT INJURY,NONE,38.99693893,-77.09671783,"(38.99693893, -77.09671783)"
DD56300026,190049187,Rockville Police Departme,Property Damage Crash,10/07/2019 07:55:00 AM,Municipality,MARYLAND AVE,Municipality,NEW MARK ESPLANADE,,ROCKVILLE,BICYCLIST,OTHER,CLEAR,DRY,DAYLIGHT,NO CONTROLS,UNKNOWN,NONE DETECTED,33E91FB8-8469-44E0-ADC4-67F645112AB3,BICYCLIST,Other,NO IMPROPER ACTIONS,ON ROADWAY AT CROSSWALK,NO PED. SIGNAL,LIGHT CLOTHING,No,NO APPARENT INJURY,NONE,39.08654,-77.13022,"(39.08654, -77.13022)"
DD56420002,190047941,Rockville Police Departme,Injury Crash,10/06/2019 11:52:00 AM,,,,,PARKING LOT OF 344 MARTINS LN.,,PEDESTRIAN,OTHER,CLEAR,,DAYLIGHT,NO CONTROLS,NONE DETECTED,N/A,506213E0-BF1D-4FF9-89CD-872860B4D3BE,PEDESTRIAN,N/A,NO IMPROPER ACTIONS,OTHER,N/A,UNKNOWN,No,SUSPECTED MINOR INJURY,N/A,39.09104914,-77.16127881,"(39.09104914, -77.16127881)"
MCP2720003Y,190046096,Montgomery County Police,Injury Crash,09/26/2019 03:01:00 AM,Maryland (State),GEORGIA AVE,County,VERONA DR,,N/A,PEDESTRIAN,SINGLE VEHICLE,CLEAR,DRY,DARK -- UNKNOWN LIGHTING,NO CONTROLS,UNKNOWN,ALCOHOL PRESENT,C09EC55D-5D5B-49F1-A804-B1CF0E8EF76D,PEDESTRIAN,Cross/Enter not at Intersection,IN ROADWAY IMPROPERLY,ON ROADWAY NOT AT CROSSWALK,NO PED. SIGNAL,MIXED CLOTHING,Yes,SUSPECTED SERIOUS INJURY,NONE,39.07491918,-77.06742952,"(39.07491918, -77.06742952)"
MCP3141001C,190047569,Montgomery County Police,Injury Crash,10/04/2019 08:11:00 AM,,,,,"12289 TECH ROAD, SILVER SPRING, MONTGOMERY COUNTY MD.",,PEDESTRIAN,SINGLE VEHICLE,N/A,,DAYLIGHT,NO CONTROLS,UNKNOWN,NONE DETECTED,A5387573-2B50-4DAB-A4D2-5A871CACD313,PEDESTRIAN,Cross/Enter at Intersection,NO IMPROPER ACTIONS,ON ROADWAY AT CROSSWALK,OBEYED PED. SIGNAL,LIGHT CLOTHING,No,POSSIBLE INJURY,NONE,39.05628324,-76.96821265,"(39.05628324, -76.96821265)"
MCP137800SJ,190048178,Montgomery County Police,Injury Crash,10/07/2019 06:51:00 PM,County,SNOUFFERS SCHOOL RD,Maryland (State),WOODFIELD RD,,N/A,PEDESTRIAN,SINGLE VEHICLE,CLOUDY,DRY,DARK LIGHTS ON,WARNING SIGN,NONE DETECTED,ALCOHOL PRESENT,A571EEEA-6D0C-4E05-9971-F9CCFE06EE58,PEDESTRIAN,Cross/Enter not at Intersection,DART DASH,ISLAND,NO PED. SIGNAL,DARK CLOTHING,Yes,SUSPECTED SERIOUS INJURY,NONE,39.16084,-77.16312333,"(39.16084, -77.16312333)"
MCP1433002P,190048012,Montgomery County Police,Injury Crash,10/06/2019 07:30:00 PM,,,,,ENTRANCE TO FEDERAL PLAZA SHOPPING CENTER,,PEDESTRIAN,OTHER,CLOUDY,,DARK LIGHTS ON,TRAFFIC SIGNAL,NONE DETECTED,NONE DETECTED,B3B59870-6E5C-4F19-931F-C313B7AFE458,PEDESTRIAN,Cross/Enter at Intersection,NO IMPROPER ACTIONS,ON ROADWAY AT CROSSWALK,OBEYED PED. SIGNAL,DARK CLOTHING,No,POSSIBLE INJURY,NONE,39.05744564,-77.12036467,"(39.05744564, -77.12036467)"
MCP1575009K,190048063,Montgomery County Police,Injury Crash,10/07/2019 07:41:00 AM,County,CRABBS BRANCH WAY,County,REDLAND RD,,N/A,BICYCLIST,OTHER,CLOUDY,DRY,DAYLIGHT,TRAFFIC SIGNAL,NONE DETECTED,NONE DETECTED,43E22780-ED05-47D4-8D23-1702A0B9AD8C,BICYCLIST,Cross/Enter at Intersection,IN ROADWAY IMPROPERLY,ON ROADWAY NOT AT CROSSWALK,OBEYED PED. SIGNAL,DARK CLOTHING,No,POSSIBLE INJURY,MC/BIKE HELMET,39.12108167,-77.15834833,"(39.12108167, -77.15834833)"
MCP2917005K,190047266,Montgomery County Police,Injury Crash,10/02/2019 02:34:00 PM,Maryland (State),NEW HAMPSHIRE AVE,County,BRIGHTON DAM RD,,N/A,BICYCLIST,SAME DIR REAR END,CLEAR,DRY,DAYLIGHT,NO CONTROLS,NONE DETECTED,NONE DETECTED,23BE9A5F-3A32-4A9B-B987-31CD58DECAFC,BICYCLIST,Walking/Riding w/Traffic,IN ROADWAY IMPROPERLY,SHOULDER,NO PED. SIGNAL,DARK CLOTHING,Unknown,SUSPECTED MINOR INJURY,NONE,39.19523661,-77.02560639,"(39.19523661, -77.02560639)"
MCP3050003X,190047996,Montgomery County Police,Injury Crash,10/06/2019 06:17:00 PM,County,GRENOBLE CT,County,GRENOBLE DR,,N/A,BICYCLIST,SINGLE VEHICLE,CLEAR,DRY,DAYLIGHT,NO CONTROLS,NONE DETECTED,NONE DETECTED,FE8A870F-390C-485F-99ED-77C3D0B40ED6,BICYCLIST,Other,DART DASH,AT INTERSECTION BUT NO CROSSWALK,NO PED. SIGNAL,LIGHT CLOTHING,No,SUSPECTED MINOR INJURY,MC/BIKE HELMET,39.07023734,-77.08879965,"(39.07023734, -77.08879965)"
DD56420002,190047941,Rockville Police Departme,Injury Crash,10/06/2019 11:52:00 AM,,,,,PARKING LOT OF 344 MARTINS LN.,,PEDESTRIAN,OTHER,CLEAR,,DAYLIGHT,NO CONTROLS,NONE DETECTED,N/A,D57D2673-A95D-4E3F-BC3E-880E0478096B,PEDESTRIAN,N/A,NO IMPROPER ACTIONS,OTHER,NO PED. SIGNAL,UNKNOWN,No,SUSPECTED MINOR INJURY,N/A,39.09104914,-77.16127881,"(39.09104914, -77.16127881)"
MCP3201000F,190047924,Montgomery County Police,Injury Crash,10/06/2019 09:17:00 AM,,,,,PARKING LOT OF 13114 BRIARCLIFF TERRACE.,,PEDESTRIAN,OTHER,CLOUDY,,DAYLIGHT,NO CONTROLS,N/A,N/A,6DE63A68-117D-49A8-9BEC-1DE40C9DDC69,PEDESTRIAN,Playing,IN ROADWAY IMPROPERLY,OTHER,N/A,LIGHT CLOTHING,Yes,SUSPECTED SERIOUS INJURY,NONE,39.18211656,-77.27417256,"(39.18211656, -77.27417256)"
MCP29950055,190047077,Montgomery County Police,Injury Crash,10/02/2019 04:35:00 PM,,,,,"PARKING LOT OF 4101 RANDOLPH RD. SILVER SPRING, MD 20906. (SHELL GAS STATION)",,PEDESTRIAN,N/A,CLEAR,,DAYLIGHT,NO CONTROLS,NONE DETECTED,NONE DETECTED,3ACB19FD-9E19-4DE0-9820-391345037DA0,PEDESTRIAN,Standing,OTHER,OTHER,N/A,DARK CLOTHING,No,POSSIBLE INJURY,N/A,39.09205,-77.06954167,"(39.09205, -77.06954167)"
MCP2372002C,190049760,Montgomery County Police,Injury Crash,10/17/2019 09:31:00 AM,,,,,PARKING LOT OF 5214 RIVER ROAD,,PEDESTRIAN,SINGLE VEHICLE,CLEAR,,DAYLIGHT,N/A,NONE DETECTED,NONE DETECTED,B97021D4-97A1-4429-A5F1-A276D73D6D58,PEDESTRIAN,Other,NO IMPROPER ACTIONS,OTHER,N/A,MIXED CLOTHING,No,POSSIBLE INJURY,NONE,38.964625,-77.10461667,"(38.964625, -77.10461667)"
MCP2845005M,190048420,Montgomery County Police,Injury Crash,10/09/2019 06:45:00 AM,County,DENNIS AVE,Maryland (State),UNIVERSITY BLVD W,,N/A,BICYCLIST,SINGLE VEHICLE,CLEAR,WET,DARK LIGHTS ON,TRAFFIC SIGNAL,NONE DETECTED,NONE DETECTED,A7BBBAF5-0DFE-4272-BCE1-B9DFAE7E39B4,BICYCLIST,Cross/Enter at Intersection,NO IMPROPER ACTIONS,AT INTERSECTION MARKED CROSSWALK,OBEYED PED. SIGNAL,MIXED CLOTHING,No,POSSIBLE INJURY,NONE,39.02594927,-77.02031117,"(39.02594927, -77.02031117)"
DD56050073,190049295,Rockville Police Departme,Injury Crash,10/14/2019 02:00:00 PM,Maryland (State),ROCKVILLE PIKE,Municipality,EDMONSTON DR,,ROCKVILLE,PEDESTRIAN,STRAIGHT MOVEMENT ANGLE,CLEAR,DRY,DAYLIGHT,TRAFFIC SIGNAL,NONE DETECTED,NONE DETECTED,13DF6548-8ACA-48EA-8075-35A1F3D056B2,PEDESTRIAN,Standing,NO IMPROPER ACTIONS,SIDEWALK,OBEYED PED. SIGNAL,LIGHT CLOTHING,No,SUSPECTED SERIOUS INJURY,N/A,39.07450917,-77.13577483,"(39.07450917, -77.13577483)"
EJ7851004R,190047966,Gaithersburg Police Depar,Injury Crash,10/06/2019 02:51:00 PM,Maryland (State),FREDERICK RD,Municipality,MARYLAND AVE,,GAITHERSBURG,PEDESTRIAN,SINGLE VEHICLE,CLOUDY,DRY,DAYLIGHT,NO CONTROLS,NONE DETECTED,NONE DETECTED,257DF127-10F0-4697-B21E-2CE00D0F737D,PEDESTRIAN,Standing,N/A,ON ROADWAY NOT AT CROSSWALK,NO PED. SIGNAL,MIXED CLOTHING,Yes,POSSIBLE INJURY,NONE,39.14538076,-77.20329128,"(39.14538076, -77.20329128)"
MCP3161001S,190048151,Montgomery County Police,Injury Crash,10/07/2019 03:39:00 PM,Maryland (State),UNIVERSITY BLVD W,Municipality,PERRY AVE,,KENSINGTON,PEDESTRIAN,SAME DIR REAR END,CLEAR,DRY,DAYLIGHT,N/A,NONE DETECTED,NONE DETECTED,10E8645F-28F0-47A3-9F86-1967E2B03C01,PEDESTRIAN,Cross/Enter at Intersection,UNKNOWN,ON ROADWAY AT CROSSWALK,UNKNOWN,DARK CLOTHING,No,POSSIBLE INJURY,NONE,39.03274833,-77.07378833,"(39.03274833, -77.07378833)"
MCP31810015,190048656,Montgomery County Police,Injury Crash,10/10/2019 12:18:00 PM,County,ARCOLA AVE,County,CHANNING DR,,N/A,BICYCLIST,STRAIGHT MOVEMENT ANGLE,CLEAR,DRY,DAYLIGHT,OTHER,N/A,N/A,9AC9E812-E25C-4CDC-A670-67EA2C4E0C3E,BICYCLIST,Cross/Enter at Intersection,NO IMPROPER ACTIONS,ON ROADWAY AT CROSSWALK,OBEYED PED. SIGNAL,LIGHT CLOTHING,No,SUSPECTED MINOR INJURY,MC/BIKE HELMET,39.04758833,-77.040925,"(39.04758833, -77.040925)"
DM8374002K,190048900,Takoma Park Police Depart,Injury Crash,10/11/2019 03:09:00 PM,,,,,PARKING LOT 1159 UNIVERSITY BLVD,,PEDESTRIAN,OTHER,CLEAR,,DAYLIGHT,N/A,N/A,N/A,2B08D966-0BAA-4EF0-AEB1-CBF36734F82D,PEDESTRIAN,Other,IN ROADWAY IMPROPERLY,ON ROADWAY NOT AT CROSSWALK,N/A,N/A,Yes,POSSIBLE INJURY,NONE,38.98876,-76.98915833,"(38.98876, -76.98915833)"
MCP3121002G,190048939,Montgomery County Police,Property Damage Crash,10/11/2019 07:50:00 PM,County,WALKERS CHOICE RD,County,LAKE LANDING RD,,N/A,PEDESTRIAN,SINGLE VEHICLE,CLEAR,DRY,DARK LIGHTS ON,TRAFFIC SIGNAL,UNKNOWN,NONE DETECTED,1AE34311-0563-4631-A417-BA827EDBD59A,PEDESTRIAN,Cross/Enter at Intersection,NO IMPROPER ACTIONS,ON ROADWAY AT CROSSWALK,OBEYED PED. SIGNAL,MIXED CLOTHING,No,NO APPARENT INJURY,NONE,39.16144578,-77.20209489,"(39.16144578, -77.20209489)"
MCP1334008M,190049413,Montgomery County Police,Injury Crash,10/15/2019 10:05:00 AM,County,STEDWICK RD,County,WATKINS MILL RD,,N/A,BICYCLIST,SINGLE VEHICLE,CLEAR,DRY,DAYLIGHT,TRAFFIC SIGNAL,NONE DETECTED,NONE DETECTED,1B58421D-F511-457B-A8AF-FE04EDF0561C,BICYCLIST,Cross/Enter at Intersection,FAILURE TO OBEY TRAFFIC SIGNS SIGNALS OR OFFICER,ON ROADWAY AT CROSSWALK,DISOBEYED PED. SIGNAL,MIXED CLOTHING,Yes,SUSPECTED MINOR INJURY,NONE,39.17055666,-77.20888418,"(39.17055666, -77.20888418)"
MCP31090039,190046689,Montgomery County Police,Injury Crash,09/29/2019 02:50:00 PM,County,FENTON ST,County,SILVER SPRING AVE,,N/A,BICYCLIST,SAME DIRECTION LEFT TURN,CLEAR,DRY,DAYLIGHT,NO CONTROLS,NONE DETECTED,NONE DETECTED,73BB0070-8867-478B-A1FC-3CF519878D27,BICYCLIST,Walking/Riding w/Traffic,OTHER,ON ROADWAY NOT AT CROSSWALK,N/A,LIGHT CLOTHING,Unknown,SUSPECTED MINOR INJURY,MC/BIKE HELMET,38.99094767,-77.02418567,"(38.99094767, -77.02418567)"
EJ78700020,190045638,Gaithersburg Police Depar,Injury Crash,09/23/2019 08:02:00 PM,County,FIELDS RD,Municipality,RIO BLVD,,GAITHERSBURG,OTHER CONVEYANCE,STRAIGHT MOVEMENT ANGLE,CLEAR,DRY,DARK LIGHTS ON,NO CONTROLS,NONE DETECTED,NONE DETECTED,AFA9DE77-1C2F-4ABE-8055-0046E48913B4,OTHER CONVEYANCE,Cross/Enter not at Intersection,FAILURE TO YIELD RIGHT OF WAY,ON ROADWAY AT CROSSWALK,NO PED. SIGNAL,DARK CLOTHING,Yes,POSSIBLE INJURY,NONE,39.11428548,-77.20563496,"(39.11428548, -77.20563496)"
MCP12330039,190048743,Montgomery County Police,Injury Crash,10/10/2019 07:26:00 PM,,,,,10526 CONNECTICUT AVE. (PARKING LOT) KENSINGTON,,PEDESTRIAN,HEAD ON LEFT TURN,CLEAR,,DARK NO LIGHTS,NO CONTROLS,NONE DETECTED,NONE DETECTED,5A8F3038-3484-44BD-BC2E-D6734078D5BE,PEDESTRIAN,Other,NO IMPROPER ACTIONS,OTHER,N/A,MIXED CLOTHING,No,SUSPECTED MINOR INJURY,N/A,39.02790167,-77.07686167,"(39.02790167, -77.07686167)"
MCP3161001S,190048151,Montgomery County Police,Injury Crash,10/07/2019 03:39:00 PM,Maryland (State),UNIVERSITY BLVD W,Municipality,PERRY AVE,,KENSINGTON,PEDESTRIAN,SAME DIR REAR END,CLEAR,DRY,DAYLIGHT,N/A,NONE DETECTED,NONE DETECTED,7B8D538E-C5E5-4982-8B40-5AD24E079F91,PEDESTRIAN,Cross/Enter at Intersection,UNKNOWN,ON ROADWAY AT CROSSWALK,UNKNOWN,DARK CLOTHING,No,NO APPARENT INJURY,NONE,39.03274833,-77.07378833,"(39.03274833, -77.07378833)"
MCP26150037,190047703,Montgomery County Police,Property Damage Crash,10/04/2019 06:38:00 PM,,,,,"13855 OUTLET DRIVE,
SILVER SPRING, MD, 20904",,PEDESTRIAN,OTHER,CLEAR,,DAYLIGHT,NO CONTROLS,UNKNOWN,NONE DETECTED,383B9F92-7FE7-4BAE-AAD2-84450AC7095A,PEDESTRIAN,Standing,N/A,OTHER,NO PED. SIGNAL,LIGHT CLOTHING,No,NO APPARENT INJURY,N/A,39.08240609,-76.94673901,"(39.08240609, -76.94673901)"
MCP3112003J,190049350,Montgomery County Police,Injury Crash,10/14/2019 07:38:00 PM,,,,,"REAR ENTRANCE TO 7620 OLD GEORGETOWN ROAD, BETHESDA MD-- ENTRANCE ON WOODMONT AVE",,PEDESTRIAN,SINGLE VEHICLE,CLEAR,,DARK NO LIGHTS,N/A,NONE DETECTED,NONE DETECTED,8ACD8093-00B1-4017-937D-4F8E7B0729EF,PEDESTRIAN,Walking/Cycling on Sidewalk,NO IMPROPER ACTIONS,SIDEWALK,NO PED. SIGNAL,MIXED CLOTHING,No,POSSIBLE INJURY,N/A,38.98563933,-77.09691383,"(38.98563933, -77.09691383)"
MCP3004003C,190048190,Montgomery County Police,Injury Crash,10/07/2019 08:00:00 PM,County,COLSTON DR,County,GRUBB RD,,N/A,PEDESTRIAN,OTHER,CLEAR,DRY,DARK LIGHTS ON,N/A,NONE DETECTED,NONE DETECTED,80B4F5E8-86E3-4159-A902-A37E02E9865C,PEDESTRIAN,Cross/Enter at Intersection,NO IMPROPER ACTIONS,OTHER,NO PED. SIGNAL,MIXED CLOTHING,No,POSSIBLE INJURY,NONE,38.99326167,-77.05107167,"(38.99326167, -77.05107167)"
MCP3161001S,190048151,Montgomery County Police,Injury Crash,10/07/2019 03:39:00 PM,Maryland (State),UNIVERSITY BLVD W,Municipality,PERRY AVE,,KENSINGTON,PEDESTRIAN,SAME DIR REAR END,CLEAR,DRY,DAYLIGHT,N/A,NONE DETECTED,NONE DETECTED,EBEEDCC1-4C2C-4A6A-B12E-126804D64FFC,PEDESTRIAN,Cross/Enter at Intersection,UNKNOWN,ON ROADWAY AT CROSSWALK,UNKNOWN,DARK CLOTHING,No,POSSIBLE INJURY,NONE,39.03274833,-77.07378833,"(39.03274833, -77.07378833)"
MCP1389002J,190049063,Montgomery County Police,Injury Crash,10/12/2019 04:30:00 PM,County,LOST KNIFE RD,Other Public Roadway,ODENDHAL AVE,,N/A,OTHER CONVEYANCE,STRAIGHT MOVEMENT ANGLE,CLEAR,DRY,DAYLIGHT,OTHER,NONE DETECTED,NONE DETECTED,14B5B731-26B4-4E57-800C-50E3D84E4131,OTHER CONVEYANCE,Other,NO IMPROPER ACTIONS,MIDBLOCK MARKED CROSSWALK,N/A,DARK CLOTHING,No,SUSPECTED SERIOUS INJURY,N/A,39.15281153,-77.1985404,"(39.15281153, -77.1985404)"
MCP2450002X,190049073,Montgomery County Police,Injury Crash,10/12/2019 05:49:00 PM,US (State),GEORGIA AVE,County,13TH ST,,N/A,PEDESTRIAN,OTHER,N/A,N/A,DAYLIGHT,OTHER,NONE DETECTED,NONE DETECTED,3C03F820-6078-41AA-9F35-5CA3B2B52AA3,PEDESTRIAN,Getting off/on Vehicle,NO IMPROPER ACTIONS,SIDEWALK,N/A,N/A,No,POSSIBLE INJURY,N/A,38.98692833,-77.02664,"(38.98692833, -77.02664)"
MCP31560011,190048989,Montgomery County Police,Injury Crash,10/12/2019 01:03:00 AM,Maryland (State),16TH ST,Maryland (State),EAST WEST HWY,,N/A,PEDESTRIAN,SINGLE VEHICLE,CLEAR,DRY,DARK LIGHTS ON,TRAFFIC SIGNAL,UNKNOWN,NONE DETECTED,2BA8C315-B7A3-49EE-8C45-FA01C96C839F,PEDESTRIAN,Cross/Enter at Intersection,FAILURE TO OBEY TRAFFIC SIGNS SIGNALS OR OFFICER,ON ROADWAY AT CROSSWALK,NO PED. SIGNAL,DARK CLOTHING,Yes,SUSPECTED MINOR INJURY,NONE,38.99460544,-77.03637746,"(38.99460544, -77.03637746)"
MCP3105002M,190048654,Montgomery County Police,Injury Crash,10/10/2019 11:56:00 AM,,,,,PARKING LOT OF 19945 CENTURY BLVD (CHICK FIL A),,PEDESTRIAN,SINGLE VEHICLE,CLEAR,,DAYLIGHT,N/A,UNKNOWN,NONE DETECTED,68C3AE05-4B66-4B62-87E3-98D422E3E26B,PEDESTRIAN,Other,UNKNOWN,OTHER,N/A,MIXED CLOTHING,No,POSSIBLE INJURY,N/A,39.18241917,-77.261541,"(39.18241917, -77.261541)"
MCP2667006J,190048595,Montgomery County Police,Injury Crash,10/10/2019 05:30:00 AM,County,OAKMONT AVE,County,RAILROAD ST,,N/A,PEDESTRIAN,OTHER,CLEAR,DRY,DARK NO LIGHTS,N/A,NONE DETECTED,NONE DETECTED,0A39FED6-93C6-4BED-BE1F-33D8E18D9C0C,PEDESTRIAN,Standing,IN ROADWAY IMPROPERLY,ON ROADWAY NOT AT CROSSWALK,N/A,MIXED CLOTHING,Yes,SUSPECTED SERIOUS INJURY,NONE,39.13180626,-77.17504441,"(39.13180626, -77.17504441)"
MCP2039005P,190046658,Montgomery County Police,Injury Crash,09/29/2019 10:45:00 AM,Maryland (State),CONNECTICUT AVE,County,ASPEN HILL RD,,N/A,BICYCLIST,HEAD ON LEFT TURN,CLEAR,DRY,DAYLIGHT,TRAFFIC SIGNAL,N/A,N/A,3BC7DC7E-F6FB-4AB2-99DE-2EB1B9C35E57,BICYCLIST,Other,UNKNOWN,ON ROADWAY NOT AT CROSSWALK,OBEYED PED. SIGNAL,LIGHT CLOTHING,Unknown,SUSPECTED MINOR INJURY,N/A,39.08048,-77.08027833,"(39.08048, -77.08027833)"
MCP30580033,190049692,Montgomery County Police,Injury Crash,10/16/2019 07:00:00 PM,County,SEVEN LOCKS RD,County,GOYA DR,,N/A,PEDESTRIAN,OTHER,CLOUDY,WET,DARK LIGHTS ON,NO CONTROLS,NONE DETECTED,NONE DETECTED,882D6A32-BCD3-45EA-8091-E46CD8267E77,PEDESTRIAN,Cross/Enter at Intersection,INATTENTIVE,ON ROADWAY AT CROSSWALK,NO PED. SIGNAL,DARK CLOTHING,Yes,SUSPECTED MINOR INJURY,NONE,39.05513667,-77.16234833,"(39.05513667, -77.16234833)"
DD5615007W,190049636,Rockville Police Departme,Injury Crash,10/16/2019 02:57:00 PM,Municipality,HALPINE RD,Municipality,E JEFFERSON ST,,ROCKVILLE,PEDESTRIAN,OTHER,RAINING,WET,DAYLIGHT,TRAFFIC SIGNAL,NONE DETECTED,NONE DETECTED,D56ED7A6-F922-46C8-840B-79335D4EC9ED,PEDESTRIAN,Cross/Enter at Intersection,NO IMPROPER ACTIONS,DRIVEWAY ACCESS MARKED CROSSWALK,UNKNOWN,LIGHT CLOTHING,No,SUSPECTED MINOR INJURY,NONE,39.09323,-77.15333167,"(39.09323, -77.15333167)"
DD5620004P,190049453,Rockville Police Departme,Property Damage Crash,10/15/2019 01:50:00 PM,Municipality,ANDERSON AVE,Municipality,MANNAKEE ST,,ROCKVILLE,OTHER,STRAIGHT MOVEMENT ANGLE,CLEAR,DRY,DAYLIGHT,STOP SIGN,NONE DETECTED,N/A,0AF2C8E9-A24F-4BC4-B42A-913071C6B817,OTHER,N/A,N/A,INSIDE BUILDING,N/A,N/A,No,NO APPARENT INJURY,N/A,39.08694417,-77.1672065,"(39.08694417, -77.1672065)"
MCP31560011,190048989,Montgomery County Police,Injury Crash,10/12/2019 01:03:00 AM,Maryland (State),16TH ST,Maryland (State),EAST WEST HWY,,N/A,PEDESTRIAN,SINGLE VEHICLE,CLEAR,DRY,DARK LIGHTS ON,TRAFFIC SIGNAL,UNKNOWN,NONE DETECTED,40BDAFA1-6BFD-481E-AD3F-19D51C03673E,PEDESTRIAN,Cross/Enter at Intersection,IN ROADWAY IMPROPERLY,ON ROADWAY AT CROSSWALK,NO PED. SIGNAL,DARK CLOTHING,Yes,NO APPARENT INJURY,N/A,38.99460544,-77.03637746,"(38.99460544, -77.03637746)"
MCP3057001W,190049143,Montgomery County Police,Injury Crash,09/29/2019 02:30:00 AM,,,,,PARKING LOT OF SENECA VALLEY H.S. 19401 CRYSTAL ROCK DR,,PEDESTRIAN,OTHER,CLEAR,,N/A,N/A,,NONE DETECTED,6F572B7F-C122-4DD3-8386-818CC414C1AE,PEDESTRIAN,Push/Work on Vehicle,UNKNOWN,OTHER,N/A,N/A,Unknown,POSSIBLE INJURY,N/A,39.17633667,-77.26390167,"(39.17633667, -77.26390167)"
DD5637000Y,200001711,Rockville Police Departme,Injury Crash,01/10/2020 04:59:00 PM,,,,,PARKING LOT OF 1900 ROCKVILLE PIKE,,PEDESTRIAN,SINGLE VEHICLE,CLEAR,,DAWN,NO CONTROLS,NONE DETECTED,NONE DETECTED,2B6802D0-1F24-4866-8DB9-F312C77BCAE2,PEDESTRIAN,Walking/Cycling on Sidewalk,NO IMPROPER ACTIONS,SIDEWALK,NO PED. SIGNAL,DARK CLOTHING,No,POSSIBLE INJURY,NONE,39.05914867,-77.12140233,"(39.05914867, -77.12140233)"
MCP30500048,200000755,Montgomery County Police,Injury Crash,01/05/2020 04:07:00 PM,Maryland (State),GEORGIA AVE,Maryland (State),CONNECTICUT AVE,,N/A,BICYCLIST,SINGLE VEHICLE,CLEAR,DRY,DAYLIGHT,NO CONTROLS,NONE DETECTED,NONE DETECTED,F69D0C7D-A5BC-49D5-B003-94F82DD88EFC,BICYCLIST,Other,IN ROADWAY IMPROPERLY,ON ROADWAY NOT AT CROSSWALK,NO PED. SIGNAL,LIGHT CLOTHING,Yes,POSSIBLE INJURY,NONE,39.084985,-77.07835667,"(39.084985, -77.07835667)"
MCP2675002B,200001919,Montgomery County Police,Injury Crash,01/11/2020 09:24:00 PM,Maryland (State),VEIRS MILL RD,County,RANDOLPH RD,,N/A,PEDESTRIAN,OTHER,N/A,DRY,DARK LIGHTS ON,TRAFFIC SIGNAL,UNKNOWN,UNKNOWN,7E3CD47A-74CD-48A8-B2DB-F49853FA19C0,PEDESTRIAN,Cross/Enter not at Intersection,DART DASH,ON ROADWAY NOT AT CROSSWALK,DISOBEYED PED. SIGNAL,DARK CLOTHING,Yes,SUSPECTED SERIOUS INJURY,NONE,39.05626485,-77.0829258,"(39.05626485, -77.0829258)"