Report Number,Local Case Number,Agency Name,ACRS Report Type,Crash Date/Time,Route Type,Road Name,Cross-Street Type,Cross-Street Name,Off-Road Description,Municipality,Related Non-Motorist,Collision Type,Weather,Surface Condition,Light,Traffic Control,Driver Substance Abuse,Non-Motorist Substance Abuse,Person ID,Pedestrian Type,Pedestrian Movement,Pedestrian Actions,Pedestrian Location,Pedestrian Obeyed Traffic Signal,Pedestrian Visibility,At Fault,Injury Severity,Safety Equipment,Latitude,Longitude,Location
MCP3242000F,190050913,Montgomery County Police,Injury Crash,10/23/2019 12:17:00 PM,Maryland (State),GEORGIA AVE,County,CAMERON ST,,N/A,PEDESTRIAN,SINGLE VEHICLE,CLEAR,DRY,DAYLIGHT,TRAFFIC SIGNAL,NONE DETECTED,NONE DETECTED,CF100AD6-8D4C-4F10-89A4-0E8F0C18BFB1,PEDESTRIAN,Cross/Enter at Intersection,NO IMPROPER ACTIONS,AT INTERSECTION MARKED CROSSWALK,OBEYED PED. SIGNAL,MIXED CLOTHING,No,SUSPECTED MINOR INJURY,NONE,38.99746913,-77.02971603,"(38.99746913, -77.02971603)"
MCP26710028,190051923,Montgomery County Police,Injury Crash,10/28/2019 07:50:00 PM,US (State),GEORGIA AVE,County,ELLSWORTH DR,,N/A,PEDESTRIAN,OTHER,N/A,DRY,DARK LIGHTS ON,TRAFFIC SIGNAL,NONE DETECTED,NONE DETECTED,213A9D0E-8EF7-4499-BFA8-12687607CA80,PEDESTRIAN,Cross/Enter not at Intersection,IN ROADWAY IMPROPERLY,ON ROADWAY NOT AT CROSSWALK,DISOBEYED PED. SIGNAL,MIXED CLOTHING,Yes,SUSPECTED MINOR INJURY,NONE,38.99528412,-77.02743963,"(38.99528412, -77.02743963)"
DD56010052,190052141,Rockville Police Departme,Property Damage Crash,10/29/2019 10:39:00 PM,,,,,PARKING LOT OF 891 ROCKVILLE PIKE,,OTHER,SINGLE VEHICLE,CLEAR,,DARK LIGHTS ON,N/A,UNKNOWN,N/A,377AB315-CDD3-4654-B39E-A0EA01BD0338,OTHER,N/A,NO IMPROPER ACTIONS,N/A,N/A,N/A,No,NO APPARENT INJURY,N/A,39.0742805,-77.13729233,"(39.0742805, -77.13729233)"
MCP15800083,170548290,Montgomery County Police,Property Damage Crash,12/13/2017 10:02:00 AM,,,,,"600 N FREDERICK AVE
 PARING LOT OF
 TOYS R US",,OTHER,OTHER,N/A,,DAYLIGHT,N/A,NONE DETECTED,NONE DETECTED,1496C300-DD2D-426E-8545-BBB554AD8CCF,OTHER,Other,N/A,OTHER,N/A,DARK CLOTHING,No,NO APPARENT INJURY,OTHER,39.14987,-77.21113167,"(39.14987, -77.21113167)"
MCP24920016,190043484,Montgomery County Police,Fatal Crash,09/11/2019 10:20:00 AM,,COPLEY PLACE,,ENTRANCE TO HARRIS TEETER PARKING LOT,,N/A,PEDESTRIAN,OTHER,CLEAR,DRY,DAYLIGHT,STOP SIGN,NONE DETECTED,NONE DETECTED,AA12FD97-FA1C-49C9-9713-48179F3DA673,PEDESTRIAN,Cross/Enter at Intersection,IN ROADWAY IMPROPERLY,ON ROADWAY NOT AT CROSSWALK,NO PED. SIGNAL,MIXED CLOTHING,Yes,FATAL INJURY,N/A,39.11481531,-77.20692953,"(39.11481531, -77.20692953)"
EJ7877000M,190049728,Gaithersburg Police Depar,Injury Crash,10/16/2019 10:20:00 PM,County,GOSHEN RD,Municipality,ODENDHAL AVE,,GAITHERSBURG,PEDESTRIAN,SINGLE VEHICLE,N/A,N/A,DARK LIGHTS ON,TRAFFIC SIGNAL,UNKNOWN,N/A,88D5D53E-F4BC-4220-8BC5-FCBFE99927FB,PEDESTRIAN,Cross/Enter at Intersection,UNKNOWN,ON ROADWAY AT CROSSWALK,UNKNOWN,UNKNOWN,Unknown,POSSIBLE INJURY,N/A,39.15242605,-77.19234343,"(39.15242605, -77.19234343)"
MCP2902003R,190051976,Montgomery County Police,Injury Crash,10/29/2019 07:02:00 AM,Maryland (State),FREDERICK RD,County,PLUMMER DR,,N/A,BICYCLIST,OTHER,CLEAR,DRY,DAWN,NO CONTROLS,N/A,NONE DETECTED,C8AA58F3-F9E0-4C2E-997E-6DA21E619932,BICYCLIST,Walking/Cycling on Sidewalk,OTHER,SIDEWALK,OTHER,UNKNOWN,No,SUSPECTED MINOR INJURY,UNKNOWN,39.17104333,-77.235525,"(39.17104333, -77.235525)"
DD5595008H,200003432,Rockville Police Departme,Injury Crash,01/21/2020 04:51:00 PM,Municipality,W GUDE DR,Municipality,PICCARD DR,,ROCKVILLE,PEDESTRIAN,OTHER,CLEAR,DRY,DAYLIGHT,TRAFFIC SIGNAL,NONE DETECTED,NONE DETECTED,C00268EC-C0EE-4A09-B695-AF4BB1F42B73,PEDESTRIAN,Cross/Enter not at Intersection,NO IMPROPER ACTIONS,DRIVEWAY ACCESS MARKED CROSSWALK,OBEYED PED. SIGNAL,MIXED CLOTHING,No,SUSPECTED MINOR INJURY,N/A,39.10181667,-77.17734167,"(39.10181667, -77.17734167)"
MCP2941003X,200002375,Montgomery County Police,Injury Crash,01/17/2020 05:47:00 PM,US (State),GEORGIA AVE,County,BONIFANT ST,,N/A,PEDESTRIAN,SINGLE VEHICLE,CLEAR,DRY,DARK LIGHTS ON,TRAFFIC SIGNAL,UNKNOWN,NONE DETECTED,5F839783-59EA-4E78-B0BA-F62783AACD4F,PEDESTRIAN,Cross/Enter at Intersection,NO IMPROPER ACTIONS,ON ROADWAY AT CROSSWALK,OBEYED PED. SIGNAL,LIGHT CLOTHING,No,SUSPECTED MINOR INJURY,NONE,38.9933749,-77.02679264,"(38.9933749, -77.02679264)"
EJ7866007K,200003722,Gaithersburg Police Depar,Injury Crash,01/23/2020 07:04:00 AM,Municipality,S SUMMIT AVE,Municipality,HUTTON ST,,GAITHERSBURG,PEDESTRIAN,SINGLE VEHICLE,CLOUDY,DRY,DAWN,OTHER,NONE DETECTED,NONE DETECTED,4EBDEF3B-E7D7-4830-8522-E31DC63B51FC,PEDESTRIAN,Walking to/from school,NO IMPROPER ACTIONS,ON ROADWAY AT CROSSWALK,N/A,LIGHT CLOTHING,No,SUSPECTED MINOR INJURY,NONE,39.13905,-77.193395,"(39.13905, -77.193395)"
MCP2348005S,200002572,Montgomery County Police,Fatal Crash,01/15/2020 08:41:00 PM,Maryland (State),ROCKVILLE PIKE,Municipality,ROLLINS AVE,,ROCKVILLE,PEDESTRIAN,SINGLE VEHICLE,CLEAR,DRY,DARK LIGHTS ON,TRAFFIC SIGNAL,NONE DETECTED,UNKNOWN,8B5E5D5B-C526-476F-829D-28228166602C,PEDESTRIAN,Unknown,UNKNOWN,UNKNOWN,UNKNOWN,DARK CLOTHING,Unknown,FATAL INJURY,NONE,39.05748,-77.12031,"(39.05748, -77.12031)"
MCP3163002J,200003614,Montgomery County Police,Injury Crash,01/22/2020 03:30:00 PM,County,WESTBARD AVE,County,RIDGEFIELD RD,,N/A,PEDESTRIAN,HEAD ON LEFT TURN,N/A,DRY,DAYLIGHT,TRAFFIC SIGNAL,NONE DETECTED,N/A,8ED85C67-B551-4B91-A6E1-294D5059C072,PEDESTRIAN,Cross/Enter at Intersection,N/A,ON ROADWAY AT CROSSWALK,OBEYED PED. SIGNAL,MIXED CLOTHING,No,POSSIBLE INJURY,NONE,38.961452,-77.106857,"(38.961452, -77.106857)"
MCP9390001N,200000483,Montgomery County Police,Injury Crash,01/03/2020 06:15:00 PM,,CROWN PARK AVE,,ALCOTT PL,,N/A,PEDESTRIAN,SINGLE VEHICLE,RAINING,WET,DARK LIGHTS ON,NO CONTROLS,NONE DETECTED,NONE DETECTED,E3A1D632-E665-4B96-B9BC-399894EA7B5E,PEDESTRIAN,Walking/Cycling on Sidewalk,NO IMPROPER ACTIONS,ON ROADWAY AT CROSSWALK,N/A,DARK CLOTHING,No,SUSPECTED MINOR INJURY,N/A,39.11293833,-77.20372677,"(39.11293833, -77.20372677)"
MCP3209000S,190061016,Montgomery County Police,Injury Crash,12/18/2019 06:41:00 PM,,,,,8101 FENTON ST. 7-11 PARKING LOT.,,PEDESTRIAN,SINGLE VEHICLE,CLEAR,,DARK LIGHTS ON,NO CONTROLS,UNKNOWN,NONE DETECTED,4695FCEB-0A18-46D8-8D52-1E9680EE442D,PEDESTRIAN,Other,UNKNOWN,OTHER,NO PED. SIGNAL,MIXED CLOTHING,No,SUSPECTED MINOR INJURY,N/A,38.99033,-77.023858,"(38.99033, -77.023858)"
MCP3012005Z,200003610,Montgomery County Police,Injury Crash,01/22/2020 03:03:00 PM,Maryland (State),GEORGIA AVE,County,HATHAWAY DR,,N/A,PEDESTRIAN,OTHER,CLEAR,DRY,DAYLIGHT,TRAFFIC SIGNAL,N/A,NONE DETECTED,15B5ACA3-53FD-4E9C-86FF-FA151EDDB88B,PEDESTRIAN,Walking/Riding against Traffic,IN ROADWAY IMPROPERLY,ON ROADWAY AT CROSSWALK,DISOBEYED PED. SIGNAL,MIXED CLOTHING,Yes,POSSIBLE INJURY,N/A,39.06811736,-77.0608396,"(39.06811736, -77.0608396)"
MCP3127001F,190061427,Montgomery County Police,Injury Crash,12/20/2019 10:45:00 PM,,ROSE AVE,,GRAND PARK AVE,,N/A,PEDESTRIAN,STRAIGHT MOVEMENT ANGLE,CLEAR,DRY,DARK LIGHTS ON,STOP SIGN,NONE DETECTED,NONE DETECTED,8035D13D-015B-4B12-B137-4C95D8E3748A,PEDESTRIAN,Cross/Enter at Intersection,NO IMPROPER ACTIONS,AT INTERSECTION MARKED CROSSWALK,NO PED. SIGNAL,DARK CLOTHING,No,POSSIBLE INJURY,NONE,39.05103333,-77.117765,"(39.05103333, -77.117765)"
MCP29310046,200002559,Montgomery County Police,Injury Crash,01/15/2020 07:22:00 PM,Municipality,DUNDEE RD,Municipality,WOOTTON PKWY,,ROCKVILLE,BICYCLIST,OTHER,CLEAR,DRY,DARK NO LIGHTS,N/A,N/A,N/A,7A53ADCD-37A4-4E95-9910-6480EF62136C,BICYCLIST,Cross/Enter at Intersection,NO IMPROPER ACTIONS,ON ROADWAY AT CROSSWALK,N/A,HEAD LIGHT AND REFLECTORS,No,SUSPECTED SERIOUS INJURY,N/A,39.08686167,-77.188365,"(39.08686167, -77.188365)"
MCP3012005Z,200003610,Montgomery County Police,Injury Crash,01/22/2020 03:03:00 PM,Maryland (State),GEORGIA AVE,County,HATHAWAY DR,,N/A,PEDESTRIAN,OTHER,CLEAR,DRY,DAYLIGHT,TRAFFIC SIGNAL,N/A,N/A,FE0F0BE4-9565-4F09-9902-95B09B90A2B6,PEDESTRIAN,Walking/Riding against Traffic,IN ROADWAY IMPROPERLY,ON ROADWAY AT CROSSWALK,DISOBEYED PED. SIGNAL,MIXED CLOTHING,Yes,POSSIBLE INJURY,N/A,39.06811736,-77.0608396,"(39.06811736, -77.0608396)"
MCP28770084,200004579,Montgomery County Police,Injury Crash,01/28/2020 08:54:00 AM,County,DARCY FOREST DR,Maryland (State),FOREST GLEN RD,,N/A,PEDESTRIAN,OTHER,CLEAR,DRY,DAYLIGHT,STOP SIGN,NONE DETECTED,NONE DETECTED,ED953D28-34E9-4CF0-8F4D-6D8764BA8BC2,PEDESTRIAN,Cross/Enter at Intersection,NO IMPROPER ACTIONS,ON ROADWAY AT CROSSWALK,NO PED. SIGNAL,DARK CLOTHING,No,POSSIBLE INJURY,N/A,39.01540327,-77.04728511,"(39.01540327, -77.04728511)"
MCP229800QM,200003434,Montgomery County Police,Injury Crash,01/21/2020 03:22:00 PM,County,SHADY GROVE RD,Municipality,FALLSGROVE BLVD,,ROCKVILLE,PEDESTRIAN,OTHER,CLEAR,DRY,DAYLIGHT,TRAFFIC SIGNAL,NONE DETECTED,NONE DETECTED,A5592435-3078-44AB-BFF2-C126B29340BE,PEDESTRIAN,Cross/Enter not at Intersection,IN ROADWAY IMPROPERLY,ON ROADWAY NOT AT CROSSWALK,DISOBEYED PED. SIGNAL,MIXED CLOTHING,Yes,SUSPECTED SERIOUS INJURY,NONE,39.09712587,-77.19440379,"(39.09712587, -77.19440379)"
MCP31300026,200004280,Montgomery County Police,Property Damage Crash,01/26/2020 11:15:00 AM,,,,,"14030 CONNECTICUT AVE SILVER SPRING MD 20906
US POST OFFICE",,OTHER,SINGLE VEHICLE,CLOUDY,,DAYLIGHT,NO CONTROLS,NONE DETECTED,N/A,3FD0BA78-3CEF-4E01-9714-C77929064AF1,OTHER,N/A,N/A,OTHER,N/A,N/A,No,NO APPARENT INJURY,N/A,39.08646667,-77.07441167,"(39.08646667, -77.07441167)"
MCP2054000N,200001580,Montgomery County Police,Injury Crash,01/09/2020 10:00:00 PM,Maryland (State),COLESVILLE RD,US (State),COLESVILLE RD,,N/A,PEDESTRIAN,STRAIGHT MOVEMENT ANGLE,CLEAR,DRY,DARK LIGHTS ON,TRAFFIC SIGNAL,NONE DETECTED,NONE DETECTED,311DF0CD-EC65-4206-BDEB-91416908F871,PEDESTRIAN,Cross/Enter at Intersection,NO IMPROPER ACTIONS,ON ROADWAY AT CROSSWALK,OBEYED PED. SIGNAL,MIXED CLOTHING,No,SUSPECTED MINOR INJURY,NONE,38.99588296,-77.02821372,"(38.99588296, -77.02821372)"
MCP32120012,200003809,Montgomery County Police,Injury Crash,01/23/2020 03:47:00 PM,,,,,PRIVATE DRIVE OFF 10000 BRUNSWICK AVE,,PEDESTRIAN,OTHER,CLEAR,,DAYLIGHT,NO CONTROLS,NONE DETECTED,NONE DETECTED,52DCA9D6-297D-4611-B12D-9E8465DCAA58,PEDESTRIAN,Walking/Riding against Traffic,N/A,ON ROADWAY NOT AT CROSSWALK,NO PED. SIGNAL,MIXED CLOTHING,No,POSSIBLE INJURY,NONE,39.01943483,-77.05721367,"(39.01943483, -77.05721367)"
DD55270031,200004842,Rockville Police Departme,Injury Crash,01/29/2020 06:20:00 PM,Municipality,E GUDE DR,Municipality,TAFT CT,,ROCKVILLE,PEDESTRIAN,OTHER,CLEAR,DRY,DARK LIGHTS ON,TRAFFIC SIGNAL,NONE DETECTED,NONE DETECTED,B2FF3259-9888-406E-8CA1-DBB42F758D2B,PEDESTRIAN,Cross/Enter not at Intersection,FAILURE TO YIELD RIGHT OF WAY,ON ROADWAY NOT AT CROSSWALK,DISOBEYED PED. SIGNAL,DARK CLOTHING,Yes,SUSPECTED MINOR INJURY,NONE,39.09489167,-77.12065,"(39.09489167, -77.12065)"
MCP003600CW,200004646,Montgomery County Police,Injury Crash,01/28/2020 03:10:00 PM,,,,,PARKING LOT/BUS PICKUP KINGSVIEW MIDDLE SCHOOL 18909 KINGSVIEW RD,,PEDESTRIAN,SINGLE VEHICLE,CLOUDY,,DAYLIGHT,N/A,NONE DETECTED,NONE DETECTED,D37BE65D-0BAA-457C-A556-27FD256CA0BE,PEDESTRIAN,Standing,INATTENTIVE,CURB,N/A,DARK CLOTHING,No,POSSIBLE INJURY,NONE,39.16660067,-77.28542633,"(39.16660067, -77.28542633)"
MCP3039004M,200004175,Montgomery County Police,Injury Crash,01/25/2020 03:30:00 PM,Maryland (State),PINEY BRANCH RD,County,RITCHIE AVE,,N/A,PEDESTRIAN,OTHER,CLEAR,DRY,DAYLIGHT,NO CONTROLS,NONE DETECTED,NONE DETECTED,2A3BDBED-3A59-49CD-9B8C-EC62BB3EA770,PEDESTRIAN,Cross/Enter at Intersection,NO IMPROPER ACTIONS,ON ROADWAY AT CROSSWALK,NO PED. SIGNAL,MIXED CLOTHING,No,SUSPECTED MINOR INJURY,NONE,38.98837167,-77.01235,"(38.98837167, -77.01235)"
MCP2671002D,20004484,Montgomery County Police,Property Damage Crash,01/27/2020 04:50:00 PM,Maryland (State),EAST WEST HWY,Maryland (State),COLESVILLE RD,,N/A,PEDESTRIAN,SAME DIR REAR END,N/A,DRY,DAYLIGHT,NO CONTROLS,NONE DETECTED,NONE DETECTED,8DDD9188-4EE5-487D-98ED-F85B5B73B74E,PEDESTRIAN,Playing,DART DASH,SIDEWALK,N/A,LIGHT CLOTHING,Yes,NO APPARENT INJURY,NONE,39.11418,-77.19300667,"(39.11418, -77.19300667)"
MCP3053003R,200004077,Montgomery County Police,Property Damage Crash,01/24/2020 10:25:00 AM,Maryland (State),UNIVERSITY BLVD W,County,AMHERST AVE,,N/A,PEDESTRIAN,OTHER,CLEAR,DRY,DARK LIGHTS ON,TRAFFIC SIGNAL,N/A,N/A,3B10088B-46CF-4D32-BE12-1D86E53E8C6A,PEDESTRIAN,Cross/Enter at Intersection,UNKNOWN,AT INTERSECTION MARKED CROSSWALK,UNKNOWN,LIGHT CLOTHING,Unknown,NO APPARENT INJURY,NONE,39.04115833,-77.04794333,"(39.04115833, -77.04794333)"
MCP31130029,200004260,Montgomery County Police,Injury Crash,01/26/2020 06:50:00 AM,,,,,"PARKING LOT OF 11812 NEW HAMPSHIRE AVE, OUR LADY OF VIETNAM CHURCH",,PEDESTRIAN,OTHER,N/A,,DAWN,N/A,N/A,N/A,F95F3372-352F-4C05-8579-0A01B70B61F3,PEDESTRIAN,Cross/Enter not at Intersection,NO IMPROPER ACTIONS,ON ROADWAY NOT AT CROSSWALK,N/A,MIXED CLOTHING,No,SUSPECTED MINOR INJURY,NONE,39.05465031,-76.99516725,"(39.05465031, -76.99516725)"
MCP3070001C,200002541,Montgomery County Police,Injury Crash,01/15/2020 05:38:00 PM,,,,,PL OF 4301 WILLOW LN,,PEDESTRIAN,SINGLE VEHICLE,CLEAR,,DARK LIGHTS ON,NO CONTROLS,N/A,N/A,536D277C-E62F-46EA-864E-D0D2DA80F26E,PEDESTRIAN,Playing,INATTENTIVE,OTHER,N/A,LIGHT CLOTHING,No,SUSPECTED MINOR INJURY,NONE,38.98265833,-77.087775,"(38.98265833, -77.087775)"
MCP2198007G,200004032,Montgomery County Police,Injury Crash,01/24/2020 05:49:00 PM,Maryland (State),S FREDERICK RD,Municipality,FULKS CORNER AVE,,GAITHERSBURG,BICYCLIST,OPPOSITE DIRECTION SIDESWIPE,CLEAR,DRY,DARK LIGHTS ON,STOP SIGN,N/A,N/A,37CFDCBA-44D2-4906-BB9C-5C6C736BE4B1,BICYCLIST,Cross/Enter at Intersection,DART DASH,AT INTERSECTION BUT NO CROSSWALK,NO PED. SIGNAL,LIGHT CLOTHING,Yes,POSSIBLE INJURY,NONE,39.149585,-77.23332,"(39.149585, -77.23332)"
MCP2475004M,200004704,Montgomery County Police,Injury Crash,01/28/2020 07:59:00 PM,Maryland (State),UNIVERSITY BLVD W,County,LORAIN AVE,,N/A,PEDESTRIAN,OTHER,N/A,DRY,DARK LIGHTS ON,NO CONTROLS,NONE DETECTED,UNKNOWN,EB85315A-6B31-4D36-9500-0A9EF471C249,PEDESTRIAN,Cross/Enter not at Intersection,DART DASH,OUTSIDE RIGHT OF WAY,NO PED. SIGNAL,UNKNOWN,Yes,SUSPECTED SERIOUS INJURY,NONE,39.02145367,-77.01444832,"(39.02145367, -77.01444832)"
MCP1170002J,190054027,Montgomery County Police,Injury Crash,11/09/2019 12:59:00 PM,County,GREENCASTLE RD,County,BROWNSTONE DR,,N/A,PEDESTRIAN,SINGLE VEHICLE,CLEAR,DRY,DAYLIGHT,N/A,NONE DETECTED,N/A,1724C550-4B69-4C7C-9B92-95718739E804,PEDESTRIAN,Other,OTHER,OTHER,OTHER,OTHER,Yes,SUSPECTED SERIOUS INJURY,NONE,39.11322833,-76.93093333,"(39.11322833, -76.93093333)"
MCP31250024,200005379,Montgomery County Police,Injury Crash,02/01/2020 07:20:00 PM,Municipality,N WASHINGTON ST,Municipality,BEALL AVE #2,,ROCKVILLE,PEDESTRIAN,SINGLE VEHICLE,RAINING,WET,DARK LIGHTS ON,TRAFFIC SIGNAL,NONE DETECTED,NONE DETECTED,C432B282-2454-4986-9FFD-38B85532E723,PEDESTRIAN,Cross/Enter at Intersection,NO IMPROPER ACTIONS,ON ROADWAY AT CROSSWALK,OBEYED PED. SIGNAL,MIXED CLOTHING,No,POSSIBLE INJURY,NONE,39.08684167,-77.15327,"(39.08684167, -77.15327)"
MCP3121002Z,200005027,Montgomery County Police,Injury Crash,01/30/2020 07:11:00 PM,County,LOST KNIFE RD,County,CONTOUR RD,,N/A,PEDESTRIAN,SINGLE VEHICLE,CLEAR,DRY,DARK LIGHTS ON,NO CONTROLS,NONE DETECTED,NONE DETECTED,64A4004C-0F45-4845-9BA3-3E4C4B4EC0C4,PEDESTRIAN,Other,IN ROADWAY IMPROPERLY,ON ROADWAY NOT AT CROSSWALK,NO PED. SIGNAL,DARK CLOTHING,Yes,POSSIBLE INJURY,NONE,39.15397575,-77.19992704,"(39.15397575, -77.19992704)"
MCP2043001T,200004897,Montgomery County Police,Injury Crash,01/29/2020 11:05:00 PM,County,INDUSTRIAL DR,County,GAITHER RD,,N/A,PEDESTRIAN,OTHER,CLEAR,N/A,DARK LIGHTS ON,STOP SIGN,NONE DETECTED,NONE DETECTED,D6421E80-7020-4F69-89A4-C82E71932651,PEDESTRIAN,Cross/Enter at Intersection,NO IMPROPER ACTIONS,AT INTERSECTION MARKED CROSSWALK,NO PED. SIGNAL,MIXED CLOTHING,No,SUSPECTED MINOR INJURY,NONE,39.11771333,-77.18986167,"(39.11771333, -77.18986167)"
MCP30190031,200005007,Montgomery County Police,Injury Crash,01/30/2020 05:20:00 PM,Maryland (State),OLD GEORGETOWN RD,County,CORDELL AVE,,N/A,PEDESTRIAN,OTHER,CLEAR,DRY,DAYLIGHT,STOP SIGN,N/A,N/A,5560A491-C0C3-42A9-8CAA-45BF1020CD96,PEDESTRIAN,Cross/Enter at Intersection,INATTENTIVE,ON ROADWAY AT CROSSWALK,OBEYED PED. SIGNAL,DARK CLOTHING,No,POSSIBLE INJURY,NONE,38.98795019,-77.09948262,"(38.98795019, -77.09948262)"
MCP14650050,200005554,Montgomery County Police,Injury Crash,02/03/2020 08:49:00 AM,Maryland (State),RIVER RD,County,SPRINGRIDGE RD,,N/A,PEDESTRIAN,SAME DIR REAR END,CLEAR,DRY,DAYLIGHT,NO CONTROLS,NONE DETECTED,NONE DETECTED,E70CC12A-C171-4A71-993E-BA7A9ED5E5A7,PEDESTRIAN,Push/Work on Vehicle,DISABLED VEHICLE RELATED,SHOULDER,N/A,MIXED CLOTHING,No,SUSPECTED MINOR INJURY,N/A,39.04788667,-77.26563667,"(39.04788667, -77.26563667)"
HA24750003,20000308,Maryland-National Capital,Injury Crash,01/24/2020 02:30:00 PM,Municipality,DORSET AVE,Government,LITTLE FALLS PKWY,,N/A,BICYCLIST,SAME DIR REND LEFT TURN,N/A,DRY,DAYLIGHT,TRAFFIC SIGNAL,UNKNOWN,N/A,465E831D-70E4-40CB-9833-3ABA4207C975,BICYCLIST,Walking/Riding w/Traffic,NO IMPROPER ACTIONS,AT INTERSECTION BUT NO CROSSWALK,OBEYED PED. SIGNAL,REFLECTIVE MATERIAL,No,SUSPECTED MINOR INJURY,MC/BIKE HELMET,38.96878235,-77.10061474,"(38.96878235, -77.10061474)"
MCP2801002N,200005898,Montgomery County Police,Injury Crash,02/04/2020 11:50:00 PM,Maryland (State),NEW HAMPSHIRE AVE,Ramp,RAMP 4 FR MD 650 NB TO IS 495 EB,,N/A,PEDESTRIAN,STRAIGHT MOVEMENT ANGLE,RAINING,WET,DARK LIGHTS ON,N/A,UNKNOWN,N/A,BAC69C35-134A-4C57-8112-DA0CEEB23C44,PEDESTRIAN,Cross/Enter at Intersection,NO IMPROPER ACTIONS,ON ROADWAY AT CROSSWALK,NO PED. SIGNAL,MIXED CLOTHING,No,SUSPECTED MINOR INJURY,NONE,39.01597923,-76.97748942,"(39.01597923, -76.97748942)"
MCP13690007,200005221,Montgomery County Police,Injury Crash,01/31/2020 08:30:00 PM,,,,,PARKING LOT 20908 FREDERICK RD,,PEDESTRIAN,SINGLE VEHICLE,CLEAR,,DARK LIGHTS ON,NO CONTROLS,NONE DETECTED,NONE DETECTED,1927168B-4846-4228-8473-B57C4FFD535C,PEDESTRIAN,Other Working,OTHER,OTHER,N/A,MIXED CLOTHING,No,POSSIBLE INJURY,N/A,39.19895667,-77.249115,"(39.19895667, -77.249115)"
MCP3115003L,200003980,Montgomery County Police,Property Damage Crash,01/24/2020 01:00:00 PM,Maryland (State),NEW HAMPSHIRE AVE,County,VALLEY BROOK DR,,N/A,OTHER,SINGLE VEHICLE,CLEAR,DRY,DAYLIGHT,N/A,N/A,N/A,5D2352BF-D4ED-4F69-95EC-4BA6F871C473,OTHER,N/A,N/A,N/A,N/A,N/A,No,NO APPARENT INJURY,N/A,39.05773667,-76.99753667,"(39.05773667, -76.99753667)"
DM8388003C,200004793,Takoma Park Police Depart,Injury Crash,01/29/2020 02:12:00 PM,,,,,PARKING LOT BEHIND 7600 FLOWER AVE.,,PEDESTRIAN,OTHER,N/A,,DAYLIGHT,NO CONTROLS,NONE DETECTED,NONE DETECTED,CAA14BD0-47DF-474F-BFBE-4AC8E7A44F44,PEDESTRIAN,Walking to/from school,NO IMPROPER ACTIONS,OTHER,N/A,MIXED CLOTHING,No,SUSPECTED MINOR INJURY,NONE,38.985739,-76.9983205,"(38.985739, -76.9983205)"
MCP2936003M,200005204,Montgomery County Police,Injury Crash,01/31/2020 06:55:00 PM,County,TUCKERMAN LA,Unknown,EXT FR SUBWAY,,N/A,PEDESTRIAN,OTHER,CLEAR,DRY,DARK LIGHTS ON,STOP SIGN,NONE DETECTED,NONE DETECTED,96C3AEED-A2B5-4718-B1A7-D2DD84D93C71,PEDESTRIAN,Cross/Enter at Intersection,NO IMPROPER ACTIONS,ON ROADWAY AT CROSSWALK,NO PED. SIGNAL,DARK CLOTHING,No,SUSPECTED SERIOUS INJURY,NONE,39.02751333,-77.10128333,"(39.02751333, -77.10128333)"
MCP3143001T,200005324,Montgomery County Police,Injury Crash,01/14/2020 02:45:00 PM,,,,,WILDWOOD SHOPPING PLAZA PARKING LOT,,PEDESTRIAN,N/A,RAINING,,DAYLIGHT,NO CONTROLS,NONE DETECTED,NONE DETECTED,0AEA7410-D1FA-413E-83C3-E56007F0E597,PEDESTRIAN,Cross/Enter not at Intersection,NO IMPROPER ACTIONS,ON ROADWAY NOT AT CROSSWALK,N/A,N/A,Unknown,POSSIBLE INJURY,N/A,39.02497833,-77.12484,"(39.02497833, -77.12484)"
MCP3090003V,200005455,Montgomery County Police,Injury Crash,02/02/2020 11:15:00 AM,County,OLD STAGE RD,County,OLD BRIDGE RD,,N/A,PEDESTRIAN,SINGLE VEHICLE,CLEAR,DRY,DAYLIGHT,STOP SIGN,N/A,N/A,54E8D089-5D28-427A-A40F-191AC6D17463,PEDESTRIAN,Cross/Enter at Intersection,NO IMPROPER ACTIONS,ON ROADWAY AT CROSSWALK,NO PED. SIGNAL,LIGHT CLOTHING,No,POSSIBLE INJURY,NONE,39.05181675,-77.1456672,"(39.05181675, -77.1456672)"
MCP0685005D,200006712,Montgomery County Police,Injury Crash,02/10/2020 06:41:00 AM,County,SHADY GROVE RD,County,CRABBS BRANCH WAY,,N/A,PEDESTRIAN,SINGLE VEHICLE,RAINING,WET,DARK LIGHTS ON,TRAFFIC SIGNAL,NONE DETECTED,NONE DETECTED,DE093DAD-8B8E-4114-B632-0EDB16D8162A,PEDESTRIAN,Cross/Enter at Intersection,N/A,ON ROADWAY AT CROSSWALK,OBEYED PED. SIGNAL,DARK CLOTHING,No,POSSIBLE INJURY,N/A,39.12878014,-77.16754976,"(39.12878014, -77.16754976)"