Report Number,Local Case Number,Agency Name,ACRS Report Type,Crash Date/Time,Route Type,Road Name,Cross-Street Type,Cross-Street Name,Off-Road Description,Municipality,Related Non-Motorist,Collision Type,Weather,Surface Condition,Light,Traffic Control,Driver Substance Abuse,Non-Motorist Substance Abuse,Person ID,Pedestrian Type,Pedestrian Movement,Pedestrian Actions,Pedestrian Location,Pedestrian Obeyed Traffic Signal,Pedestrian Visibility,At Fault,Injury Severity,Safety Equipment,Latitude,Longitude,Location
MCP93120017,200007232,Montgomery County Police,Injury Crash,02/12/2020 08:30:00 PM,Maryland (State),HUNGERFORD DR,Unknown,ENT TO PARK & RIDE,,N/A,PEDESTRIAN,SINGLE VEHICLE,CLEAR,WET,DARK LIGHTS ON,TRAFFIC SIGNAL,NONE DETECTED,NONE DETECTED,77A3BD25-413E-4485-A831-43CB0D800F7D,PEDESTRIAN,Cross/Enter at Intersection,NO IMPROPER ACTIONS,AT INTERSECTION MARKED CROSSWALK,OBEYED PED. SIGNAL,UNKNOWN,No,POSSIBLE INJURY,N/A,39.083535,-77.14691141,"(39.083535, -77.14691141)"
MCP2348005T,200008795,Montgomery County Police,Fatal Crash,02/21/2020 09:19:00 PM,Maryland (State),S FREDERICK RD,County,N WESTLAND DR,,N/A,PEDESTRIAN,SINGLE VEHICLE,CLEAR,DRY,DARK LIGHTS ON,NO CONTROLS,NONE DETECTED,UNKNOWN,27B4B48F-719B-4CED-8E5E-6C2DD31C84EE,PEDESTRIAN,Cross/Enter not at Intersection,UNKNOWN,ON ROADWAY NOT AT CROSSWALK,NO PED. SIGNAL,DARK CLOTHING,Unknown,FATAL INJURY,N/A,39.12962169,-77.18693125,"(39.12962169, -77.18693125)"
MCP2492001B,200008927,Montgomery County Police,Fatal Crash,02/22/2020 09:11:00 PM,Maryland (State),NEW HAMPSHIRE AVE,Unknown,CROSSOVER,,N/A,PEDESTRIAN,OTHER,CLEAR,DRY,DARK LIGHTS ON,NO CONTROLS,NONE DETECTED,UNKNOWN,D20A06AD-B931-4588-BEFB-F9C8E8A40E23,PEDESTRIAN,Cross/Enter not at Intersection,UNKNOWN,ON ROADWAY NOT AT CROSSWALK,NO PED. SIGNAL,DARK CLOTHING,Unknown,FATAL INJURY,NONE,39.03869167,-76.99011833,"(39.03869167, -76.99011833)"
MCP9311002T,200009112,Montgomery County Police,Injury Crash,02/24/2020 09:02:00 AM,County,BRICKYARD RD,County,RIVER FALLS DR,,N/A,PEDESTRIAN,STRAIGHT MOVEMENT ANGLE,CLEAR,N/A,DAYLIGHT,STOP SIGN,NONE DETECTED,NONE DETECTED,22B0FF85-3C50-4B1B-932D-B36D14ABD4E9,PEDESTRIAN,Getting off/on Vehicle,NO IMPROPER ACTIONS,OTHER,N/A,N/A,Yes,SUSPECTED MINOR INJURY,NONE,38.99385667,-77.21483333,"(38.99385667, -77.21483333)"
MCP2935001Y,190030710,Montgomery County Police,Injury Crash,06/27/2019 05:45:00 PM,County,WAYNE AVE,US (State),GEORGIA AVE,,N/A,PEDESTRIAN,OTHER,N/A,N/A,DAYLIGHT,TRAFFIC SIGNAL,NONE DETECTED,NONE DETECTED,12065FCF-DECA-4239-9406-2CF66D47AA25,PEDESTRIAN,Cross/Enter at Intersection,NO IMPROPER ACTIONS,ON ROADWAY AT CROSSWALK,OBEYED PED. SIGNAL,N/A,No,SUSPECTED MINOR INJURY,NONE,38.99456497,-77.02715324,"(38.99456497, -77.02715324)"
MCP2881001H,16038682,Montgomery County Police,Injury Crash,07/31/2016 06:20:00 AM,,,,,"IFO 27 PICKERING CT, GERMANTOWN MD",,PEDESTRIAN,OTHER,N/A,,DAYLIGHT,NO CONTROLS,N/A,N/A,26793BCC-D4C5-46E8-8DC7-29BD2BD01196,PEDESTRIAN,Other,NO IMPROPER ACTIONS,OTHER,NO PED. SIGNAL,DARK CLOTHING,No,POSSIBLE INJURY,NONE,39.18234833,-77.24242333,"(39.18234833, -77.24242333)"
DM83360036,200008082,Takoma Park Police Depart,Injury Crash,02/18/2020 09:29:00 AM,Municipality,RITCHIE AVE,Municipality,OSWEGO AVE,,TAKOMA PARK,PEDESTRIAN,OTHER,CLEAR,DRY,DAYLIGHT,NO CONTROLS,,N/A,6297A942-DEE2-49E5-A541-6C20E2A1E31E,PEDESTRIAN,Other,OTHER,N/A,N/A,OTHER,Yes,SUSPECTED MINOR INJURY,N/A,38.98614597,-77.00901046,"(38.98614597, -77.00901046)"
MCP2971005F,200010438,Montgomery County Police,Property Damage Crash,03/02/2020 04:00:00 PM,,,,,"PARKING LOT IN FRONT OF 18418 STONE HOLLOW DRIVE, GERMANTOWN, MD 20874",,PEDESTRIAN,SAME DIRECTION SIDESWIPE,CLOUDY,,DAYLIGHT,NO CONTROLS,ALCOHOL PRESENT,NONE DETECTED,B576D6FE-4571-4370-BB6D-185FA92EFD31,PEDESTRIAN,Standing,ENTERING EXITING PARKED STANDING VEHICLE,OTHER,N/A,MIXED CLOTHING,No,NO APPARENT INJURY,NONE,39.15820167,-77.2683,"(39.15820167, -77.2683)"
MCP2853007B,200009971,Montgomery County Police,Injury Crash,02/28/2020 06:10:00 PM,County,ELTON RD,Maryland (State),NEW HAMPSHIRE AVE,,N/A,PEDESTRIAN,OTHER,CLEAR,DRY,DARK LIGHTS ON,TRAFFIC SIGNAL,N/A,N/A,F058DD44-9F12-4874-AF8A-AA6A57B36DEF,PEDESTRIAN,Cross/Enter at Intersection,NO IMPROPER ACTIONS,AT INTERSECTION MARKED CROSSWALK,OBEYED PED. SIGNAL,DARK CLOTHING,No,SUSPECTED MINOR INJURY,N/A,39.021095,-76.976515,"(39.021095, -76.976515)"
MCP271700RV,200009595,Montgomery County Police,Injury Crash,02/26/2020 04:22:00 PM,County,WILLARD AVE,Municipality,SHOEMAKER FARM LA,,FRIENDSHIP HEIGHTS,PEDESTRIAN,OTHER,CLEAR,DRY,DAYLIGHT,OTHER,NONE DETECTED,NONE DETECTED,8834AC6A-2AB8-42A4-9C81-26D4ED83249E,PEDESTRIAN,Cross/Enter at Intersection,NO IMPROPER ACTIONS,ON ROADWAY AT CROSSWALK,OTHER,MIXED CLOTHING,No,SUSPECTED SERIOUS INJURY,NONE,38.96250683,-77.09145617,"(38.96250683, -77.09145617)"
DM8477000M,200010750,Takoma Park Police Depart,Injury Crash,03/04/2020 10:59:00 AM,,,,,PARKING LOT OF 7-11 LOCATED @ 900 MERRIMAC DRIVE TAKOMA PARK MD 20912,,PEDESTRIAN,OTHER,CLEAR,,DAYLIGHT,N/A,NONE DETECTED,NONE DETECTED,221C4D27-9A45-44AF-B456-1CF9BC5B2C16,PEDESTRIAN,Other,NOT VISIBLE,OTHER,N/A,MIXED CLOTHING,Unknown,POSSIBLE INJURY,N/A,38.992468,-76.992599,"(38.992468, -76.992599)"
MCP3232000F,200009619,Montgomery County Police,Property Damage Crash,02/26/2020 06:49:00 PM,County,BUSHEY DR,County,RANDOLPH RD,,N/A,PEDESTRIAN,OTHER,RAINING,WET,DARK LIGHTS ON,N/A,N/A,N/A,7B2061AB-6513-4FB9-82F2-2BD4F0DD2A04,PEDESTRIAN,Cross/Enter at Intersection,NO IMPROPER ACTIONS,AT INTERSECTION MARKED CROSSWALK,NO PED. SIGNAL,N/A,No,NO APPARENT INJURY,N/A,39.05764833,-77.077665,"(39.05764833, -77.077665)"
MCP2992002T,200009229,Montgomery County Police,Injury Crash,02/24/2020 06:35:00 PM,,,,,DRIVEWAY OF 13625 NORTH GATE DR,,PEDESTRIAN,OTHER,N/A,,DARK LIGHTS ON,N/A,NONE DETECTED,N/A,29BB7FCB-8831-4BD3-9E3D-95C50ABC40FE,PEDESTRIAN,Other,NO IMPROPER ACTIONS,OTHER,N/A,MIXED CLOTHING,No,SUSPECTED MINOR INJURY,N/A,39.082715,-77.048455,"(39.082715, -77.048455)"
MCP2475004W,200010420,Montgomery County Police,Injury Crash,03/02/2020 03:15:00 PM,County,DENNIS AVE,Government,SLIGO CREEK PKWY,,N/A,BICYCLIST,OTHER,N/A,DRY,DAYLIGHT,N/A,NONE DETECTED,NONE DETECTED,243093DA-E172-4BBD-A166-3E850333A5A2,BICYCLIST,Cross/Enter not at Intersection,NO IMPROPER ACTIONS,ON ROADWAY AT CROSSWALK,N/A,MIXED CLOTHING,No,SUSPECTED MINOR INJURY,MC/BIKE HELMET,39.02432,-77.03063667,"(39.02432, -77.03063667)"
MCP2436009N,200008109,Montgomery County Police,Injury Crash,02/18/2020 01:40:00 PM,Maryland (State),PINEY BRANCH RD,Other Public Roadway,KODIAK DR,,N/A,PEDESTRIAN,SINGLE VEHICLE,CLEAR,DRY,DAYLIGHT,NO CONTROLS,NONE DETECTED,NONE DETECTED,99E36A32-6FE7-4B53-B12F-6BD21CB66301,PEDESTRIAN,Cross/Enter at Intersection,DART DASH,ON ROADWAY NOT AT CROSSWALK,NO PED. SIGNAL,LIGHT CLOTHING,Yes,SUSPECTED MINOR INJURY,N/A,38.99978841,-76.99156582,"(38.99978841, -76.99156582)"
MCP3218000F,200009907,Montgomery County Police,Injury Crash,02/28/2020 12:45:00 PM,County,KEMP MILL RD,County,ARCOLA AVE,,N/A,PEDESTRIAN,SINGLE VEHICLE,CLEAR,DRY,DAYLIGHT,NO CONTROLS,NONE DETECTED,N/A,6F304018-78A5-4E02-8F51-C73915D38462,PEDESTRIAN,Cross/Enter not at Intersection,IN ROADWAY IMPROPERLY,ON ROADWAY NOT AT CROSSWALK,NO PED. SIGNAL,DARK CLOTHING,Yes,SUSPECTED MINOR INJURY,NONE,39.04683667,-77.03076667,"(39.04683667, -77.03076667)"
MCP24920019,200002735,Montgomery County Police,Fatal Crash,01/16/2020 06:33:00 PM,Maryland (State),ROCKVILLE PIKE,Municipality,WOOTTON PKWY,,ROCKVILLE,PEDESTRIAN,OTHER,SEVERE WINDS,DRY,DARK LIGHTS ON,NO CONTROLS,NONE DETECTED,UNKNOWN,8D8FF068-C253-4414-9496-D64BFC732C6B,PEDESTRIAN,Cross/Enter not at Intersection,FAILURE TO YIELD RIGHT OF WAY,ON ROADWAY NOT AT CROSSWALK,NO PED. SIGNAL,DARK CLOTHING,Yes,FATAL INJURY,N/A,39.07798974,-77.140867,"(39.07798974, -77.140867)"
HA24750004,20000530,Maryland-National Capital,Property Damage Crash,02/27/2020 07:45:00 AM,County,PINEHURST PKWY,Government,BEACH DR,,N/A,BICYCLIST,OTHER,N/A,DRY,DAYLIGHT,OTHER,UNKNOWN,NONE DETECTED,018BFCB2-A55D-4B4F-ACBE-34B99D6CC18A,BICYCLIST,Cross/Enter at Intersection,UNKNOWN,AT INTERSECTION MARKED CROSSWALK,N/A,UNKNOWN,Unknown,NO APPARENT INJURY,UNKNOWN,38.98509008,-77.05971297,"(38.98509008, -77.05971297)"
MCP31090044,200009869,Montgomery County Police,Injury Crash,02/28/2020 07:15:00 AM,County,BLAIR RD,County,JUNIPER ST,,N/A,BICYCLIST,SAME DIRECTION SIDESWIPE,CLEAR,DRY,DAWN,NO CONTROLS,UNKNOWN,NONE DETECTED,4315D9D7-5094-469B-9FBC-CAF50B8486A3,BICYCLIST,Walking/Riding w/Traffic,NO IMPROPER ACTIONS,ON ROADWAY NOT AT CROSSWALK,N/A,LIGHT CLOTHING,No,SUSPECTED MINOR INJURY,MC/BIKE HELMET,38.98270633,-77.02251933,"(38.98270633, -77.02251933)"
MCP2853007B,200009971,Montgomery County Police,Injury Crash,02/28/2020 06:10:00 PM,County,ELTON RD,Maryland (State),NEW HAMPSHIRE AVE,,N/A,PEDESTRIAN,OTHER,CLEAR,DRY,DARK LIGHTS ON,TRAFFIC SIGNAL,N/A,N/A,BEDC1FC8-7D06-4F7D-99B7-A829CF77B0C9,PEDESTRIAN,Cross/Enter at Intersection,NO IMPROPER ACTIONS,AT INTERSECTION MARKED CROSSWALK,OBEYED PED. SIGNAL,DARK CLOTHING,No,NO APPARENT INJURY,N/A,39.021095,-76.976515,"(39.021095, -76.976515)"
MCP2937003N,200008940,Montgomery County Police,Injury Crash,02/22/2020 11:21:00 PM,County,MAYOR LA,County,THAYER AVE,,N/A,PEDESTRIAN,SINGLE VEHICLE,CLEAR,DRY,DARK LIGHTS ON,NO CONTROLS,NONE DETECTED,NONE DETECTED,633C7111-1012-4D20-B835-345DAC5A7920,PEDESTRIAN,Other Working,NO IMPROPER ACTIONS,ON ROADWAY NOT AT CROSSWALK,NO PED. SIGNAL,DARK CLOTHING,No,SUSPECTED MINOR INJURY,NONE,38.99279534,-77.0259186,"(38.99279534, -77.0259186)"
MCP2714001L,200008878,Montgomery County Police,Injury Crash,02/22/2020 03:20:00 PM,,,,,PARKING LOT IN FRONT OF 12214 VEIRS MILL RD,,PEDESTRIAN,HEAD ON LEFT TURN,CLEAR,,DAYLIGHT,N/A,UNKNOWN,N/A,7E3B5855-D973-4416-8C39-B57518704F3E,PEDESTRIAN,Push/Work on Vehicle,INATTENTIVE,SIDEWALK,NO PED. SIGNAL,N/A,No,POSSIBLE INJURY,NONE,39.05647487,-77.08386766,"(39.05647487, -77.08386766)"
EJ7777002B,200011450,Gaithersburg Police Depar,Injury Crash,03/08/2020 03:22:00 PM,,,,,PARKING LOT OF 880 RUSSELL AVE,,PEDESTRIAN,OTHER,CLEAR,,DAYLIGHT,N/A,NONE DETECTED,NONE DETECTED,A50A9363-1E07-4812-8028-257B345CE32B,PEDESTRIAN,Other Working,N/A,OTHER,N/A,DARK CLOTHING,No,POSSIBLE INJURY,N/A,39.15644596,-77.21360108,"(39.15644596, -77.21360108)"
MCP2466003F,200010139,Montgomery County Police,Injury Crash,02/29/2020 05:00:00 PM,Maryland (State),NEW HAMPSHIRE AVE,County,E RANDOLPH RD,,N/A,BICYCLIST,STRAIGHT MOVEMENT ANGLE,CLEAR,DRY,DAYLIGHT,NO CONTROLS,NONE DETECTED,NONE DETECTED,37E21522-7F0F-47C2-80A5-7A149CCC1DB4,BICYCLIST,Walking/Riding against Traffic,UNKNOWN,SIDEWALK,NO PED. SIGNAL,MIXED CLOTHING,Unknown,POSSIBLE INJURY,NONE,39.07640488,-77.00166139,"(39.07640488, -77.00166139)"
MCP2361001L,200008760,Montgomery County Police,Injury Crash,02/21/2020 07:24:00 PM,County,CONTOUR RD,County,TUNSTALL DR,,N/A,PEDESTRIAN,OTHER,CLEAR,DRY,DARK LIGHTS ON,OTHER,NONE DETECTED,NONE DETECTED,E880E5B0-AE5F-4D08-9563-1C32D9BDD312,PEDESTRIAN,Cross/Enter at Intersection,NO IMPROPER ACTIONS,AT INTERSECTION MARKED CROSSWALK,OBEYED PED. SIGNAL,MIXED CLOTHING,No,SUSPECTED MINOR INJURY,NONE,39.15419667,-77.196725,"(39.15419667, -77.196725)"
MCP20010017,200000963,Montgomery County Police,Fatal Crash,01/06/2020 06:26:00 PM,Maryland (State),GEORGIA AVE,Unknown,ENT TO CEMETERY,,N/A,PEDESTRIAN,SINGLE VEHICLE,CLEAR,DRY,DARK LIGHTS ON,NO CONTROLS,NONE DETECTED,NONE DETECTED,17CC6A8F-DA25-48B7-8EB6-38504A278A44,PEDESTRIAN,Cross/Enter not at Intersection,FAILURE TO YIELD RIGHT OF WAY,ON ROADWAY NOT AT CROSSWALK,NO PED. SIGNAL,DARK CLOTHING,Yes,FATAL INJURY,NONE,39.08100667,-77.07525333,"(39.08100667, -77.07525333)"
MCP31430025,200011071,Montgomery County Police,Injury Crash,03/06/2020 09:10:00 AM,Maryland (State),ROCKVILLE PIKE,County,MARINELLI RD,,N/A,PEDESTRIAN,SINGLE VEHICLE,CLEAR,DRY,DAYLIGHT,TRAFFIC SIGNAL,NONE DETECTED,NONE DETECTED,3C909705-698A-4586-B904-837E6A7ABA38,PEDESTRIAN,Cross/Enter at Intersection,NO IMPROPER ACTIONS,ON ROADWAY AT CROSSWALK,OBEYED PED. SIGNAL,MIXED CLOTHING,No,POSSIBLE INJURY,NONE,39.04674,-77.11301333,"(39.04674, -77.11301333)"
MCP1002000Y,200011326,Montgomery County Police,Injury Crash,03/07/2020 05:00:00 PM,,,,,PARKING LOT IN FRONT OF 516 N FREDERICK RD,,PEDESTRIAN,SINGLE VEHICLE,CLEAR,,DAYLIGHT,NO CONTROLS,NONE DETECTED,NONE DETECTED,B98C6BC0-67E3-44D6-BC39-05CA5EE766C7,PEDESTRIAN,Cross/Enter at Intersection,NO IMPROPER ACTIONS,AT INTERSECTION MARKED CROSSWALK,N/A,N/A,No,POSSIBLE INJURY,NONE,39.14788,-77.2091,"(39.14788, -77.2091)"
MCP27670080,200011863,Montgomery County Police,Injury Crash,03/09/2020 02:00:00 PM,,,,,"DRIVEWAY TO RANDOLPH ROAD FROM PARKING LOT OF 17 RANDOLPH ROAD, SILVER SPRING MD 20904",,PEDESTRIAN,SINGLE VEHICLE,CLEAR,,DAYLIGHT,NO CONTROLS,UNKNOWN,UNKNOWN,928B3D98-FC73-4EE2-B2DC-9D8FCC8C47A0,PEDESTRIAN,Cross/Enter at Intersection,NO IMPROPER ACTIONS,DRIVEWAY ACCESS MARKED CROSSWALK,NO PED. SIGNAL,UNKNOWN,No,SUSPECTED MINOR INJURY,NONE,39.07585768,-77.00238284,"(39.07585768, -77.00238284)"
MCP1002000Y,200011326,Montgomery County Police,Injury Crash,03/07/2020 05:00:00 PM,,,,,PARKING LOT IN FRONT OF 516 N FREDERICK RD,,PEDESTRIAN,SINGLE VEHICLE,CLEAR,,DAYLIGHT,NO CONTROLS,NONE DETECTED,NONE DETECTED,F0DEDF6A-418A-4A51-86B5-F9463E3722E9,PEDESTRIAN,Cross/Enter at Intersection,N/A,AT INTERSECTION MARKED CROSSWALK,NO PED. SIGNAL,N/A,No,NO APPARENT INJURY,NONE,39.14788,-77.2091,"(39.14788, -77.2091)"
MCP3232000J,200011852,Montgomery County Police,Injury Crash,03/10/2020 06:29:00 PM,,,,,DRIVE WAY ACCESS TO 2305 SHORFIELD RD.,,OTHER PEDALCYCLIST,STRAIGHT MOVEMENT ANGLE,N/A,,DAYLIGHT,N/A,NONE DETECTED,NONE DETECTED,2D628B5C-0719-45D2-8C5F-242B5D6837EC,OTHER PEDALCYCLIST,N/A,N/A,SIDEWALK,N/A,N/A,No,SUSPECTED MINOR INJURY,N/A,39.05302332,-77.0501063,"(39.05302332, -77.0501063)"
HA2389000S,17001350,Maryland-National Capital,Property Damage Crash,10/09/2017 12:39:00 PM,,SCHOLL MANOR WAY,,LATROBE LANE,,N/A,OTHER,UNKNOWN,UNKNOWN,DRY,UNKNOWN,N/A,UNKNOWN,N/A,5FA86139-32E0-458C-A447-DAB0A66DB4CE,OTHER,N/A,N/A,INSIDE BUILDING,N/A,N/A,No,NO APPARENT INJURY,N/A,39.23431306,-77.27964655,"(39.23431306, -77.27964655)"
MCP209400G7,200011663,Montgomery County Police,Injury Crash,03/09/2020 05:54:00 PM,County,DECATUR AVE,Maryland (State),CONNECTICUT AVE,,N/A,BICYCLIST,OTHER,CLEAR,DRY,DAYLIGHT,STOP SIGN,NONE DETECTED,NONE DETECTED,57C43C20-F27E-4179-A61C-0C5DB5A596A1,BICYCLIST,Cross/Enter at Intersection,NO IMPROPER ACTIONS,ON ROADWAY AT CROSSWALK,NO PED. SIGNAL,MIXED CLOTHING,No,SUSPECTED MINOR INJURY,MC/BIKE HELMET,39.03390667,-77.07517167,"(39.03390667, -77.07517167)"
MCP1334009Q,200012143,Montgomery County Police,Injury Crash,03/12/2020 06:40:00 AM,County,WATKINS MILL RD,County,STEDWICK RD,,N/A,PEDESTRIAN,SINGLE VEHICLE,CLOUDY,DRY,DARK LIGHTS ON,TRAFFIC SIGNAL,NONE DETECTED,NONE DETECTED,354826EB-5C40-4B51-AFD7-2FEB63190568,PEDESTRIAN,Cross/Enter at Intersection,NO IMPROPER ACTIONS,ON ROADWAY AT CROSSWALK,OBEYED PED. SIGNAL,MIXED CLOTHING,No,SUSPECTED MINOR INJURY,NONE,39.17052237,-77.20891844,"(39.17052237, -77.20891844)"
DD56420015,200012727,Rockville Police Departme,Injury Crash,03/15/2020 12:25:00 PM,Maryland (State),ROCKVILLE PIKE,Municipality,CHURCH ST,,ROCKVILLE,PEDESTRIAN,OTHER,CLEAR,DRY,DAYLIGHT,TRAFFIC SIGNAL,NONE DETECTED,NONE DETECTED,D38DB6E1-B338-4FB6-825C-748701308AAB,PEDESTRIAN,Cross/Enter at Intersection,NO IMPROPER ACTIONS,AT INTERSECTION MARKED CROSSWALK,OBEYED PED. SIGNAL,MIXED CLOTHING,No,SUSPECTED MINOR INJURY,N/A,39.08348,-77.1466135,"(39.08348, -77.1466135)"
MCP28660067,200012623,Montgomery County Police,Injury Crash,03/14/2020 04:55:00 PM,County,MILLER AVE,County,WOODMONT AVE,,N/A,PEDESTRIAN,SINGLE VEHICLE,CLOUDY,DRY,DAYLIGHT,STOP SIGN,NONE DETECTED,NONE DETECTED,837BBA35-39C6-4C01-BB18-5A17656A5FE5,PEDESTRIAN,Cross/Enter at Intersection,NO IMPROPER ACTIONS,ON ROADWAY AT CROSSWALK,NO PED. SIGNAL,MIXED CLOTHING,No,SUSPECTED MINOR INJURY,NONE,38.98043217,-77.09411517,"(38.98043217, -77.09411517)"
MCP3217000F,200010643,Montgomery County Police,Injury Crash,03/03/2020 06:30:00 PM,,,,,"ONE WAY PRIVATE ALLEY BEHIND 12940 MIDDLEBROOK ROAD, GERMANTOWN, MD 20874",,PEDESTRIAN,HEAD ON LEFT TURN,CLEAR,,DUSK,NO CONTROLS,UNKNOWN,NONE DETECTED,C1B6767E-70AA-4D5F-8430-6DA6EE453EAD,PEDESTRIAN,Other,IN ROADWAY IMPROPERLY,ON ROADWAY NOT AT CROSSWALK,N/A,MIXED CLOTHING,No,SUSPECTED MINOR INJURY,NONE,39.17955,-77.27135333,"(39.17955, -77.27135333)"
MCP28460060,200012271,Montgomery County Police,Injury Crash,03/12/2020 07:11:00 PM,,,,,"12041 GEORGIA AVE, SILVER SPRING MD 20902 (M&T BANK)",,BICYCLIST,OTHER,CLEAR,,DARK LIGHTS ON,NO CONTROLS,NONE DETECTED,NONE DETECTED,19935F86-1FFD-45AC-B67A-013A6D01A020,BICYCLIST,Walking/Cycling on Sidewalk,NO IMPROPER ACTIONS,SIDEWALK,OTHER,MIXED CLOTHING,No,POSSIBLE INJURY,NONE,39.05261833,-77.05063667,"(39.05261833, -77.05063667)"
MCP3227000L,200011964,Montgomery County Police,Injury Crash,03/11/2020 10:30:00 AM,Maryland (State),NEW HAMPSHIRE AVE,County,ELTON RD,,N/A,PEDESTRIAN,OTHER,CLEAR,DRY,DAYLIGHT,N/A,NONE DETECTED,NONE DETECTED,7DC9ABDD-F7F2-431B-A906-A45096365118,PEDESTRIAN,Cross/Enter not at Intersection,DART DASH,ON ROADWAY NOT AT CROSSWALK,NO PED. SIGNAL,MIXED CLOTHING,Yes,SUSPECTED MINOR INJURY,NONE,39.02117917,-76.976922,"(39.02117917, -76.976922)"
MCP2546002S,190060041,Montgomery County Police,Injury Crash,12/13/2019 07:18:00 AM,County,MONTROSE RD,Unknown,BARGATE CT,,N/A,PEDESTRIAN,SINGLE VEHICLE,CLOUDY,DRY,DAYLIGHT,NO CONTROLS,NONE DETECTED,NONE DETECTED,C929EB04-39F3-418D-97BE-52D03F1687C7,PEDESTRIAN,Approach/Leaving Schoolbus,UNKNOWN,ON ROADWAY AT CROSSWALK,UNKNOWN,MIXED CLOTHING,Yes,SUSPECTED SERIOUS INJURY,N/A,39.05325548,-77.13208247,"(39.05325548, -77.13208247)"
MCP3112004F,200012211,Montgomery County Police,Injury Crash,03/12/2020 02:45:00 PM,County,PEARL ST,County,MIDDLETON LA,,N/A,PEDESTRIAN,OTHER,CLEAR,DRY,DAYLIGHT,N/A,NONE DETECTED,NONE DETECTED,7F1C1E8E-D8D0-4FE1-A8D8-A8A03D9C71FF,PEDESTRIAN,Cross/Enter at Intersection,DART DASH,ON ROADWAY NOT AT CROSSWALK,N/A,MIXED CLOTHING,Yes,POSSIBLE INJURY,N/A,38.98663917,-77.09141083,"(38.98663917, -77.09141083)"
MCP3080002K,200012073,Montgomery County Police,Injury Crash,03/12/2020 06:31:00 PM,County,MIDDLEBROOK RD,County,CRYSTAL ROCK DR,,N/A,BICYCLIST,N/A,CLEAR,DRY,DAYLIGHT,TRAFFIC SIGNAL,NONE DETECTED,N/A,FCCD6E79-8D0A-4FE4-B215-75E1CBA68449,BICYCLIST,Cross/Enter at Intersection,N/A,AT INTERSECTION MARKED CROSSWALK,OBEYED PED. SIGNAL,UNKNOWN,No,POSSIBLE INJURY,NONE,39.17686072,-77.26440422,"(39.17686072, -77.26440422)"
MCP3039004X,200012439,Montgomery County Police,Injury Crash,03/13/2020 04:30:00 PM,,,,,CAR WASH LOCATED AT 9500 GEORGIA AVENUE,,PEDESTRIAN,OTHER,CLEAR,,DAYLIGHT,N/A,NONE DETECTED,NONE DETECTED,D4F5FABE-FD18-4FF5-AA2B-34374C45D2EA,PEDESTRIAN,Push/Work on Vehicle,ENTERING EXITING PARKED STANDING VEHICLE,OTHER,N/A,MIXED CLOTHING,No,SUSPECTED MINOR INJURY,NONE,39.23341833,-77.28181167,"(39.23341833, -77.28181167)"
MCP13010018,190059403,Montgomery County Police,Fatal Crash,12/09/2019 06:51:00 PM,Maryland (State),UNIVERSITY BLVD W,Unknown,HEMMINGWAY CT,,N/A,PEDESTRIAN,SINGLE VEHICLE,RAINING,WET,DARK LIGHTS ON,NO CONTROLS,NONE DETECTED,NONE DETECTED,A0C6AF2C-BB4B-42C1-AF87-BF834D54947E,PEDESTRIAN,Cross/Enter not at Intersection,FAILURE TO YIELD RIGHT OF WAY,ON ROADWAY NOT AT CROSSWALK,NO PED. SIGNAL,DARK CLOTHING,Yes,FATAL INJURY,NONE,39.03621333,-77.02829,"(39.03621333, -77.02829)"
MCP106400B0,200011578,Montgomery County Police,Injury Crash,03/09/2020 11:23:00 AM,Maryland (State),UNIVERSITY BLVD E,Maryland (State),PINEY BRANCH RD,,N/A,PEDESTRIAN,OTHER,CLEAR,DRY,DAYLIGHT,N/A,N/A,N/A,FB0A720F-B2C5-4550-A79C-16EA748AA212,PEDESTRIAN,Standing,NO IMPROPER ACTIONS,SIDEWALK,N/A,DARK CLOTHING,No,SUSPECTED SERIOUS INJURY,N/A,39.00060833,-76.99547833,"(39.00060833, -76.99547833)"
EJ7837004Z,20012459,Gaithersburg Police Depar,Injury Crash,03/13/2020 06:30:00 PM,,,,,DRIVEWAY OF 302 SUMMIT HALL RD,,PEDESTRIAN,SINGLE VEHICLE,CLEAR,,DUSK,NO CONTROLS,N/A,N/A,E7E95277-1D2A-46BA-9FE7-065C7D828A46,PEDESTRIAN,Walking/Cycling on Sidewalk,N/A,SIDEWALK,N/A,LIGHT CLOTHING,No,SUSPECTED MINOR INJURY,NONE,39.12967272,-77.19785541,"(39.12967272, -77.19785541)"
MCP31090045,200010517,Montgomery County Police,Injury Crash,03/03/2020 08:05:00 AM,Maryland (State),EAST WEST HWY,Unknown,NOAA BUILDING 1,,N/A,BICYCLIST,STRAIGHT MOVEMENT ANGLE,CLEAR,DRY,DAYLIGHT,NO CONTROLS,NONE DETECTED,NONE DETECTED,E476A92E-C922-47AB-B530-3496FEC05C62,BICYCLIST,Walking/Riding w/Traffic,NO IMPROPER ACTIONS,SHOULDER,NO PED. SIGNAL,MIXED CLOTHING,No,POSSIBLE INJURY,MC/BIKE HELMET,38.9920205,-77.03062467,"(38.9920205, -77.03062467)"