Report Number,Local Case Number,Agency Name,ACRS Report Type,Crash Date/Time,Route Type,Road Name,Cross-Street Type,Cross-Street Name,Off-Road Description,Municipality,Related Non-Motorist,Collision Type,Weather,Surface Condition,Light,Traffic Control,Driver Substance Abuse,Non-Motorist Substance Abuse,Person ID,Pedestrian Type,Pedestrian Movement,Pedestrian Actions,Pedestrian Location,Pedestrian Obeyed Traffic Signal,Pedestrian Visibility,At Fault,Injury Severity,Safety Equipment,Latitude,Longitude,Location
MCP2937003Q,200011898,Montgomery County Police,Injury Crash,03/10/2020 10:07:00 PM,County,RIPLEY ST,US (State),GEORGIA AVE,,N/A,PEDESTRIAN,SINGLE VEHICLE,CLEAR,DRY,DARK LIGHTS ON,NO CONTROLS,NONE DETECTED,NONE DETECTED,BDF5FC7D-2921-41E4-BDAD-05019F4264F5,PEDESTRIAN,Cross/Enter at Intersection,NO IMPROPER ACTIONS,ON ROADWAY AT CROSSWALK,NO PED. SIGNAL,LIGHT CLOTHING,No,POSSIBLE INJURY,N/A,38.99248381,-77.0268105,"(38.99248381, -77.0268105)"
MCP2748001K,200012673,Montgomery County Police,Property Damage Crash,03/14/2020 11:35:00 PM,County,SCHUYLKILL RD,County,WYACONDA RD,,N/A,PEDESTRIAN,SINGLE VEHICLE,RAINING,WET,DARK LIGHTS ON,NO CONTROLS,NONE DETECTED,NONE DETECTED,808ACAB2-311E-416B-BC12-9549542099CB,PEDESTRIAN,Cross/Enter at Intersection,NO IMPROPER ACTIONS,AT INTERSECTION MARKED CROSSWALK,NO PED. SIGNAL,DARK CLOTHING,No,NO APPARENT INJURY,N/A,39.0450555,-77.097582,"(39.0450555, -77.097582)"
MCP2850000V,15038430,MONTGOMERY,Injury Crash,08/03/2015 11:24:00 AM,County,SCOTT DR,County,FINSBURY RD,,N/A,OTHER,OTHER,CLEAR,DRY,DAYLIGHT,NO CONTROLS,N/A,N/A,C30F8F47-885F-46A9-A73A-9FC5F0FFEAC6,OTHER,Standing,N/A,OTHER,N/A,REFLECTIVE MATERIAL,No,SUSPECTED MINOR INJURY,REFLECTIVE CLOTHING,39.075425,-77.02203833,"(39.075425, -77.02203833)"
DD5643000L,200013298,Rockville Police Departme,Injury Crash,03/19/2020 03:24:00 PM,Maryland (State),ROCKVILLE PIKE,Municipality,EDMONSTON DR,,ROCKVILLE,PEDESTRIAN,STRAIGHT MOVEMENT ANGLE,N/A,DRY,DAYLIGHT,STOP SIGN,NONE DETECTED,NONE DETECTED,D3F7C1F1-1CEA-4C69-B6E2-0C9ADCF5E4F8,PEDESTRIAN,Walking/Cycling on Sidewalk,N/A,SIDEWALK,N/A,MIXED CLOTHING,Unknown,POSSIBLE INJURY,NONE,39.07531982,-77.13715639,"(39.07531982, -77.13715639)"
MCP2513001X,200005932,Montgomery County Police,Injury Crash,02/05/2020 07:15:00 AM,County,CALVERTON BLVD,County,SHANANDALE DR,,N/A,PEDESTRIAN,OTHER,CLEAR,DRY,DAWN,NO CONTROLS,N/A,NONE DETECTED,23C5B533-9AA8-4F37-AF19-855AF0FE6B83,PEDESTRIAN,Cross/Enter at Intersection,NO IMPROPER ACTIONS,ON ROADWAY AT CROSSWALK,NO PED. SIGNAL,MIXED CLOTHING,No,POSSIBLE INJURY,N/A,39.05682402,-76.94832537,"(39.05682402, -76.94832537)"
MCP2899003G,200013272,Montgomery County Police,Fatal Crash,03/19/2020 12:26:00 PM,Maryland (State),NEW HAMPSHIRE AVE,County,MCCENEY AVE,,N/A,PEDESTRIAN,SINGLE VEHICLE,CLEAR,DRY,DAYLIGHT,NO CONTROLS,NONE DETECTED,UNKNOWN,93E83C00-B575-42DC-9960-B9324E5892C1,PEDESTRIAN,Walking/Cycling on Sidewalk,UNKNOWN,SIDEWALK,N/A,DARK CLOTHING,No,FATAL INJURY,N/A,39.0359935,-76.98895157,"(39.0359935, -76.98895157)"
EJ7847002D,200013331,Gaithersburg Police Depar,Injury Crash,03/19/2020 08:00:00 PM,Maryland (State),QUINCE ORCHARD RD,Maryland (State),GREAT SENECA HWY,,N/A,BICYCLIST,STRAIGHT MOVEMENT ANGLE,RAINING,WET,DARK LIGHTS ON,TRAFFIC SIGNAL,N/A,NONE DETECTED,4005E3FD-517A-4963-B086-0737BC0BE74C,BICYCLIST,Cross/Enter at Intersection,UNKNOWN,AT INTERSECTION MARKED CROSSWALK,UNKNOWN,MIXED CLOTHING,Unknown,SUSPECTED MINOR INJURY,NONE,39.12853456,-77.2376771,"(39.12853456, -77.2376771)"
MCP3206001Q,200010739,Montgomery County Police,Injury Crash,03/04/2020 08:05:00 AM,Maryland (State),PINEY BRANCH RD,County,POTOMAC AVE,,N/A,PEDESTRIAN,SINGLE VEHICLE,CLEAR,DRY,DAYLIGHT,OTHER,UNKNOWN,N/A,735F95E1-F824-4BE1-801D-33BB7C1613B6,PEDESTRIAN,Walking to/from school,N/A,ON ROADWAY AT CROSSWALK,OBEYED PED. SIGNAL,DARK CLOTHING,No,POSSIBLE INJURY,N/A,38.98662524,-77.01347558,"(38.98662524, -77.01347558)"
MCP31090047,200012150,Montgomery County Police,Injury Crash,03/12/2020 08:52:00 AM,Other Public Roadway,PERSHING DR,County,WAYNE AVE,,N/A,PEDESTRIAN,SINGLE VEHICLE,CLEAR,DRY,DAYLIGHT,NO CONTROLS,UNKNOWN,NONE DETECTED,C4165AF2-8BEE-45BD-A0E2-F9092FC1E35D,PEDESTRIAN,Walking/Riding w/Traffic,NO IMPROPER ACTIONS,ON ROADWAY NOT AT CROSSWALK,NO PED. SIGNAL,LIGHT CLOTHING,Unknown,POSSIBLE INJURY,N/A,38.99387884,-77.02615967,"(38.99387884, -77.02615967)"
MCP0942002X,200012705,Montgomery County Police,Injury Crash,03/15/2020 09:55:00 AM,,,,,GIANT FOOD LOT-7142 ARLINGTON RD,,PEDESTRIAN,SINGLE VEHICLE,CLOUDY,,DAYLIGHT,N/A,NONE DETECTED,NONE DETECTED,CBD1707A-9E69-43D7-B0A9-DF1E07864A1A,PEDESTRIAN,Other,NO IMPROPER ACTIONS,OTHER,N/A,DARK CLOTHING,No,SUSPECTED MINOR INJURY,NONE,38.98124935,-77.09873055,"(38.98124935, -77.09873055)"
MCP3215000N,200014392,Montgomery County Police,Injury Crash,03/29/2020 01:01:00 PM,County,GREENTREE RD,County,GRANT ST,,N/A,BICYCLIST,STRAIGHT MOVEMENT ANGLE,CLOUDY,DRY,DAYLIGHT,STOP SIGN,NONE DETECTED,NONE DETECTED,3F49C4C3-E4EB-44DA-90F8-DC787E27A287,BICYCLIST,Cross/Enter at Intersection,FAILURE TO OBEY TRAFFIC SIGNS SIGNALS OR OFFICER,AT INTERSECTION BUT NO CROSSWALK,DISOBEYED PED. SIGNAL,MIXED CLOTHING,Yes,SUSPECTED MINOR INJURY,MC/BIKE HELMET,38.991875,-77.098015,"(38.991875, -77.098015)"
MCP229800R2,200010640,Montgomery County Police,Injury Crash,03/03/2020 06:36:00 PM,,,,,"19707 GERMANTOWN ROAD, DRIVE WAY AREA OF BANK OF AMERICA",,PEDESTRIAN,SINGLE VEHICLE,RAINING,,DARK LIGHTS ON,STOP SIGN,NONE DETECTED,NONE DETECTED,5F244E14-0E37-4807-923F-DAC403CB535A,PEDESTRIAN,Other,UNKNOWN,OTHER,N/A,UNKNOWN,Unknown,POSSIBLE INJURY,NONE,39.17858393,-77.26645455,"(39.17858393, -77.26645455)"
MCP2639009D,200014171,Montgomery County Police,Injury Crash,03/27/2020 11:07:00 AM,County,ARCOLA AVE,County,OREBAUGH AVE,,N/A,OTHER,SAME DIRECTION SIDESWIPE,CLEAR,DRY,DAYLIGHT,PERSON,NONE DETECTED,NONE DETECTED,60D84645-28D2-4CE9-A8BF-702529E7B85E,OTHER,Standing,NO IMPROPER ACTIONS,ON ROADWAY NOT AT CROSSWALK,N/A,REFLECTIVE MATERIAL,No,POSSIBLE INJURY,NONE,39.047205,-77.036575,"(39.047205, -77.036575)"
MCP12130056,200014841,Montgomery County Police,Injury Crash,04/02/2020 08:20:00 PM,Maryland (State),NEW HAMPSHIRE AVE,County,RANDOLPH RD,,N/A,PEDESTRIAN,STRAIGHT MOVEMENT ANGLE,CLEAR,DRY,DARK LIGHTS ON,TRAFFIC SIGNAL,NONE DETECTED,UNKNOWN,613DD17C-BCBD-41E8-9297-96D115FDE8E0,PEDESTRIAN,Cross/Enter at Intersection,FAILURE TO YIELD RIGHT OF WAY,ON ROADWAY AT CROSSWALK,DISOBEYED PED. SIGNAL,DARK CLOTHING,Yes,POSSIBLE INJURY,NONE,39.07605333,-77.00231833,"(39.07605333, -77.00231833)"
MCP29630023,200014925,Montgomery County Police,Injury Crash,04/03/2020 06:11:00 PM,County,ROTHBURY DR,County,ARROWHEAD RD,,N/A,PEDESTRIAN,SINGLE VEHICLE,CLEAR,DRY,DAYLIGHT,STOP SIGN,NONE DETECTED,NONE DETECTED,6ED92AC6-708D-4598-AC49-3D2EC6305F75,PEDESTRIAN,Cross/Enter at Intersection,NO IMPROPER ACTIONS,AT INTERSECTION MARKED CROSSWALK,NO PED. SIGNAL,MIXED CLOTHING,No,POSSIBLE INJURY,NONE,39.18522333,-77.19406,"(39.18522333, -77.19406)"
MCP3237000G,200013398,Montgomery County Police,Injury Crash,03/20/2020 02:39:00 PM,,,,,"7 PORTSIDE CT, GAITHERSBURG",,PEDESTRIAN,SINGLE VEHICLE,CLEAR,,DAYLIGHT,NO CONTROLS,NONE DETECTED,NONE DETECTED,8D4A634C-FDD0-47C5-87AF-4A8734AF57CA,PEDESTRIAN,Getting off/on Vehicle,ENTERING EXITING PARKED STANDING VEHICLE,ON ROADWAY NOT AT CROSSWALK,NO PED. SIGNAL,DARK CLOTHING,Yes,SUSPECTED SERIOUS INJURY,NONE,39.14381833,-77.184915,"(39.14381833, -77.184915)"
MCP3038004N,200015789,Montgomery County Police,Property Damage Crash,04/13/2020 04:38:00 PM,County,CRESTMOOR DR,County,EASTMOOR DR,,N/A,OTHER,OTHER,CLEAR,DRY,DAYLIGHT,NO CONTROLS,N/A,N/A,329D54E9-A33E-4C28-8679-47420C3D7E45,OTHER,Cross/Enter at Intersection,DART DASH,ON ROADWAY NOT AT CROSSWALK,NO PED. SIGNAL,LIGHT CLOTHING,Yes,NO APPARENT INJURY,MC/BIKE HELMET,39.02700987,-77.0083001,"(39.02700987, -77.0083001)"
MCP2182002C,200015489,Montgomery County Police,Injury Crash,04/09/2020 06:30:00 AM,County,BEL PRE RD,County,CONNECTICUT AVE,,N/A,PEDESTRIAN,N/A,RAINING,WET,DAWN,TRAFFIC SIGNAL,NONE DETECTED,NONE DETECTED,4A1116D7-5886-4B02-986B-2CF4E53F7D11,PEDESTRIAN,Cross/Enter at Intersection,NO IMPROPER ACTIONS,ON ROADWAY AT CROSSWALK,UNKNOWN,DARK CLOTHING,Unknown,POSSIBLE INJURY,NONE,39.09193329,-77.07034303,"(39.09193329, -77.07034303)"
MCP3226000J,200016137,Montgomery County Police,Injury Crash,04/15/2020 02:00:00 PM,,,,,"PARKING LOT AT ALDI. 2223 BEL PRE RD, SILVER SPRING, MD 20906",,PEDESTRIAN,SINGLE VEHICLE,CLEAR,,DAYLIGHT,NO CONTROLS,UNKNOWN,N/A,E6FDB5F3-2843-4C04-B966-B8A7084F0FC9,PEDESTRIAN,Standing,NO IMPROPER ACTIONS,OTHER,N/A,UNKNOWN,No,SUSPECTED MINOR INJURY,NONE,39.09163296,-77.0472753,"(39.09163296, -77.0472753)"
MCP30240020,200016011,Montgomery County Police,Injury Crash,04/14/2020 03:46:00 PM,County,SKYLARK RD,County,SYCAMORE FARM DR,,N/A,BICYCLIST,SINGLE VEHICLE,CLEAR,N/A,DAYLIGHT,NO CONTROLS,N/A,N/A,A6613128-F4BF-4667-B438-E1CD1B405E95,BICYCLIST,Cross/Enter at Intersection,FAILURE TO YIELD RIGHT OF WAY,ON ROADWAY AT CROSSWALK,DISOBEYED PED. SIGNAL,MIXED CLOTHING,Yes,SUSPECTED SERIOUS INJURY,MC/BIKE HELMET,39.23808062,-77.25151427,"(39.23808062, -77.25151427)"
MCP2436009S,200015770,Montgomery County Police,Injury Crash,04/12/2020 12:50:00 PM,US (State),COLESVILLE RD,Maryland (State),UNIVERSITY BLVD E,,N/A,BICYCLIST,STRAIGHT MOVEMENT ANGLE,CLEAR,DRY,DAYLIGHT,TRAFFIC SIGNAL,NONE DETECTED,NONE DETECTED,3E75178E-4B0B-4D5D-B133-1806960462BC,BICYCLIST,Cross/Enter at Intersection,FAILURE TO OBEY TRAFFIC SIGNS SIGNALS OR OFFICER,ON ROADWAY AT CROSSWALK,DISOBEYED PED. SIGNAL,MIXED CLOTHING,Yes,SUSPECTED MINOR INJURY,NONE,39.02032231,-77.01283235,"(39.02032231, -77.01283235)"
MCP32110015,200016662,Montgomery County Police,Injury Crash,04/21/2020 12:46:00 PM,County,DORSET AVE,Maryland (State),RIVER RD,,N/A,PEDESTRIAN,N/A,CLOUDY,DRY,DAYLIGHT,STOP SIGN,NONE DETECTED,N/A,93CF851F-A8B4-4E01-90A0-DF3C8250C0D0,PEDESTRIAN,Cross/Enter at Intersection,IN ROADWAY IMPROPERLY,SHOULDER,NO PED. SIGNAL,UNKNOWN,No,POSSIBLE INJURY,N/A,38.96912792,-77.11006581,"(38.96912792, -77.11006581)"
MCP30990025,200014974,Montgomery County Police,Injury Crash,04/04/2020 10:17:00 AM,County,RIDGE RD,County,OBSERVATION DR,,N/A,PEDESTRIAN,OTHER,CLEAR,DRY,DAYLIGHT,TRAFFIC SIGNAL,NONE DETECTED,NONE DETECTED,77B30705-2349-47B2-A050-FB13228DD6BB,PEDESTRIAN,Cross/Enter at Intersection,NO IMPROPER ACTIONS,ON ROADWAY AT CROSSWALK,OBEYED PED. SIGNAL,MIXED CLOTHING,No,SUSPECTED MINOR INJURY,N/A,39.20184629,-77.25305357,"(39.20184629, -77.25305357)"
MCP32710001,200016299,Montgomery County Police,Injury Crash,04/17/2020 03:51:00 PM,Maryland (State),FREDERICK RD,Municipality,MARYLAND AVE,,GAITHERSBURG,BICYCLIST,STRAIGHT MOVEMENT ANGLE,CLEAR,DRY,DAYLIGHT,NO CONTROLS,NONE DETECTED,NONE DETECTED,339FFEDD-C723-41B8-A7C6-5929DA9533C6,BICYCLIST,Walking/Cycling on Sidewalk,NO IMPROPER ACTIONS,SIDEWALK,NO PED. SIGNAL,LIGHT CLOTHING,No,POSSIBLE INJURY,NONE,39.14500626,-77.20285304,"(39.14500626, -77.20285304)"
MCP2072003T,200016288,Montgomery County Police,Injury Crash,04/17/2020 01:45:00 PM,County,SCENERY DR,Unknown,SCENERY PL (PROP),,N/A,BICYCLIST,OTHER,CLOUDY,DRY,DAYLIGHT,NO CONTROLS,NONE DETECTED,N/A,00D84A0A-9516-449F-B728-3D414E1807F7,BICYCLIST,Walking/Riding w/Traffic,UNKNOWN,UNKNOWN,UNKNOWN,N/A,Yes,SUSPECTED MINOR INJURY,NONE,39.17754333,-77.23342,"(39.17754333, -77.23342)"
MCP2750004V,200016263,Montgomery County Police,Injury Crash,04/17/2020 09:35:00 AM,,,,,12313 GEORGIA AVE,,PEDESTRIAN,STRAIGHT MOVEMENT ANGLE,CLEAR,,DAYLIGHT,NO CONTROLS,NONE DETECTED,NONE DETECTED,9CDABA14-1A2B-4247-B97C-D0985BD01B04,PEDESTRIAN,Walking/Cycling on Sidewalk,NO IMPROPER ACTIONS,SIDEWALK,N/A,MIXED CLOTHING,No,SUSPECTED MINOR INJURY,NONE,39.05927333,-77.04997333,"(39.05927333, -77.04997333)"
DD5630002S,200016957,Rockville Police Departme,Injury Crash,04/23/2020 02:58:00 PM,Maryland (State),ROCKVILLE PIKE,Municipality,MONROE PL,,ROCKVILLE,OTHER,OTHER,RAINING,WET,DAYLIGHT,TRAFFIC SIGNAL,NONE DETECTED,NONE DETECTED,73032430-F706-476B-9D64-76B6785E82C1,OTHER,Cross/Enter at Intersection,FAILURE TO OBEY TRAFFIC SIGNS SIGNALS OR OFFICER,ON ROADWAY AT CROSSWALK,DISOBEYED PED. SIGNAL,LIGHT CLOTHING,Yes,SUSPECTED MINOR INJURY,NONE,39.08357859,-77.14725333,"(39.08357859, -77.14725333)"
MCP2845006R,200016657,Montgomery County Police,Injury Crash,04/21/2020 12:28:00 PM,,,,,PARKING LOT TO THE REAR OF 10141 COLESVILLE RD,,PEDESTRIAN,SINGLE VEHICLE,CLOUDY,,DAYLIGHT,NO CONTROLS,NONE DETECTED,NONE DETECTED,7ADF61B9-FB10-4FCF-B352-CE8CE38A732A,PEDESTRIAN,Other,NO IMPROPER ACTIONS,OTHER,N/A,MIXED CLOTHING,No,SUSPECTED MINOR INJURY,N/A,39.021207,-77.01157417,"(39.021207, -77.01157417)"
MCP3224000G,200016841,Montgomery County Police,Injury Crash,04/22/2020 08:28:00 PM,County,OLD COLUMBIA PIKE,Unknown,AMBERSTONE CT,,N/A,PEDESTRIAN,HEAD ON LEFT TURN,CLEAR,DRY,DARK LIGHTS ON,NO CONTROLS,NONE DETECTED,NONE DETECTED,9A0CBEC7-3609-4A48-871E-3C834EEC8E88,PEDESTRIAN,Cross/Enter at Intersection,NO IMPROPER ACTIONS,AT INTERSECTION BUT NO CROSSWALK,NO PED. SIGNAL,MIXED CLOTHING,No,NO APPARENT INJURY,N/A,39.05413699,-76.97366375,"(39.05413699, -76.97366375)"
MCP29670048,200016958,Montgomery County Police,Injury Crash,04/23/2020 03:23:00 PM,Maryland (State),MONTGOMERY AVE,County,WAVERLY ST,,N/A,PEDESTRIAN,OTHER,RAINING,WET,DAYLIGHT,TRAFFIC SIGNAL,N/A,N/A,19C4CC45-22BE-43D9-AAC2-AB5243C19D2E,PEDESTRIAN,Cross/Enter at Intersection,NO IMPROPER ACTIONS,ON ROADWAY AT CROSSWALK,OBEYED PED. SIGNAL,MIXED CLOTHING,No,SUSPECTED MINOR INJURY,NONE,38.98386238,-77.09238932,"(38.98386238, -77.09238932)"
MCP3014002L,200017515,Montgomery County Police,Injury Crash,04/28/2020 10:56:00 PM,Maryland (State),VEIRS MILL RD,County,RANDOLPH RD,,N/A,PEDESTRIAN,OTHER,CLOUDY,WET,DARK LIGHTS ON,TRAFFIC SIGNAL,NONE DETECTED,ALCOHOL CONTRIBUTED,405F4FDB-A1B6-48F2-ADA7-92D7DB12A440,PEDESTRIAN,Cross/Enter at Intersection,IN ROADWAY IMPROPERLY,ON ROADWAY NOT AT CROSSWALK,UNKNOWN,DARK CLOTHING,Yes,SUSPECTED SERIOUS INJURY,NONE,39.05617808,-77.08262992,"(39.05617808, -77.08262992)"
MCP3224000G,200016841,Montgomery County Police,Injury Crash,04/22/2020 08:28:00 PM,County,OLD COLUMBIA PIKE,Unknown,AMBERSTONE CT,,N/A,PEDESTRIAN,HEAD ON LEFT TURN,CLEAR,DRY,DARK LIGHTS ON,NO CONTROLS,NONE DETECTED,NONE DETECTED,387A4DEB-0CA7-4E52-8D6C-83A9B374099B,PEDESTRIAN,Cross/Enter at Intersection,NO IMPROPER ACTIONS,AT INTERSECTION BUT NO CROSSWALK,NO PED. SIGNAL,MIXED CLOTHING,No,NO APPARENT INJURY,N/A,39.05413699,-76.97366375,"(39.05413699, -76.97366375)"
MCP3225000F,200016839,Montgomery County Police,Injury Crash,04/22/2020 07:03:00 PM,County,RANDOLPH RD,County,COLIE DR,,N/A,PEDESTRIAN,SINGLE VEHICLE,CLEAR,DRY,DAYLIGHT,N/A,NONE DETECTED,NONE DETECTED,7C63DC7F-5740-45D9-8DDB-44C3768DF042,PEDESTRIAN,Walking/Cycling on Sidewalk,NO IMPROPER ACTIONS,SIDEWALK,N/A,UNKNOWN,No,SUSPECTED MINOR INJURY,NONE,39.05763712,-77.07974648,"(39.05763712, -77.07974648)"
MCP3224000G,200016841,Montgomery County Police,Injury Crash,04/22/2020 08:28:00 PM,County,OLD COLUMBIA PIKE,Unknown,AMBERSTONE CT,,N/A,PEDESTRIAN,HEAD ON LEFT TURN,CLEAR,DRY,DARK LIGHTS ON,NO CONTROLS,NONE DETECTED,NONE DETECTED,647504E2-FE2D-4604-960C-631CDA04BE38,PEDESTRIAN,Cross/Enter at Intersection,NO IMPROPER ACTIONS,AT INTERSECTION BUT NO CROSSWALK,NO PED. SIGNAL,MIXED CLOTHING,No,POSSIBLE INJURY,N/A,39.05413699,-76.97366375,"(39.05413699, -76.97366375)"
MCP3222000M,200017158,Montgomery County Police,Injury Crash,04/25/2020 11:19:00 AM,Government,BEACH DR,County,OLD SPRING RD,,N/A,BICYCLIST,STRAIGHT MOVEMENT ANGLE,CLEAR,DRY,DAYLIGHT,STOP SIGN,NONE DETECTED,NONE DETECTED,F534BEF8-CE08-4CCB-A34D-620AFB7D1DB4,BICYCLIST,Cross/Enter at Intersection,NO IMPROPER ACTIONS,AT INTERSECTION MARKED CROSSWALK,NO PED. SIGNAL,MIXED CLOTHING,No,SUSPECTED MINOR INJURY,MC/BIKE HELMET,39.01178183,-77.0680435,"(39.01178183, -77.0680435)"
MCP3111002K,200017558,Montgomery County Police,Injury Crash,04/29/2020 12:58:00 PM,Maryland (State),CONNECTICUT AVE,Maryland (State),BRADLEY LA,,N/A,BICYCLIST,SINGLE VEHICLE,CLEAR,DRY,DAYLIGHT,TRAFFIC SIGNAL,UNKNOWN,NONE DETECTED,3B8FD2F1-E40C-4F12-B715-75B077D99CC3,BICYCLIST,Walking/Cycling on Sidewalk,UNKNOWN,SIDEWALK,UNKNOWN,LIGHT CLOTHING,Unknown,SUSPECTED MINOR INJURY,MC/BIKE HELMET,38.97672396,-77.0772812,"(38.97672396, -77.0772812)"
EJ7878001D,200018160,Gaithersburg Police Depar,Injury Crash,05/04/2020 09:46:00 AM,,,,,PARKING LOT OF 21 S SUMMIT,,PEDESTRIAN,OTHER,CLEAR,,DAYLIGHT,NO CONTROLS,N/A,N/A,8ED26F24-7000-479B-9C46-1C121A413D7D,PEDESTRIAN,Standing,OTHER,OTHER,NO PED. SIGNAL,MIXED CLOTHING,Unknown,POSSIBLE INJURY,LIGHTING,39.14068025,-77.19341273,"(39.14068025, -77.19341273)"
MCP3073004V,200017725,Montgomery County Police,Property Damage Crash,04/30/2020 05:30:00 PM,,,,,"14000 GEORGIA AVE. ASPEN HILL, MD 20906",,PEDESTRIAN,OTHER,RAINING,,DAYLIGHT,N/A,NONE DETECTED,NONE DETECTED,F7A6234F-7320-4ED4-ADC0-11927C1688D0,PEDESTRIAN,Unknown,UNKNOWN,OTHER,N/A,MIXED CLOTHING,Unknown,NO APPARENT INJURY,NONE,39.08379167,-77.08135167,"(39.08379167, -77.08135167)"
MCP32710006,200017866,Montgomery County Police,Injury Crash,05/01/2020 09:20:00 PM,Maryland (State),GREAT SENECA HWY,Unknown,CROSSOVER,,N/A,BICYCLIST,STRAIGHT MOVEMENT ANGLE,CLEAR,DRY,DARK NO LIGHTS,NO CONTROLS,NONE DETECTED,NONE DETECTED,7D9DDE00-8E7F-4284-B088-18FF3C0A27DB,BICYCLIST,Cross/Enter at Intersection,DART DASH,ON ROADWAY AT CROSSWALK,NO PED. SIGNAL,DARK CLOTHING,Yes,SUSPECTED SERIOUS INJURY,NONE,39.107415,-77.20955833,"(39.107415, -77.20955833)"
EJ7852003Q,200018593,Gaithersburg Police Depar,Injury Crash,05/07/2020 04:00:00 PM,,,,,"622 CENTERPOINT WAY, GAITHERSBURG MONTGOMERY COUNTY, MARYLAND",,PEDESTRIAN,OTHER,N/A,,DAYLIGHT,NO CONTROLS,NONE DETECTED,NONE DETECTED,368DAB05-A25E-44F4-B713-4451A17BCB72,PEDESTRIAN,N/A,UNKNOWN,N/A,NO PED. SIGNAL,N/A,Unknown,SUSPECTED MINOR INJURY,NONE,39.12196736,-77.23327566,"(39.12196736, -77.23327566)"
MCP3125002B,200018199,Montgomery County Police,Injury Crash,05/04/2020 03:30:00 PM,,,,,16101 FREDERICK RD - TRANSFER STATION RDS,,PEDESTRIAN,SINGLE VEHICLE,CLEAR,,DAYLIGHT,NO CONTROLS,NONE DETECTED,NONE DETECTED,E44742B3-DF76-454D-911A-F67EAE36266B,PEDESTRIAN,Getting off/on Vehicle,INATTENTIVE,ON ROADWAY NOT AT CROSSWALK,N/A,LIGHT CLOTHING,No,SUSPECTED MINOR INJURY,NONE,39.122035,-77.17094667,"(39.122035, -77.17094667)"
DD5636001Z,200017965,Rockville Police Departme,Injury Crash,05/02/2020 05:55:00 PM,Municipality,ANDERSON AVE,Municipality,LAIRD ST,,ROCKVILLE,BICYCLIST,OTHER,CLEAR,DRY,DAYLIGHT,NO CONTROLS,NONE DETECTED,NONE DETECTED,75E28D44-AF07-4241-B9AA-805E21A6BF7F,BICYCLIST,Walking/Riding w/Traffic,UNKNOWN,N/A,UNKNOWN,MIXED CLOTHING,Unknown,POSSIBLE INJURY,MC/BIKE HELMET,39.08606428,-77.16204295,"(39.08606428, -77.16204295)"
MCP2055000S,15053997,MONTGOMERY,Injury Crash,10/24/2015 11:37:00 AM,,,,,"206 N. Frederick Ave
Gaithersburg MD  20878",,PEDESTRIAN,OTHER,CLOUDY,,DAYLIGHT,NO CONTROLS,NONE DETECTED,NONE DETECTED,AA34A1AA-194B-4F02-9563-13A0D1F97B28,PEDESTRIAN,Other,OTHER,SIDEWALK,NO PED. SIGNAL,N/A,No,POSSIBLE INJURY,N/A,39.144435,-77.20246833,"(39.144435, -77.20246833)"
MCP25080007,15014007,Montgomery County Police,Injury Crash,03/26/2015 07:44:00 PM,,,,,PARKING LOT OF 13408 KINGSVIEW VILLAGE AVE,,PEDESTRIAN,SINGLE VEHICLE,RAINING,,DARK LIGHTS ON,NO CONTROLS,NONE DETECTED,NONE DETECTED,5F62CB21-8ADC-45DB-8432-1E52943CB6A9,PEDESTRIAN,Other,NOT VISIBLE,OTHER,N/A,MIXED CLOTHING,,POSSIBLE INJURY,NONE,39.15988333,-77.27945,"(39.15988333, -77.27945)"
MCP0936001M,16031943,Montgomery County Police,Injury Crash,06/24/2016 10:40:00 AM,,,,,10550 CONNECTICUT AVENUE,,PEDESTRIAN,SINGLE VEHICLE,CLOUDY,,DAYLIGHT,N/A,NONE DETECTED,NONE DETECTED,FB5E7D7B-C056-487A-9808-72D516CF3656,PEDESTRIAN,Other,NO IMPROPER ACTIONS,OTHER,NO PED. SIGNAL,MIXED CLOTHING,No,POSSIBLE INJURY,N/A,39.02775843,-77.07669318,"(39.02775843, -77.07669318)"
MCP2931003B,190012716,Montgomery County Police,Injury Crash,03/19/2019 06:25:00 PM,,,,,PARKING LOT OF 12266 ROCKVILLE PIKE,,PEDESTRIAN,OTHER,CLEAR,,DAYLIGHT,N/A,N/A,N/A,A3428237-E38D-4AA2-AB15-45843DAE64F8,PEDESTRIAN,Other,DART DASH,SIDEWALK,N/A,LIGHT CLOTHING,No,POSSIBLE INJURY,N/A,39.05720833,-77.12202833,"(39.05720833, -77.12202833)"
MCP2378000K,15065374,MONTGOMERY,Injury Crash,12/21/2015 09:35:00 PM,,,,,"PARKING LOT OF 11509 AMHERST AVENUE WHEATON, MD",,PEDESTRIAN,SINGLE VEHICLE,CLEAR,,DARK LIGHTS ON,N/A,NONE DETECTED,NONE DETECTED,3460A41A-23E5-41E3-9039-57A918DD1B97,PEDESTRIAN,Standing,UNKNOWN,OTHER,N/A,UNKNOWN,No,SUSPECTED MINOR INJURY,N/A,38.99006,-77.09686667,"(38.99006, -77.09686667)"