Report Number,Local Case Number,Agency Name,ACRS Report Type,Crash Date/Time,Route Type,Road Name,Cross-Street Type,Cross-Street Name,Off-Road Description,Municipality,Related Non-Motorist,Collision Type,Weather,Surface Condition,Light,Traffic Control,Driver Substance Abuse,Non-Motorist Substance Abuse,Person ID,Pedestrian Type,Pedestrian Movement,Pedestrian Actions,Pedestrian Location,Pedestrian Obeyed Traffic Signal,Pedestrian Visibility,At Fault,Injury Severity,Safety Equipment,Latitude,Longitude,Location
MCP26830030,180027780,Montgomery County Police,Property Damage Crash,06/05/2018 11:19:00 PM,,,,,"9864 HELLINGLY PL
GAITHERSBURG, MD 20886",,OTHER,SINGLE VEHICLE,CLEAR,,DARK LIGHTS ON,N/A,NONE DETECTED,NONE DETECTED,D6BCA1D0-DEF4-4251-A8F0-632894774FA0,OTHER,N/A,UNKNOWN,INSIDE BUILDING,N/A,N/A,No,NO APPARENT INJURY,N/A,39.15987167,-77.203125,"(39.15987167, -77.203125)"
MCP2290001S,180064498,Montgomery County Police,Injury Crash,12/26/2018 08:32:00 AM,,,,,IFO 16567 S FREDERICK AVE (WEIS MARKET),,PEDESTRIAN,SINGLE VEHICLE,CLEAR,,DAYLIGHT,N/A,,UNKNOWN,D489AF8F-178B-404B-9524-58F54E821A47,PEDESTRIAN,Other,UNKNOWN,OTHER,N/A,DARK CLOTHING,Unknown,POSSIBLE INJURY,NONE,39.12602355,-77.1819099,"(39.12602355, -77.1819099)"
MCP229800L8,180053322,Montgomery County Police,Injury Crash,10/24/2018 05:33:00 PM,,,,,PARKING LOT OF 22222 DAVIS MILL RD,,"MACHINE OPERATOR/RIDER, OTHER",OTHER,CLEAR,,DAYLIGHT,NO CONTROLS,,NONE DETECTED,9B46E634-02FE-4FB2-A79F-5F5601A80AFA,MACHINE OPERATOR/RIDER,N/A,OTHER,OTHER,N/A,N/A,Unknown,POSSIBLE INJURY,N/A,39.221495,-77.2227965,"(39.221495, -77.2227965)"
MCP25970015,15003230,Montgomery County Police,Injury Crash,01/20/2015 05:46:00 PM,County,WAYNE AVE,County,RAMSEY AVE,,N/A,PEDESTRIAN,OTHER,CLEAR,DRY,DARK LIGHTS ON,TRAFFIC SIGNAL,NONE DETECTED,ALCOHOL PRESENT,D40E853D-4DD8-4833-9A6A-E4358E0384D7,PEDESTRIAN,Cross/Enter at Intersection,IN ROADWAY IMPROPERLY,ON ROADWAY NOT AT CROSSWALK,DISOBEYED PED. SIGNAL,DARK CLOTHING,,SUSPECTED MINOR INJURY,NONE,38.99450598,-77.02920198,"(38.99450598, -77.02920198)"
DD55020029,16020780,Rockville Police Departme,Injury Crash,04/27/2016 05:44:00 PM,Municipality,PICCARD DR,Municipality,CURIE CT,,ROCKVILLE,PEDESTRIAN,OTHER,CLOUDY,DRY,DAYLIGHT,NO CONTROLS,NONE DETECTED,NONE DETECTED,9D99EAA8-F5CC-4BB1-9ED6-AF7D7ED95A7D,PEDESTRIAN,Cross/Enter at Intersection,INATTENTIVE,ON ROADWAY NOT AT CROSSWALK,NO PED. SIGNAL,DARK CLOTHING,Yes,POSSIBLE INJURY,NONE,39.10587333,-77.17983,"(39.10587333, -77.17983)"
MCP11740020,17013679,Montgomery County Police,Injury Crash,03/17/2017 09:25:00 AM,Maryland (State),WISCONSIN AVE,County,BETHESDA AVE,,N/A,PEDESTRIAN,OTHER,CLEAR,DRY,DAYLIGHT,TRAFFIC SIGNAL,UNKNOWN,N/A,95F6080D-29A3-4E2F-BAEA-94C0415E9F73,PEDESTRIAN,Cross/Enter at Intersection,NO IMPROPER ACTIONS,AT INTERSECTION MARKED CROSSWALK,OBEYED PED. SIGNAL,DARK CLOTHING,No,SUSPECTED MINOR INJURY,NONE,38.98103486,-77.09271938,"(38.98103486, -77.09271938)"
MCP2456000T,16006689,Montgomery County Police,Injury Crash,01/08/2016 10:21:00 AM,Maryland (State),UNIVERSITY BLVD W,County,LORAIN AVE,,N/A,PEDESTRIAN,STRAIGHT MOVEMENT ANGLE,CLEAR,DRY,DAYLIGHT,N/A,NONE DETECTED,NONE DETECTED,A396EFD0-76D4-4158-B271-937D413F635F,PEDESTRIAN,Unknown,UNKNOWN,OTHER,NO PED. SIGNAL,DARK CLOTHING,Unknown,POSSIBLE INJURY,N/A,39.020875,-77.01510667,"(39.020875, -77.01510667)"
EJ7836000M,170510539,Gaithersburg Police Depar,Injury Crash,05/29/2017 04:40:00 PM,,,,,PARKING LOT IN FRONT OF 394 N SUMMIT AVENUE,,PEDESTRIAN,SINGLE VEHICLE,CLEAR,,DAYLIGHT,NO CONTROLS,N/A,N/A,DF54EEB3-ACEE-4FF0-A5CF-F7BC270065A5,PEDESTRIAN,Playing,DART DASH,N/A,N/A,MIXED CLOTHING,Yes,SUSPECTED MINOR INJURY,N/A,39.09755833,-77.206595,"(39.09755833, -77.206595)"
MCP2588001V,16049667,Montgomery County Police,Injury Crash,09/27/2016 10:21:00 AM,County,RANDOLPH RD,County,BLUHILL RD,,N/A,PEDESTRIAN,OTHER,CLEAR,DRY,DAYLIGHT,OTHER,NONE DETECTED,NONE DETECTED,5527FCE3-D938-4231-B31A-B270E27C5A52,PEDESTRIAN,Cross/Enter at Intersection,NO IMPROPER ACTIONS,N/A,NO PED. SIGNAL,LIGHT CLOTHING,No,SUSPECTED MINOR INJURY,N/A,39.05920833,-77.06485,"(39.05920833, -77.06485)"
MCP11480015,16009387,Montgomery County Police,Injury Crash,02/25/2016 10:11:00 AM,County,EDGEMOOR LA,Maryland (State),OLD GEORGETOWN RD,,N/A,PEDESTRIAN,SINGLE VEHICLE,CLOUDY,DRY,DAYLIGHT,STOP SIGN,NONE DETECTED,NONE DETECTED,1A36AB37-3CAA-4488-B449-C327CACB3CEC,PEDESTRIAN,Cross/Enter at Intersection,NO IMPROPER ACTIONS,ON ROADWAY AT CROSSWALK,NO PED. SIGNAL,LIGHT CLOTHING,No,SUSPECTED SERIOUS INJURY,NONE,38.98464333,-77.09586667,"(38.98464333, -77.09586667)"
MCP2889000R,15018140,Montgomery County Police,Injury Crash,04/18/2015 09:33:00 AM,Maryland (State),OLNEY LAYTONSVILLE RD,County,BOWIE MILL RD,,N/A,PEDESTRIAN,OTHER,N/A,DRY,DAYLIGHT,NO CONTROLS,NONE DETECTED,NONE DETECTED,2E8C683A-6E6E-4A2E-B785-60266845350E,PEDESTRIAN,Cross/Enter at Intersection,NO IMPROPER ACTIONS,ON ROADWAY AT CROSSWALK,OBEYED PED. SIGNAL,MIXED CLOTHING,,POSSIBLE INJURY,N/A,39.09912667,-77.04219833,"(39.09912667, -77.04219833)"
DD5603005P,180015684,Rockville Police Departme,Injury Crash,03/31/2018 06:00:00 PM,,,,,1643B ROCKVILLE PIKE (PARKING LOT/STORE),,PEDESTRIAN,SINGLE VEHICLE,CLEAR,,DAYLIGHT,NO CONTROLS,NONE DETECTED,NONE DETECTED,B2DB1C33-2312-47B7-A458-3D2A4B6B51B4,PEDESTRIAN,Standing,NO IMPROPER ACTIONS,INSIDE BUILDING,N/A,DARK CLOTHING,No,SUSPECTED MINOR INJURY,N/A,39.06219902,-77.12715626,"(39.06219902, -77.12715626)"
MCP31900008,190012811,Montgomery County Police,Injury Crash,03/21/2019 07:12:00 AM,,BANQUO DRIVE,,DUNSINANE DRIVE,,N/A,PEDESTRIAN,OTHER,N/A,DRY,DAYLIGHT,N/A,UNKNOWN,N/A,CDC6344C-DBAB-4523-B7E6-D6A18A31C086,PEDESTRIAN,Approach/Leaving Schoolbus,DART DASH,IN SCHOOL BUS ZONE,N/A,UNKNOWN,No,POSSIBLE INJURY,N/A,39.09452051,-77.07370871,"(39.09452051, -77.07370871)"
MCP2586004F,180056363,Montgomery County Police,Injury Crash,11/09/2018 06:31:00 PM,County,STEWART LA,County,OLD COLUMBIA PIKE,,N/A,PEDESTRIAN,OTHER,CLEAR,DRY,DARK LIGHTS ON,NO CONTROLS,UNKNOWN,NONE DETECTED,25D81DF1-1BA8-4263-A0C8-33EB50D0FC75,PEDESTRIAN,Cross/Enter at Intersection,NO IMPROPER ACTIONS,ON ROADWAY AT CROSSWALK,N/A,MIXED CLOTHING,No,POSSIBLE INJURY,N/A,39.04625267,-76.98656163,"(39.04625267, -76.98656163)"
MCP12510010,17000585,Montgomery County Police,Injury Crash,01/04/2017 01:45:00 PM,Maryland (State),RIVER RD,County,BRADLEY BLVD,,N/A,BICYCLIST,HEAD ON LEFT TURN,CLEAR,DRY,DAYLIGHT,TRAFFIC SIGNAL,NONE DETECTED,NONE DETECTED,2853495C-7C37-42AD-8831-E52924D95BC7,BICYCLIST,Cross/Enter at Intersection,NO IMPROPER ACTIONS,AT INTERSECTION BUT NO CROSSWALK,UNKNOWN,REFLECTIVE MATERIAL,No,SUSPECTED MINOR INJURY,MC/BIKE HELMET,39.00204464,-77.18083799,"(39.00204464, -77.18083799)"
MCP2982001X,170503149,Montgomery County Police,Injury Crash,04/20/2017 02:22:00 PM,Maryland (State),GEORGIA AVE,County,CAMERON ST,,N/A,PEDESTRIAN,OTHER,CLEAR,DRY,DAYLIGHT,TRAFFIC SIGNAL,UNKNOWN,NONE DETECTED,4FBEB9F2-7BE0-4412-B482-041D66EF8658,PEDESTRIAN,Cross/Enter at Intersection,NO IMPROPER ACTIONS,ON ROADWAY AT CROSSWALK,NO PED. SIGNAL,DARK CLOTHING,No,SUSPECTED MINOR INJURY,NONE,38.99761097,-77.02974513,"(38.99761097, -77.02974513)"
MCP27660016,15014009,Montgomery County Police,Injury Crash,03/26/2015 07:49:00 PM,Maryland (State),GEORGIA AVE,Maryland (State),CONNECTICUT AVE,,N/A,PEDESTRIAN,STRAIGHT MOVEMENT ANGLE,RAINING,WET,DARK NO LIGHTS,NO CONTROLS,NONE DETECTED,NONE DETECTED,2EFC3F8E-01FE-4223-A942-F2CB88CD40F2,PEDESTRIAN,Cross/Enter not at Intersection,NOT VISIBLE,ON ROADWAY AT CROSSWALK,NO PED. SIGNAL,DARK CLOTHING,,POSSIBLE INJURY,NONE,39.08396833,-77.07845,"(39.08396833, -77.07845)"
MCP2565003V,17010234,Montgomery County Police,Injury Crash,02/25/2017 06:07:00 PM,Maryland (State),ROCKVILLE PIKE,County,TUCKERMAN LA,,N/A,BICYCLIST,SAME DIR REAR END,CLEAR,DRY,DARK LIGHTS ON,NO CONTROLS,NONE DETECTED,NONE DETECTED,DEF8D76B-3DEB-4AAF-9A37-3F05701EBEB5,BICYCLIST,Walking/Riding w/Traffic,N/A,ON ROADWAY NOT AT CROSSWALK,N/A,REAR REFLECTOR,No,POSSIBLE INJURY,NONE,39.02486626,-77.10308746,"(39.02486626, -77.10308746)"
MCP2935001S,190007777,Montgomery County Police,Injury Crash,02/17/2019 08:00:00 PM,,,,,"INSIDE MONTGOMERY COUNTY PARKING GARAGE #4 ON 2ND LEVEL, LOCATED AT 8110 FENTON STREET",,PEDESTRIAN,OTHER,N/A,,DARK LIGHTS ON,N/A,,NONE DETECTED,DC6AA1C0-7818-482F-8723-F59A499D4850,PEDESTRIAN,Getting off/on Vehicle,NO IMPROPER ACTIONS,OTHER,N/A,N/A,No,SUSPECTED MINOR INJURY,NONE,38.99167,-77.02514667,"(38.99167, -77.02514667)"
MCP28180022,16041124,Montgomery County Police,Injury Crash,08/13/2016 05:37:00 PM,County,FENTON ST,US (State),COLESVILLE RD,,N/A,PEDESTRIAN,OTHER,CLEAR,DRY,N/A,TRAFFIC SIGNAL,NONE DETECTED,NONE DETECTED,726029E9-22E4-401B-BF8F-47182A4389B4,PEDESTRIAN,Cross/Enter at Intersection,NO IMPROPER ACTIONS,AT INTERSECTION MARKED CROSSWALK,OBEYED PED. SIGNAL,DARK CLOTHING,No,SUSPECTED MINOR INJURY,N/A,38.99752833,-77.02718167,"(38.99752833, -77.02718167)"
MCP2868001W,16013604,MONTGOMERY,Injury Crash,03/19/2016 09:00:00 PM,County,CORDELL AVE,County,NORFOLK AVE,,N/A,PEDESTRIAN,SINGLE VEHICLE,RAINING,WET,DARK LIGHTS ON,NO CONTROLS,NONE DETECTED,NONE DETECTED,E01B5887-E0BE-4012-BFDE-B0C8B21AFA8F,PEDESTRIAN,Cross/Enter not at Intersection,NO IMPROPER ACTIONS,CURB,NO PED. SIGNAL,MIXED CLOTHING,No,POSSIBLE INJURY,NONE,38.98868545,-77.09864974,"(38.98868545, -77.09864974)"
MCP3093000S,180039443,Montgomery County Police,Injury Crash,08/08/2018 09:15:00 PM,,,,,PARKING LOT IN FRONT OF 10911 BREWER HOUSE RD,,PEDESTRIAN,N/A,N/A,,DARK LIGHTS ON,NO CONTROLS,N/A,N/A,C82748B4-44EA-499A-B04F-B56CF0CF2E16,PEDESTRIAN,Cross/Enter not at Intersection,NOT VISIBLE,ON ROADWAY NOT AT CROSSWALK,N/A,DARK CLOTHING,Yes,POSSIBLE INJURY,N/A,39.03500833,-77.11345167,"(39.03500833, -77.11345167)"
MCP2780002M,17014453,Montgomery County Police,Property Damage Crash,03/21/2017 02:54:00 PM,Maryland (State),FREDERICK RD,County,SHAKESPEARE BLVD,,N/A,PEDESTRIAN,OTHER,CLOUDY,DRY,DAYLIGHT,TRAFFIC SIGNAL,NONE DETECTED,NONE DETECTED,CBD39D23-F8A4-4FD7-B72C-BF33ED5E1882,PEDESTRIAN,Cross/Enter at Intersection,NO IMPROPER ACTIONS,ON ROADWAY AT CROSSWALK,OBEYED PED. SIGNAL,MIXED CLOTHING,No,NO APPARENT INJURY,NONE,39.19849667,-77.24467333,"(39.19849667, -77.24467333)"
EJ78520010,15030791,Gaithersburg Police Depar,Injury Crash,06/24/2015 12:23:00 PM,Maryland (State),S FREDERICK RD,Municipality,CEDAR AVE,,GAITHERSBURG,PEDESTRIAN,SAME DIR REAR END,N/A,DRY,DAYLIGHT,OTHER,UNKNOWN,N/A,F0BBBE0E-D1D8-400F-B753-C3300E5EAA75,PEDESTRIAN,Other Working,NO IMPROPER ACTIONS,OTHER,N/A,REFLECTIVE MATERIAL,,SUSPECTED SERIOUS INJURY,REFLECTIVE CLOTHING,39.13965546,-77.196486,"(39.13965546, -77.196486)"
MCP1453002D,16000517,Montgomery County Police,Injury Crash,01/04/2016 08:19:00 AM,,,,,PARKING LOT OF 20910 FREDERICK RD (WALMART),,PEDESTRIAN,SINGLE VEHICLE,CLEAR,,DAYLIGHT,STOP SIGN,NONE DETECTED,NONE DETECTED,4B1C641C-875E-4C59-9B0B-3AD7C4CBB578,PEDESTRIAN,Cross/Enter at Intersection,NO IMPROPER ACTIONS,DRIVEWAY ACCESS MARKED CROSSWALK,NO PED. SIGNAL,MIXED CLOTHING,No,SUSPECTED MINOR INJURY,NONE,39.197795,-77.25234333,"(39.197795, -77.25234333)"
MCP1181000W,19001952,Montgomery County Police,Injury Crash,04/28/2019 07:52:00 PM,County,MEADOW MIST RD,Other Public Roadway,MEADOW MIST RD (BACK),,N/A,PEDESTRIAN,OTHER,CLEAR,DRY,DAYLIGHT,NO CONTROLS,NONE DETECTED,NONE DETECTED,48D32FF4-D1BC-43D1-ABD5-D48773652D1D,PEDESTRIAN,Playing,DART DASH,OTHER,NO PED. SIGNAL,MIXED CLOTHING,Yes,SUSPECTED MINOR INJURY,N/A,39.23093667,-77.243555,"(39.23093667, -77.243555)"
MCP27190024,180001211,Montgomery County Police,Injury Crash,01/08/2018 11:00:00 PM,Maryland (State),VEIRS MILL RD,County,ENNALLS AVE,,N/A,PEDESTRIAN,OTHER,WINTRY MIX,ICE,DARK LIGHTS ON,NO CONTROLS,N/A,ALCOHOL PRESENT,0166E0A8-0C15-498D-A5D5-8842AECE151F,PEDESTRIAN,Cross/Enter not at Intersection,FAILURE TO YIELD RIGHT OF WAY,ON ROADWAY NOT AT CROSSWALK,NO PED. SIGNAL,DARK CLOTHING,Yes,SUSPECTED SERIOUS INJURY,NONE,39.03912167,-77.05435167,"(39.03912167, -77.05435167)"
MCP1379004B,16044397,Montgomery County Police,Injury Crash,08/31/2016 11:55:00 AM,County,E RANDOLPH RD,Maryland (State),NEW HAMPSHIRE AVE,,N/A,PEDESTRIAN,STRAIGHT MOVEMENT ANGLE,CLEAR,DRY,DAYLIGHT,NO CONTROLS,NONE DETECTED,NONE DETECTED,39B1E023-73D3-445E-B3D1-17AA018E6822,PEDESTRIAN,Walking/Cycling on Sidewalk,IN ROADWAY IMPROPERLY,ON ROADWAY NOT AT CROSSWALK,NO PED. SIGNAL,MIXED CLOTHING,Yes,SUSPECTED MINOR INJURY,NONE,39.07602167,-77.00309667,"(39.07602167, -77.00309667)"
MCP2339002G,170512551,Montgomery County Police,Injury Crash,06/08/2017 07:32:00 AM,County,BRIGGS CHANEY RD,County,GOOD HOPE RD,,N/A,BICYCLIST,HEAD ON LEFT TURN,N/A,DRY,DAYLIGHT,NO CONTROLS,NONE DETECTED,NONE DETECTED,BBA9D4FB-1414-4CA9-9C38-58CEC03FB028,BICYCLIST,Cross/Enter at Intersection,N/A,AT INTERSECTION BUT NO CROSSWALK,N/A,MIXED CLOTHING,No,SUSPECTED MINOR INJURY,MC/BIKE HELMET,39.101519,-76.980297,"(39.101519, -76.980297)"
MCP27940015,15053515,MONTGOMERY,Injury Crash,10/21/2015 10:13:00 PM,County,WOODMONT AVE,County,BATTERY LA,,N/A,PEDESTRIAN,OTHER,N/A,DRY,DARK NO LIGHTS,TRAFFIC SIGNAL,N/A,NONE DETECTED,943C5411-C1B5-48C7-AB56-F6FAFE3EC709,PEDESTRIAN,Cross/Enter at Intersection,NO IMPROPER ACTIONS,AT INTERSECTION MARKED CROSSWALK,OBEYED PED. SIGNAL,MIXED CLOTHING,No,SUSPECTED MINOR INJURY,N/A,38.99270484,-77.09711552,"(38.99270484, -77.09711552)"
MCP2717007S,16048948,Montgomery County Police,Injury Crash,09/23/2016 01:20:00 PM,County,WOODMONT AVE,County,ST ELMO AVE,,N/A,PEDESTRIAN,OTHER,CLEAR,DRY,DAYLIGHT,TRAFFIC SIGNAL,NONE DETECTED,NONE DETECTED,05B55015-AEE9-4565-9BA4-710136E300FE,PEDESTRIAN,Cross/Enter at Intersection,FAILURE TO YIELD RIGHT OF WAY,ON ROADWAY AT CROSSWALK,DISOBEYED PED. SIGNAL,MIXED CLOTHING,Yes,SUSPECTED MINOR INJURY,NONE,38.98945167,-77.096755,"(38.98945167, -77.096755)"
MCP27450018,15058225,MONTGOMERY,Injury Crash,11/14/2015 09:50:00 PM,County,FLOWER HILL WAY,Maryland (State),WOODFIELD RD,,N/A,PEDESTRIAN,OTHER,N/A,DRY,DARK LIGHTS ON,NO CONTROLS,UNKNOWN,N/A,B928E4E0-F6F9-4E53-A6B2-31F6E55F2F28,PEDESTRIAN,Cross/Enter not at Intersection,UNKNOWN,SIDEWALK,N/A,DARK CLOTHING,No,SUSPECTED SERIOUS INJURY,NONE,39.15570833,-77.16471833,"(39.15570833, -77.16471833)"
MCP20610005,15061920,Montgomery County Police,Injury Crash,11/12/2015 07:30:00 AM,Municipality,NORRIS RD,Maryland (State),FISHER AVE,,N/A,PEDESTRIAN,STRAIGHT MOVEMENT ANGLE,CLEAR,DRY,DAWN,STOP SIGN,N/A,N/A,0B3B1321-2B1E-46E3-84B4-FA167BB1684F,PEDESTRIAN,Cross/Enter at Intersection,NO IMPROPER ACTIONS,ON ROADWAY AT CROSSWALK,NO PED. SIGNAL,DARK CLOTHING,Unknown,SUSPECTED MINOR INJURY,NONE,39.14544691,-77.41474271,"(39.14544691, -77.41474271)"
MCP3053001X,180020607,Montgomery County Police,Injury Crash,04/27/2018 12:44:00 PM,County,INDEPENDENCE ST,County,PARKLAND DR,,N/A,PEDESTRIAN,OTHER,CLOUDY,DRY,DAYLIGHT,NO CONTROLS,N/A,N/A,0BD058F5-F8CE-486C-A3D3-2CB77BA0DDAE,PEDESTRIAN,Walking/Riding against Traffic,DART DASH,ON ROADWAY NOT AT CROSSWALK,NO PED. SIGNAL,LIGHT CLOTHING,Yes,POSSIBLE INJURY,N/A,39.07285333,-77.08617667,"(39.07285333, -77.08617667)"
MCP25520028,180000091,Montgomery County Police,Injury Crash,01/01/2018 03:25:00 PM,,,,,"PARKING LOT OF 12051 ROCKVILLE PIKE, ROCKVILLE, MD 20851.",,PEDESTRIAN,OTHER,CLEAR,,DAYLIGHT,N/A,N/A,N/A,C4345F08-F201-4AAF-BA22-1B3482F5B76C,PEDESTRIAN,Cross/Enter not at Intersection,NO IMPROPER ACTIONS,ON ROADWAY AT CROSSWALK,N/A,N/A,No,SUSPECTED MINOR INJURY,N/A,39.05494275,-77.11521506,"(39.05494275, -77.11521506)"
MCP2046009H,190004682,Montgomery County Police,Injury Crash,01/30/2019 06:44:00 AM,US (State),COLUMBIA PIKE,County,STEWART LA,,N/A,PEDESTRIAN,STRAIGHT MOVEMENT ANGLE,CLEAR,N/A,DARK LIGHTS ON,TRAFFIC SIGNAL,NONE DETECTED,NONE DETECTED,E0354840-7F4F-4FE8-84D4-9615BD7DE4FD,PEDESTRIAN,Cross/Enter at Intersection,NO IMPROPER ACTIONS,AT INTERSECTION BUT NO CROSSWALK,NO PED. SIGNAL,MIXED CLOTHING,No,POSSIBLE INJURY,N/A,39.04634667,-76.98751833,"(39.04634667, -76.98751833)"
MCP2929001Q,16041572,Montgomery County Police,Injury Crash,08/16/2016 10:30:00 AM,County,PRINCE PHILIP DR,Maryland (State),OLNEY SANDY SPRING RD,,N/A,OTHER,OTHER,N/A,DRY,DAYLIGHT,NO CONTROLS,NONE DETECTED,NONE DETECTED,381161B4-3118-4BA5-A6F6-1C4D7613FD84,OTHER,Getting off/on Vehicle,N/A,SHOULDER,NO PED. SIGNAL,LIGHT CLOTHING,No,SUSPECTED MINOR INJURY,N/A,39.15071372,-77.05721498,"(39.15071372, -77.05721498)"
MCP12050050,190018148,Montgomery County Police,Injury Crash,04/18/2019 01:16:00 PM,County,BETHESDA AVE,County,ARLINGTON RD,,N/A,PEDESTRIAN,OTHER,CLOUDY,DRY,DAYLIGHT,NO CONTROLS,NONE DETECTED,NONE DETECTED,7AF1F7CC-3753-41FF-BAA8-947667C96D6F,PEDESTRIAN,Cross/Enter not at Intersection,IN ROADWAY IMPROPERLY,ON ROADWAY NOT AT CROSSWALK,N/A,MIXED CLOTHING,Yes,SUSPECTED MINOR INJURY,NONE,38.98081479,-77.09732498,"(38.98081479, -77.09732498)"
MCP2689002T,17009131,Montgomery County Police,Injury Crash,02/20/2017 07:47:00 AM,County,TWINBROOK PKWY,County,PARKLAWN DR,,N/A,PEDESTRIAN,SINGLE VEHICLE,CLEAR,DRY,DAYLIGHT,TRAFFIC SIGNAL,NONE DETECTED,NONE DETECTED,164A863C-A1FB-4CD9-A5B9-F4D54B17273A,PEDESTRIAN,Cross/Enter at Intersection,NO IMPROPER ACTIONS,AT INTERSECTION MARKED CROSSWALK,OBEYED PED. SIGNAL,REFLECTIVE MATERIAL,No,SUSPECTED MINOR INJURY,REFLECTIVE CLOTHING,39.06148051,-77.11623296,"(39.06148051, -77.11623296)"
DD5593001B,15031012,Rockville Police Departme,Injury Crash,06/25/2015 01:09:00 PM,Municipality,WOOTTON PKWY,Municipality,HURLEY AVE,,ROCKVILLE,BICYCLIST,ANGLE MEETS LEFT TURN,N/A,DRY,DAYLIGHT,TRAFFIC SIGNAL,N/A,N/A,2729A8B5-BA74-4753-BFCB-66DA13183975,BICYCLIST,Cross/Enter at Intersection,DART DASH,IN BIKEWAY,UNKNOWN,LIGHT CLOTHING,,SUSPECTED MINOR INJURY,N/A,39.080785,-77.18507,"(39.080785, -77.18507)"
MCP3037002H,190012244,Montgomery County Police,Injury Crash,03/16/2019 07:54:00 PM,,,,,"PARKING LOT OF 501 QUINCE ORCHARD RD, GAITHERSBURG, MD",,PEDESTRIAN,SINGLE VEHICLE,N/A,,DARK LIGHTS ON,N/A,UNKNOWN,NONE DETECTED,3932B4AA-1DE9-45C5-8313-77B5816147E6,PEDESTRIAN,Other,NO IMPROPER ACTIONS,OTHER,NO PED. SIGNAL,UNKNOWN,No,SUSPECTED MINOR INJURY,N/A,39.18419667,-77.26345167,"(39.18419667, -77.26345167)"
MCP1417005F,16027322,Montgomery County Police,Injury Crash,06/01/2016 10:30:00 AM,,,,,"PARKING LOT OF
18206 CONTOUR ROAD",,PEDESTRIAN,SINGLE VEHICLE,CLEAR,,DAYLIGHT,NO CONTROLS,NONE DETECTED,NONE DETECTED,EE60808D-FFAE-4A9A-9E32-417D1F15A7A6,PEDESTRIAN,Other,DART DASH,OTHER,NO PED. SIGNAL,MIXED CLOTHING,Yes,SUSPECTED MINOR INJURY,NONE,39.1551877,-77.19924331,"(39.1551877, -77.19924331)"
MCP1309000Z,170540675,Montgomery County Police,Injury Crash,11/03/2017 01:15:00 PM,County,SHAKESPEARE BLVD,Maryland (State),FREDERICK RD,,N/A,PEDESTRIAN,OTHER,CLEAR,DRY,DAYLIGHT,NO CONTROLS,NONE DETECTED,NONE DETECTED,E2B78726-07A4-455B-AA06-06DA61850847,PEDESTRIAN,Cross/Enter not at Intersection,IN ROADWAY IMPROPERLY,ON ROADWAY NOT AT CROSSWALK,NO PED. SIGNAL,LIGHT CLOTHING,Yes,SUSPECTED MINOR INJURY,N/A,39.19820167,-77.2457,"(39.19820167, -77.2457)"
MCP3022001N,180015324,Montgomery County Police,Injury Crash,03/22/2018 12:30:00 PM,,,,,"PARKING LOT OF 7ELEVEN LOCATED AT 13001 WISTERIA DRIVE, GERMANTOWN, MD 20874",,PEDESTRIAN,OPPOSITE DIR BOTH LEFT TURN,CLEAR,,DAYLIGHT,STOP SIGN,UNKNOWN,UNKNOWN,FA9A83C1-92ED-4AB6-A0EC-F198348119E8,PEDESTRIAN,Cross/Enter at Intersection,N/A,AT INTERSECTION BUT NO CROSSWALK,UNKNOWN,MIXED CLOTHING,No,SUSPECTED MINOR INJURY,N/A,39.17844221,-77.27031916,"(39.17844221, -77.27031916)"
MCP3143000R,180056364,Montgomery County Police,Injury Crash,11/09/2018 06:44:00 PM,County,EXECUTIVE BLVD,County,MARINELLI RD,,N/A,PEDESTRIAN,OTHER,RAINING,WET,DARK LIGHTS ON,TRAFFIC SIGNAL,NONE DETECTED,NONE DETECTED,C2314996-CF3F-47D5-8D37-B45F104BFCA9,PEDESTRIAN,Cross/Enter at Intersection,NO IMPROPER ACTIONS,N/A,UNKNOWN,DARK CLOTHING,No,SUSPECTED MINOR INJURY,NONE,39.046515,-77.11683167,"(39.046515, -77.11683167)"
MCP2116003Q,16006064,Montgomery County Police,Injury Crash,02/05/2016 05:11:00 PM,Municipality,W GUDE DR,Municipality,PICCARD DR,,ROCKVILLE,PEDESTRIAN,STRAIGHT MOVEMENT ANGLE,CLEAR,DRY,DUSK,TRAFFIC SIGNAL,N/A,NONE DETECTED,D92DD21D-ABA4-4FF7-B86B-278C0FD1A294,PEDESTRIAN,Cross/Enter at Intersection,NO IMPROPER ACTIONS,ON ROADWAY AT CROSSWALK,OBEYED PED. SIGNAL,LIGHT CLOTHING,No,SUSPECTED MINOR INJURY,NONE,39.101867,-77.177141,"(39.101867, -77.177141)"
MCP27890024,16002818,Montgomery County Police,Injury Crash,01/15/2016 04:00:00 PM,County,MANCHESTER RD,County,E WAYNE AVE,,N/A,PEDESTRIAN,SINGLE VEHICLE,CLEAR,DRY,DAYLIGHT,NO CONTROLS,N/A,N/A,50389101-ED99-4016-AC5C-34A12326FC6E,PEDESTRIAN,Walking/Riding w/Traffic,IN ROADWAY IMPROPERLY,OUTSIDE RIGHT OF WAY,NO PED. SIGNAL,MIXED CLOTHING,Yes,SUSPECTED MINOR INJURY,N/A,39.00258167,-77.01118333,"(39.00258167, -77.01118333)"