Report Number,Local Case Number,Agency Name,ACRS Report Type,Crash Date/Time,Route Type,Road Name,Cross-Street Type,Cross-Street Name,Off-Road Description,Municipality,Related Non-Motorist,Collision Type,Weather,Surface Condition,Light,Traffic Control,Driver Substance Abuse,Non-Motorist Substance Abuse,Person ID,Pedestrian Type,Pedestrian Movement,Pedestrian Actions,Pedestrian Location,Pedestrian Obeyed Traffic Signal,Pedestrian Visibility,At Fault,Injury Severity,Safety Equipment,Latitude,Longitude,Location
MCP2707001D,180062919,Montgomery County Police,Injury Crash,12/17/2018 08:00:00 AM,Maryland (State),FREDERICK RD,Ramp,RAMP 8 FR MD 355 SB TO IS 370 WB,,N/A,PEDESTRIAN,SAME DIRECTION RIGHT TURN,CLEAR,DRY,DAYLIGHT,N/A,UNKNOWN,NONE DETECTED,0A3109EA-795A-49B6-94DB-8F54EA8E1C55,PEDESTRIAN,Cross/Enter at Intersection,INATTENTIVE,AT INTERSECTION MARKED CROSSWALK,NO PED. SIGNAL,N/A,No,SUSPECTED MINOR INJURY,NONE,39.12366524,-77.17905555,"(39.12366524, -77.17905555)"
MCP2546002K,180050432,Montgomery County Police,Injury Crash,10/09/2018 06:56:00 AM,Maryland (State),GEORGIA AVE,County,WENDY LA,,N/A,PEDESTRIAN,ANGLE MEETS RIGHT TURN,CLEAR,DRY,DAWN,NO CONTROLS,NONE DETECTED,NONE DETECTED,FB6D6D1B-BB93-45B8-B6FB-829294B67442,PEDESTRIAN,Standing,NO IMPROPER ACTIONS,SIDEWALK,N/A,UNKNOWN,No,POSSIBLE INJURY,N/A,39.078979,-77.07256,"(39.078979, -77.07256)"
MCP29730017,16015925,Montgomery County Police,Injury Crash,04/01/2016 02:47:00 PM,Maryland (State),VEIRS MILL RD,Maryland (State),UNIVERSITY BLVD W,,N/A,PEDESTRIAN,SINGLE VEHICLE,CLEAR,DRY,DAYLIGHT,NO CONTROLS,NONE DETECTED,NONE DETECTED,ADDBFD5E-AABA-4B00-8E4A-AD3474884ACC,PEDESTRIAN,Cross/Enter not at Intersection,FAILURE TO YIELD RIGHT OF WAY,ON ROADWAY NOT AT CROSSWALK,NO PED. SIGNAL,MIXED CLOTHING,Yes,POSSIBLE INJURY,NONE,39.04029881,-77.05611527,"(39.04029881, -77.05611527)"
MCP2986000B,16007349,Montgomery County Police,Injury Crash,02/12/2016 09:43:00 PM,Maryland (State),COLESVILLE RD,County,SECOND AVE,,N/A,PEDESTRIAN,STRAIGHT MOVEMENT ANGLE,CLEAR,DRY,DARK LIGHTS ON,TRAFFIC SIGNAL,NONE DETECTED,NONE DETECTED,A1830BD2-6270-41BC-B006-AF6C1C019439,PEDESTRIAN,Cross/Enter at Intersection,NO IMPROPER ACTIONS,AT INTERSECTION MARKED CROSSWALK,OBEYED PED. SIGNAL,DARK CLOTHING,No,POSSIBLE INJURY,NONE,38.99469,-77.03069333,"(38.99469, -77.03069333)"
MCP2728005R,180042255,Montgomery County Police,Injury Crash,08/24/2018 07:50:00 PM,County,WAYNE AVE,County,DALE DR,,N/A,BICYCLIST,STRAIGHT MOVEMENT ANGLE,CLEAR,DRY,DUSK,NO CONTROLS,NONE DETECTED,NONE DETECTED,6EC811B7-CF93-4332-B595-065CE3BBCE51,BICYCLIST,Walking/Riding w/Traffic,NO IMPROPER ACTIONS,OTHER,OTHER,REFLECTIVE MATERIAL,No,SUSPECTED MINOR INJURY,MC/BIKE HELMET,38.99924167,-77.01722,"(38.99924167, -77.01722)"
MCP3139000F,180028408,Montgomery County Police,Injury Crash,06/08/2018 09:26:00 PM,Maryland (State),UNIVERSITY BLVD E,Unknown,EXIT #29,,N/A,"BICYCLIST, OTHER",OTHER,CLEAR,N/A,DARK LIGHTS ON,TRAFFIC SIGNAL,N/A,N/A,1DA153F6-DF35-4A5F-9AB6-B8B6D1C3DCE6,BICYCLIST,Cross/Enter at Intersection,UNKNOWN,ON ROADWAY AT CROSSWALK,UNKNOWN,UNKNOWN,Yes,POSSIBLE INJURY,MC/BIKE HELMET,39.01608167,-77.00529833,"(39.01608167, -77.00529833)"
MCP2717008H,16058916,Montgomery County Police,Injury Crash,11/15/2016 05:57:00 PM,Maryland (State),OLD GEORGETOWN RD,County,BEECH AVE,,N/A,BICYCLIST,OTHER,CLEAR,DRY,DARK LIGHTS ON,TRAFFIC SIGNAL,NONE DETECTED,NONE DETECTED,5688F534-FA23-4047-A86E-6841AF2B3A0D,BICYCLIST,Cross/Enter at Intersection,NO IMPROPER ACTIONS,ON ROADWAY AT CROSSWALK,OBEYED PED. SIGNAL,MIXED CLOTHING,No,SUSPECTED MINOR INJURY,MC/BIKE HELMET,39.01030333,-77.11492167,"(39.01030333, -77.11492167)"
MCP3003001Q,170543959,Montgomery County Police,Injury Crash,11/20/2017 06:45:00 PM,,,,,PARKING LOT OF 19923 CENTURY BLVD,,PEDESTRIAN,OTHER,CLEAR,,DARK LIGHTS ON,N/A,NONE DETECTED,NONE DETECTED,85044F3E-F8E2-4E6D-8E31-2A6B1C548C9F,PEDESTRIAN,Other,UNKNOWN,OTHER,N/A,DARK CLOTHING,No,SUSPECTED MINOR INJURY,N/A,39.18218155,-77.262007,"(39.18218155, -77.262007)"
MCP29360009,15024180,Montgomery County Police,Injury Crash,05/20/2015 11:21:00 AM,,,,,"Parking Lot of Bobby's Burger Palace (7101 Democracy Blvd. Bethesda, MD 20817)",,PEDESTRIAN,STRAIGHT MOVEMENT ANGLE,CLEAR,,DAYLIGHT,STOP SIGN,NONE DETECTED,NONE DETECTED,3E8A896C-341E-4BCF-9668-438C785C846D,PEDESTRIAN,Cross/Enter at Intersection,NO IMPROPER ACTIONS,ON ROADWAY AT CROSSWALK,NO PED. SIGNAL,N/A,,SUSPECTED MINOR INJURY,N/A,39.02590833,-77.14587833,"(39.02590833, -77.14587833)"
MCP2353003P,17011782,Montgomery County Police,Injury Crash,03/06/2017 10:58:00 AM,County,WILLARD AVE,Municipality,THE HILLS PLAZA,,FRIENDSHIP HEIGHTS,PEDESTRIAN,SINGLE VEHICLE,CLEAR,DRY,DAYLIGHT,STOP SIGN,NONE DETECTED,NONE DETECTED,94C19C64-4004-4460-BA2B-D2EF2A6DA43B,PEDESTRIAN,Cross/Enter at Intersection,NO IMPROPER ACTIONS,ON ROADWAY AT CROSSWALK,NO PED. SIGNAL,MIXED CLOTHING,No,SUSPECTED SERIOUS INJURY,NONE,38.961785,-77.08775167,"(38.961785, -77.08775167)"
MCP23530034,16056632,Montgomery County Police,Injury Crash,11/03/2016 08:01:00 AM,County,WYNDALE RD,Government,BEACH DR,,N/A,BICYCLIST,SINGLE VEHICLE,CLEAR,DRY,DAYLIGHT,N/A,NONE DETECTED,NONE DETECTED,DCE62DCA-2A71-47FF-826D-70D7A9B1CB92,BICYCLIST,Walking/Riding w/Traffic,NO IMPROPER ACTIONS,ON ROADWAY NOT AT CROSSWALK,NO PED. SIGNAL,LIGHT CLOTHING,No,SUSPECTED MINOR INJURY,MC/BIKE HELMET,38.985795,-77.05721333,"(38.985795, -77.05721333)"
MCP1475000Q,16015424,Montgomery County Police,Injury Crash,03/29/2016 06:00:00 PM,,,,,PARKING LOT OF 9659 LOST KNIFE ROAD,,PEDESTRIAN,OTHER,CLEAR,,DAYLIGHT,N/A,NONE DETECTED,UNKNOWN,77D47AB4-2721-4792-B33C-A907F0BE2384,PEDESTRIAN,Cross/Enter not at Intersection,IN ROADWAY IMPROPERLY,ON ROADWAY NOT AT CROSSWALK,NO PED. SIGNAL,UNKNOWN,Yes,SUSPECTED MINOR INJURY,N/A,39.153467,-77.198422,"(39.153467, -77.198422)"
MCP1205003Y,180007498,Montgomery County Police,Injury Crash,02/13/2018 10:35:00 AM,County,BROOKVILLE RD,Unknown,ENT ARMY MED CTR,,N/A,BICYCLIST,HEAD ON LEFT TURN,CLEAR,DRY,DAYLIGHT,TRAFFIC SIGNAL,NONE DETECTED,NONE DETECTED,4E751561-8EF4-4DBC-8D45-0987CBBB6212,BICYCLIST,Walking/Riding w/Traffic,NO IMPROPER ACTIONS,ON ROADWAY AT CROSSWALK,OBEYED PED. SIGNAL,UNKNOWN,No,SUSPECTED MINOR INJURY,MC/BIKE HELMET,39.00247,-77.05305333,"(39.00247, -77.05305333)"
MCP271700GQ,180013953,Montgomery County Police,Injury Crash,03/20/2018 05:30:00 PM,,,,,5144 NICHOLSON LANE (COMMERCIAL PARKING LOT),,PEDESTRIAN,OTHER,RAINING,,DAYLIGHT,NO CONTROLS,NONE DETECTED,NONE DETECTED,3C2A41BB-F4C8-47E0-B3D8-7191AC82B685,PEDESTRIAN,Other,NO IMPROPER ACTIONS,OTHER,N/A,MIXED CLOTHING,No,SUSPECTED MINOR INJURY,NONE,39.04385167,-77.105115,"(39.04385167, -77.105115)"
MCP30510029,180050769,Montgomery County Police,Injury Crash,10/10/2018 07:50:00 PM,Other Public Roadway,MONTROSE PKWY,County,E JEFFERSON ST,,N/A,PEDESTRIAN,OTHER,CLEAR,DRY,DARK LIGHTS ON,TRAFFIC SIGNAL,NONE DETECTED,NONE DETECTED,A967266F-B6F0-46F7-BD88-6E3C68FCAA40,PEDESTRIAN,Cross/Enter at Intersection,NO IMPROPER ACTIONS,ON ROADWAY AT CROSSWALK,OBEYED PED. SIGNAL,REFLECTIVE MATERIAL,No,POSSIBLE INJURY,REFLECTIVE CLOTHING,39.05093961,-77.12610848,"(39.05093961, -77.12610848)"
EJ7809000W,17007620,Gaithersburg Police Depar,Injury Crash,02/12/2017 03:34:00 AM,,,,,"117 E. DIAMOND AVE. GAITHERSBURG, MD. 20877 (CANCUN RESTAURANT / REAR PARKING LOT)",,PEDESTRIAN,SINGLE VEHICLE,CLEAR,,DARK LIGHTS ON,NO CONTROLS,ALCOHOL CONTRIBUTED,ALCOHOL PRESENT,5C03597E-91BA-46E1-92EB-24EA8930EF08,PEDESTRIAN,Unknown,UNKNOWN,OTHER,N/A,MIXED CLOTHING,No,SUSPECTED MINOR INJURY,N/A,39.14187307,-77.19475061,"(39.14187307, -77.19475061)"
MCP13780085,15051735,MONTGOMERY,Injury Crash,10/12/2015 01:48:00 PM,Municipality,WASHINGTONIAN BLVD,County,FIELDS RD,,N/A,PEDESTRIAN,SINGLE VEHICLE,CLEAR,DRY,DAYLIGHT,TRAFFIC SIGNAL,NONE DETECTED,NONE DETECTED,3C95D285-E2C6-485E-AB96-DDD42B63CD3F,PEDESTRIAN,Cross/Enter at Intersection,NO IMPROPER ACTIONS,ON ROADWAY AT CROSSWALK,OBEYED PED. SIGNAL,DARK CLOTHING,No,SUSPECTED SERIOUS INJURY,N/A,39.11164269,-77.19269738,"(39.11164269, -77.19269738)"
MCP1022002N,15023984,Montgomery County Police,Injury Crash,05/19/2015 01:26:00 PM,,,,,"PARKING LOT IN FRONT OF WALMART 20910 FREDERICK RD GERMANTOWN, MD 20874",,PEDESTRIAN,OTHER,CLEAR,,DAYLIGHT,NO CONTROLS,NONE DETECTED,NONE DETECTED,65A30961-69BD-4BBE-B484-E4533E8D6C78,PEDESTRIAN,Other,NO IMPROPER ACTIONS,ON ROADWAY AT CROSSWALK,NO PED. SIGNAL,MIXED CLOTHING,,SUSPECTED SERIOUS INJURY,N/A,39.19894333,-77.251515,"(39.19894333, -77.251515)"
MCP3074000D,170527544,Montgomery County Police,Injury Crash,08/29/2017 01:08:00 PM,Maryland (State),UNIVERSITY BLVD E,US (State),COLESVILLE RD,,N/A,PEDESTRIAN,OTHER,RAINING,WET,DAYLIGHT,NO CONTROLS,NONE DETECTED,NONE DETECTED,D60EC608-ED00-4B2C-B37E-7435C336D344,PEDESTRIAN,Walking/Riding against Traffic,IN ROADWAY IMPROPERLY,ON ROADWAY NOT AT CROSSWALK,UNKNOWN,LIGHT CLOTHING,Yes,SUSPECTED MINOR INJURY,N/A,39.0207591,-77.01366663,"(39.0207591, -77.01366663)"
EJ7858002M,180049018,Gaithersburg Police Depar,Injury Crash,10/01/2018 12:17:00 PM,,,,,PARKING LOT 655 WATKINS MILL RD,,PEDESTRIAN,OTHER,CLEAR,,DAYLIGHT,NO CONTROLS,NONE DETECTED,NONE DETECTED,BF0782C9-F8B9-44DB-93A0-A4DCE4C8D3AC,PEDESTRIAN,Walking/Riding against Traffic,NO IMPROPER ACTIONS,OTHER,NO PED. SIGNAL,MIXED CLOTHING,No,POSSIBLE INJURY,N/A,39.15561667,-77.22110667,"(39.15561667, -77.22110667)"
MCP2565001S,15033708,MONTGOMERY,Injury Crash,07/09/2015 09:56:00 PM,,,,,"In Parking lot of 11710 Hunters Lane, Rockville, MD",,PEDESTRIAN,OTHER,CLEAR,,DARK LIGHTS ON,NO CONTROLS,NONE DETECTED,NONE DETECTED,65088DFD-432E-434F-B8F9-C9BB6F246C21,PEDESTRIAN,Other,NO IMPROPER ACTIONS,N/A,N/A,MIXED CLOTHING,No,SUSPECTED MINOR INJURY,NONE,39.04886473,-77.09873557,"(39.04886473, -77.09873557)"
DD5601000V,15027969,Rockville Police Departme,Injury Crash,06/09/2015 02:39:00 PM,Maryland (State),VEIRS MILL RD,Municipality,ATLANTIC AVE,,ROCKVILLE,PEDESTRIAN,N/A,CLEAR,DRY,DAYLIGHT,TRAFFIC SIGNAL,NONE DETECTED,NONE DETECTED,EAC05F33-1EBD-4FEB-BC52-57D17C2709F3,PEDESTRIAN,Cross/Enter at Intersection,NO IMPROPER ACTIONS,ON ROADWAY AT CROSSWALK,OBEYED PED. SIGNAL,LIGHT CLOTHING,,POSSIBLE INJURY,N/A,39.07530333,-77.11579167,"(39.07530333, -77.11579167)"
DD55390025,190000855,Rockville Police Departme,Injury Crash,01/05/2019 09:45:00 PM,Maryland (State),ROCKVILLE PIKE,Municipality,ROLLINS AVE,,ROCKVILLE,PEDESTRIAN,OTHER,CLEAR,DRY,DARK LIGHTS ON,TRAFFIC SIGNAL,NONE DETECTED,NONE DETECTED,FF09978B-E8D1-498E-95FE-FDBBC11DDBDB,PEDESTRIAN,Cross/Enter at Intersection,FAILURE TO OBEY TRAFFIC SIGNS SIGNALS OR OFFICER,ON ROADWAY AT CROSSWALK,DISOBEYED PED. SIGNAL,DARK CLOTHING,Yes,POSSIBLE INJURY,N/A,39.05912667,-77.12127,"(39.05912667, -77.12127)"
MCP2971000S,15052325,MONTGOMERY,Injury Crash,10/15/2015 10:23:00 AM,County,FENTON ST,US (State),COLESVILLE RD,,N/A,PEDESTRIAN,OTHER,CLEAR,DRY,DAYLIGHT,TRAFFIC SIGNAL,NONE DETECTED,NONE DETECTED,15C955AD-3201-4CC1-93F7-A5D34B7B0D8C,PEDESTRIAN,Cross/Enter at Intersection,NO IMPROPER ACTIONS,ON ROADWAY AT CROSSWALK,OBEYED PED. SIGNAL,DARK CLOTHING,No,SUSPECTED MINOR INJURY,NONE,38.99747,-77.02671833,"(38.99747, -77.02671833)"
DD56050033,17000408,Rockville Police Departme,Injury Crash,01/03/2017 02:41:00 PM,Maryland (State),HUNGERFORD DR,Municipality,N WASHINGTON ST,,ROCKVILLE,PEDESTRIAN,OTHER,RAINING,WET,DAYLIGHT,OTHER,NONE DETECTED,NONE DETECTED,C96FF6CE-C97E-4E0A-9128-0BF0073AE236,PEDESTRIAN,Cross/Enter at Intersection,NO IMPROPER ACTIONS,SIDEWALK,NO PED. SIGNAL,DARK CLOTHING,No,POSSIBLE INJURY,NONE,39.08999167,-77.15239333,"(39.08999167, -77.15239333)"
MCP2835000Z,15066183,MONTGOMERY,Injury Crash,12/25/2015 11:00:00 PM,,,,,PARKING LOT BEHIND 8105 EAST WEST HWY,,PEDESTRIAN,HEAD ON,CLEAR,,DARK LIGHTS ON,NO CONTROLS,NONE DETECTED,NONE DETECTED,9EB27A18-61F3-4C3E-886A-97F777D6AF88,PEDESTRIAN,Other,NO IMPROPER ACTIONS,OTHER,NO PED. SIGNAL,MIXED CLOTHING,No,SUSPECTED MINOR INJURY,NONE,38.99828114,-77.0416005,"(38.99828114, -77.0416005)"
MCP3075001Y,180064588,Montgomery County Police,Injury Crash,12/26/2018 04:31:00 PM,,,,,11606 MIDDLEBROOK RD (SUNOCO PARKING LOT),,OTHER,OTHER,CLEAR,,DAYLIGHT,N/A,NONE DETECTED,NONE DETECTED,F6A3B5C7-0083-45E3-A158-2C5A94A9B05C,OTHER,Other,NO IMPROPER ACTIONS,OTHER,N/A,N/A,No,POSSIBLE INJURY,N/A,39.17893833,-77.23947167,"(39.17893833, -77.23947167)"
MCP2948002J,180033373,Montgomery County Police,Injury Crash,07/06/2018 04:30:00 PM,,,,,"PARKING LOT OF 2730 UNIVERSITY BOULEVARD, SILVER SPRING MARYLAND",,MACHINE OPERATOR/RIDER,OPPOSITE DIRECTION SIDESWIPE,CLEAR,,DAYLIGHT,NO CONTROLS,UNKNOWN,N/A,1F76CE5A-5066-45D9-9BA9-A735CAD6AAB7,MACHINE OPERATOR/RIDER,Walking/Riding w/Traffic,NO IMPROPER ACTIONS,ON ROADWAY NOT AT CROSSWALK,N/A,N/A,Unknown,POSSIBLE INJURY,N/A,39.03884333,-77.05577,"(39.03884333, -77.05577)"
MCP2859005F,180039488,Montgomery County Police,Injury Crash,08/09/2018 05:40:00 AM,Maryland (State),GREAT SENECA HWY,Maryland (State),QUINCE ORCHARD RD,,N/A,PEDESTRIAN,SAME DIR REAR END,CLEAR,DRY,DARK NO LIGHTS,NO CONTROLS,NONE DETECTED,NONE DETECTED,2259B21D-B6CB-4793-B41C-5D8234EAC9EA,PEDESTRIAN,Standing,NO IMPROPER ACTIONS,OTHER,N/A,MIXED CLOTHING,No,POSSIBLE INJURY,NONE,39.13033333,-77.23971833,"(39.13033333, -77.23971833)"
MCP93900010,170543471,Montgomery County Police,Injury Crash,11/17/2017 07:54:00 PM,Municipality,KENTLANDS BLVD,Maryland (State),GREAT SENECA HWY,,N/A,OTHER CONVEYANCE,HEAD ON LEFT TURN,N/A,DRY,DARK LIGHTS ON,TRAFFIC SIGNAL,"N/A, NONE DETECTED",N/A,B7158FCF-2696-4A96-9846-B253B23FCB4F,OTHER CONVEYANCE,N/A,NO IMPROPER ACTIONS,N/A,N/A,N/A,No,NO APPARENT INJURY,N/A,39.12373667,-77.23166167,"(39.12373667, -77.23166167)"
MCP29760012,15047401,MONTGOMERY,Injury Crash,09/18/2015 05:49:00 PM,County,FENTON ST,County,CAMERON ST,,N/A,PEDESTRIAN,OTHER,CLEAR,DRY,DAYLIGHT,TRAFFIC SIGNAL,NONE DETECTED,NONE DETECTED,D3E852AB-7614-4D38-AFAB-AC610F23AF6E,PEDESTRIAN,Cross/Enter at Intersection,NO IMPROPER ACTIONS,ON ROADWAY AT CROSSWALK,OBEYED PED. SIGNAL,LIGHT CLOTHING,No,POSSIBLE INJURY,NONE,38.99829156,-77.02872992,"(38.99829156, -77.02872992)"
MCP3027001G,170544122,Montgomery County Police,Injury Crash,11/21/2017 01:47:00 PM,County,SLIGO AVE,County,FENTON ST,,N/A,PEDESTRIAN,SINGLE VEHICLE,CLEAR,DRY,DAYLIGHT,TRAFFIC SIGNAL,N/A,N/A,879FE08F-4B87-44FC-8447-FDB331D0C014,PEDESTRIAN,Cross/Enter at Intersection,NO IMPROPER ACTIONS,AT INTERSECTION MARKED CROSSWALK,OBEYED PED. SIGNAL,MIXED CLOTHING,No,POSSIBLE INJURY,NONE,38.98998833,-77.02386333,"(38.98998833, -77.02386333)"
MCP10220046,16009028,Montgomery County Police,Injury Crash,02/23/2016 10:09:00 AM,Maryland (State),GERMANTOWN RD,County,CRYSTAL ROCK DR,,N/A,PEDESTRIAN,SINGLE VEHICLE,RAINING,WET,DAYLIGHT,TRAFFIC SIGNAL,NONE DETECTED,NONE DETECTED,086B24E4-8070-4559-8201-79C806FCCC22,PEDESTRIAN,Cross/Enter at Intersection,IN ROADWAY IMPROPERLY,AT INTERSECTION BUT NO CROSSWALK,NO PED. SIGNAL,MIXED CLOTHING,Yes,SUSPECTED SERIOUS INJURY,NONE,39.18114333,-77.26191833,"(39.18114333, -77.26191833)"
EJ7851003T,180059995,Gaithersburg Police Depar,Injury Crash,11/30/2018 07:30:00 AM,County,WARING STATION RD,County,FOREST BROOK RD,,N/A,PEDESTRIAN,N/A,CLEAR,DRY,DAWN,UNKNOWN,UNKNOWN,NONE DETECTED,E23A7912-F81F-4EAF-86E8-8ABA67C95F39,PEDESTRIAN,Unknown,NO IMPROPER ACTIONS,SIDEWALK,UNKNOWN,UNKNOWN,No,POSSIBLE INJURY,NONE,39.16903935,-77.24741924,"(39.16903935, -77.24741924)"
MCP2437002Q,170513484,Montgomery County Police,Injury Crash,06/13/2017 06:21:00 PM,Maryland (State),GEORGIA AVE,County,HEWITT AVE,,N/A,PEDESTRIAN,SINGLE VEHICLE,CLEAR,DRY,DAYLIGHT,TRAFFIC SIGNAL,NONE DETECTED,NONE DETECTED,D0FF4FC1-A35B-43EA-AB3D-3845578848AD,PEDESTRIAN,Cross/Enter at Intersection,NO IMPROPER ACTIONS,ON ROADWAY AT CROSSWALK,OBEYED PED. SIGNAL,MIXED CLOTHING,No,SUSPECTED MINOR INJURY,NONE,39.0777,-77.070905,"(39.0777, -77.070905)"
MCP1417003N,15034903,MONTGOMERY,Injury Crash,07/16/2015 08:16:00 AM,Municipality,FIRSTFIELD RD,Maryland (State),CLOPPER RD,,N/A,BICYCLIST,SAME DIRECTION LEFT TURN,CLEAR,DRY,DAYLIGHT,TRAFFIC SIGNAL,NONE DETECTED,NONE DETECTED,73AA8147-5ADD-4063-9B9A-EC1982967930,BICYCLIST,Cross/Enter at Intersection,NO IMPROPER ACTIONS,AT INTERSECTION MARKED CROSSWALK,OBEYED PED. SIGNAL,DARK CLOTHING,No,SUSPECTED MINOR INJURY,NONE,39.14369746,-77.22373188,"(39.14369746, -77.22373188)"
MCP27020010,15046733,MONTGOMERY,Property Damage Crash,09/15/2015 03:15:00 PM,,,,,901 Jessup Blair Rd Garage (Level 2),,OTHER,OTHER,N/A,,DAYLIGHT,N/A,NONE DETECTED,NONE DETECTED,F29B3A31-7F75-421C-B39C-1BA7973D6A70,OTHER,Other,OTHER,INSIDE BUILDING,N/A,N/A,No,NO APPARENT INJURY,N/A,38.98729,-77.02467167,"(38.98729, -77.02467167)"
MCP2077002P,180054320,Montgomery County Police,Injury Crash,10/31/2018 07:10:00 AM,Maryland (State),GEORGIA AVE,County,SHOREFIELD RD,,N/A,PEDESTRIAN,OTHER,CLEAR,DRY,DARK -- UNKNOWN LIGHTING,TRAFFIC SIGNAL,UNKNOWN,NONE DETECTED,004C011E-36AB-4E25-BD8D-1ADE34C09A51,PEDESTRIAN,Cross/Enter at Intersection,UNKNOWN,ON ROADWAY AT CROSSWALK,OBEYED PED. SIGNAL,UNKNOWN,Unknown,SUSPECTED MINOR INJURY,NONE,39.053,-77.051,"(39.053, -77.051)"
MCP27890026,16003701,Montgomery County Police,Injury Crash,01/20/2016 07:20:00 PM,Maryland (State),GEORGIA AVE,County,AUGUST DR,,N/A,PEDESTRIAN,SINGLE VEHICLE,SNOW,SNOW,DARK LIGHTS ON,NO CONTROLS,N/A,N/A,ECD282E3-9D31-4663-B0CF-88F845E4C89E,PEDESTRIAN,Walking/Cycling on Sidewalk,OTHER,OTHER,N/A,MIXED CLOTHING,Yes,SUSPECTED MINOR INJURY,N/A,39.02171333,-77.04463,"(39.02171333, -77.04463)"
MCP3000000W,16032017,Montgomery County Police,Property Damage Crash,06/24/2016 04:33:00 PM,Maryland (State),GERMANTOWN RD,County,MIDDLEBROOK RD,,N/A,PEDESTRIAN,OTHER,CLEAR,DRY,DAYLIGHT,TRAFFIC SIGNAL,NONE DETECTED,NONE DETECTED,CF49303B-7DF1-4CFF-B299-E1B0DCB918D0,PEDESTRIAN,Cross/Enter at Intersection,INATTENTIVE,ON ROADWAY AT CROSSWALK,DISOBEYED PED. SIGNAL,MIXED CLOTHING,Yes,NO APPARENT INJURY,NONE,39.17876167,-77.26707333,"(39.17876167, -77.26707333)"
MCP28920051,180033558,Montgomery County Police,Injury Crash,07/07/2018 03:26:00 PM,,,,,"PARKING LOT

9159 BROOKVILLE ROAD SILVER SPRING, MD",,PEDESTRIAN,SINGLE VEHICLE,CLEAR,,DAYLIGHT,NO CONTROLS,UNKNOWN,NONE DETECTED,F065DD49-61AE-404D-AB3C-8C4C30878335,PEDESTRIAN,Standing,NO IMPROPER ACTIONS,OTHER,N/A,N/A,No,POSSIBLE INJURY,N/A,39.00583712,-77.05005884,"(39.00583712, -77.05005884)"
MCP1301000C,15034958,MONTGOMERY,Fatal Crash,07/16/2015 10:53:00 AM,County,RANDOLPH RD,County,SELFRIDGE RD,,N/A,PEDESTRIAN,SINGLE VEHICLE,CLEAR,DRY,DAYLIGHT,TRAFFIC SIGNAL,NONE DETECTED,UNKNOWN,3A3AAFD7-E6DD-446E-9974-A50D806A2A31,PEDESTRIAN,Walking/Cycling on Sidewalk,NO IMPROPER ACTIONS,SIDEWALK,N/A,DARK CLOTHING,No,FATAL INJURY,N/A,39.05535932,-77.08352208,"(39.05535932, -77.08352208)"
MCP3045001S,190005685,Montgomery County Police,Injury Crash,01/31/2019 03:55:00 PM,County,FARMLAND DR,County,OLD STAGE RD,,N/A,PEDESTRIAN,OTHER,CLEAR,UNKNOWN,DAYLIGHT,SCHOOL ZONE SIGN DEVICE,UNKNOWN,N/A,19CA0FFE-F03F-4A7D-8A8F-AB6C2F84B0C3,PEDESTRIAN,Walking to/from school,IN ROADWAY IMPROPERLY,ON ROADWAY NOT AT CROSSWALK,NO PED. SIGNAL,UNKNOWN,Yes,SUSPECTED SERIOUS INJURY,NONE,39.0471,-77.1452,"(39.0471, -77.1452)"
MCP1205001L,15059306,MONTGOMERY,Injury Crash,11/20/2015 01:36:00 PM,,,,,Parking area of 7851 Old Georgetown Road.,,PEDESTRIAN,OTHER,CLEAR,,DAYLIGHT,N/A,NONE DETECTED,NONE DETECTED,742381F1-6DE6-42A6-B5F0-312A65D25D6C,PEDESTRIAN,Other,NO IMPROPER ACTIONS,OTHER,N/A,MIXED CLOTHING,No,SUSPECTED MINOR INJURY,N/A,38.98836856,-77.10028052,"(38.98836856, -77.10028052)"
MCP28270038,170527032,Montgomery County Police,Injury Crash,08/26/2017 04:06:00 PM,Maryland (State),GEORGIA AVE,County,GREGG RD,,N/A,BICYCLIST,SAME DIR REND LEFT TURN,CLEAR,DRY,DAYLIGHT,NO CONTROLS,NONE DETECTED,NONE DETECTED,6B1E8157-3E29-4966-A1EB-A3AA55D7398C,BICYCLIST,Walking/Riding w/Traffic,NO IMPROPER ACTIONS,SHOULDER,N/A,MIXED CLOTHING,No,POSSIBLE INJURY,MC/BIKE HELMET,39.19945833,-77.06591,"(39.19945833, -77.06591)"
MCP28460026,16039995,Montgomery County Police,Injury Crash,08/07/2016 09:45:00 AM,County,RANDOLPH RD,Maryland (State),GEORGIA AVE,,N/A,PEDESTRIAN,SINGLE VEHICLE,CLEAR,DRY,DAYLIGHT,TRAFFIC SIGNAL,NONE DETECTED,NONE DETECTED,7F67E126-A3FD-4CAA-ADD8-CEF13C77ED51,PEDESTRIAN,Cross/Enter at Intersection,NO IMPROPER ACTIONS,ON ROADWAY AT CROSSWALK,OBEYED PED. SIGNAL,LIGHT CLOTHING,No,SUSPECTED MINOR INJURY,NONE,39.05859333,-77.04772833,"(39.05859333, -77.04772833)"
MCP21070021,180051958,Montgomery County Police,Injury Crash,10/17/2018 08:24:00 AM,County,CENTURY BLVD,County,CRYSTAL ROCK DR,,N/A,PEDESTRIAN,OTHER,CLEAR,DRY,DAYLIGHT,N/A,NONE DETECTED,NONE DETECTED,BC9EEE4B-4E99-4C3D-BD2F-7DA9A6A23B04,PEDESTRIAN,Cross/Enter not at Intersection,DART DASH,ON ROADWAY NOT AT CROSSWALK,N/A,MIXED CLOTHING,Yes,SUSPECTED MINOR INJURY,NONE,39.18287388,-77.26386979,"(39.18287388, -77.26386979)"