Report Number,Local Case Number,Agency Name,ACRS Report Type,Crash Date/Time,Route Type,Road Name,Cross-Street Type,Cross-Street Name,Off-Road Description,Municipality,Related Non-Motorist,Collision Type,Weather,Surface Condition,Light,Traffic Control,Driver Substance Abuse,Non-Motorist Substance Abuse,Person ID,Pedestrian Type,Pedestrian Movement,Pedestrian Actions,Pedestrian Location,Pedestrian Obeyed Traffic Signal,Pedestrian Visibility,At Fault,Injury Severity,Safety Equipment,Latitude,Longitude,Location
MCP20390025,16063584,Montgomery County Police,Injury Crash,12/11/2016 12:47:00 PM,,,,,14000 GEORGIA AVENUE PARKING LOT (HOME DEPOT),,PEDESTRIAN,STRAIGHT MOVEMENT ANGLE,CLOUDY,,DAYLIGHT,NO CONTROLS,N/A,N/A,DEABE90D-EE71-4167-96F2-78B0BB4F17C7,PEDESTRIAN,Walking/Riding w/Traffic,NO IMPROPER ACTIONS,OTHER,NO PED. SIGNAL,DARK CLOTHING,No,POSSIBLE INJURY,N/A,39.058435,-77.04802667,"(39.058435, -77.04802667)"
MCP137800PQ,190006725,Montgomery County Police,Injury Crash,02/11/2019 06:14:00 PM,County,MONTGOMERY VILLAGE AVE,Unknown,CROSSOVER,,N/A,PEDESTRIAN,SINGLE VEHICLE,RAINING,WET,DARK LIGHTS ON,NO CONTROLS,NONE DETECTED,NONE DETECTED,DC070AD4-673D-4CB2-ABC2-DB1CBF227BD4,PEDESTRIAN,Cross/Enter at Intersection,NO IMPROPER ACTIONS,AT INTERSECTION BUT NO CROSSWALK,NO PED. SIGNAL,DARK CLOTHING,No,POSSIBLE INJURY,NONE,39.16801667,-77.20546667,"(39.16801667, -77.20546667)"
DD5603004V,170541834,Rockville Police Departme,Injury Crash,11/09/2017 11:35:00 AM,Municipality,MT VERNON PL,Municipality,BLANDFORD ST,,ROCKVILLE,PEDESTRIAN,OTHER,RAINING,WET,DAYLIGHT,NO CONTROLS,NONE DETECTED,NONE DETECTED,1679AEE1-40D1-44AF-B628-AF00BE578A9D,PEDESTRIAN,Standing,NO IMPROPER ACTIONS,SIDEWALK,OBEYED PED. SIGNAL,MIXED CLOTHING,No,SUSPECTED MINOR INJURY,N/A,38.99753833,-77.10968667,"(38.99753833, -77.10968667)"
MCP2348000N,15005502,Montgomery County Police,Injury Crash,02/03/2015 04:07:00 PM,Maryland (State),VEIRS MILL RD,Maryland (State),GEORGIA AVE,,N/A,PEDESTRIAN,SINGLE VEHICLE,CLEAR,DRY,DAYLIGHT,NO CONTROLS,NONE DETECTED,NONE DETECTED,8C474BDD-35CE-44D7-B704-8DB9EEE6C610,PEDESTRIAN,Cross/Enter not at Intersection,DART DASH,ON ROADWAY NOT AT CROSSWALK,NO PED. SIGNAL,MIXED CLOTHING,,POSSIBLE INJURY,N/A,39.0375,-77.05092667,"(39.0375, -77.05092667)"
MCP2246000S,15063900,MONTGOMERY,Injury Crash,12/14/2015 05:10:00 PM,County,SPRING ST,County,SECOND AVE,,N/A,PEDESTRIAN,OTHER,RAINING,WET,DARK LIGHTS ON,TRAFFIC SIGNAL,NONE DETECTED,NONE DETECTED,F8AF28FE-D37C-467E-B4ED-C07429B68266,PEDESTRIAN,Cross/Enter at Intersection,NO IMPROPER ACTIONS,ON ROADWAY AT CROSSWALK,N/A,DARK CLOTHING,No,SUSPECTED MINOR INJURY,NONE,38.99112833,-77.027345,"(38.99112833, -77.027345)"
MCP2952005H,170551030,Montgomery County Police,Injury Crash,12/28/2017 11:25:00 AM,County,FENTON ST,County,SILVER SPRING AVE,,N/A,PEDESTRIAN,OTHER,CLEAR,DRY,DAYLIGHT,NO CONTROLS,NONE DETECTED,NONE DETECTED,B7AB03EB-C456-4C50-A174-7F4706B6A96A,PEDESTRIAN,Cross/Enter not at Intersection,IN ROADWAY IMPROPERLY,ON ROADWAY NOT AT CROSSWALK,NO PED. SIGNAL,DARK CLOTHING,Yes,POSSIBLE INJURY,NONE,38.99180667,-77.02403,"(38.99180667, -77.02403)"
MCP2298005D,15020223,Montgomery County Police,Injury Crash,04/29/2015 06:02:00 PM,County,TANNERY RIDGE DR,County,CLARKSBURG RD,,N/A,BICYCLIST,ANGLE MEETS LEFT TURN,CLEAR,DRY,DAYLIGHT,STOP SIGN,NONE DETECTED,NONE DETECTED,47CD84B7-B675-4811-BF01-5F45D11A6DBD,BICYCLIST,Other,IN ROADWAY IMPROPERLY,ON ROADWAY NOT AT CROSSWALK,OTHER,UNKNOWN,,SUSPECTED MINOR INJURY,NONE,39.24287,-77.27976,"(39.24287, -77.27976)"
MCP2765003D,16064031,Montgomery County Police,Injury Crash,12/13/2016 06:25:00 PM,County,TUCKERMAN LA,County,SEVEN LOCKS RD,,N/A,PEDESTRIAN,SINGLE VEHICLE,CLEAR,DRY,DARK LIGHTS ON,TRAFFIC SIGNAL,UNKNOWN,NONE DETECTED,E5E20597-47E9-4849-B55B-590E485A49C6,PEDESTRIAN,Cross/Enter at Intersection,NO IMPROPER ACTIONS,ON ROADWAY AT CROSSWALK,OBEYED PED. SIGNAL,MIXED CLOTHING,No,POSSIBLE INJURY,NONE,39.04066963,-77.15906382,"(39.04066963, -77.15906382)"
MCP2475000Q,15054234,MONTGOMERY,Injury Crash,10/25/2015 08:27:00 PM,County,BRUNETT AVE,Maryland (State),UNIVERSITY BLVD W,,N/A,BICYCLIST,STRAIGHT MOVEMENT ANGLE,CLEAR,DRY,DARK LIGHTS ON,STOP SIGN,NONE DETECTED,NONE DETECTED,9D9033FE-832A-48A6-BAF1-D368999FEE9D,BICYCLIST,Walking/Riding against Traffic,WRONG WAY RIDING OR WALKING,ON ROADWAY AT CROSSWALK,NO PED. SIGNAL,DARK CLOTHING,Yes,POSSIBLE INJURY,UNKNOWN,39.02295129,-77.01679945,"(39.02295129, -77.01679945)"
MCP2549005X,170513369,Montgomery County Police,Injury Crash,06/13/2017 09:48:00 AM,County,ELM ST,County,WOODMONT AVE,,N/A,PEDESTRIAN,OTHER,CLEAR,DRY,DAYLIGHT,TRAFFIC SIGNAL,NONE DETECTED,NONE DETECTED,57D0026D-EA8C-4A7C-B086-42A6B8DC0813,PEDESTRIAN,Cross/Enter at Intersection,NO IMPROPER ACTIONS,ON ROADWAY AT CROSSWALK,OBEYED PED. SIGNAL,MIXED CLOTHING,No,SUSPECTED MINOR INJURY,NONE,38.98218833,-77.09575833,"(38.98218833, -77.09575833)"
MCP27660022,15066255,MONTGOMERY,Injury Crash,12/26/2015 03:22:00 PM,County,DEWEY RD,County,CLEARFIELD RD,,N/A,OTHER CONVEYANCE,STRAIGHT MOVEMENT ANGLE,N/A,DRY,N/A,STOP SIGN,NONE DETECTED,NONE DETECTED,75FD8A88-5BD5-41FD-B268-CD4D85E13DC8,OTHER CONVEYANCE,Cross/Enter at Intersection,FAILURE TO OBEY TRAFFIC SIGNS SIGNALS OR OFFICER,ON ROADWAY NOT AT CROSSWALK,NO PED. SIGNAL,MIXED CLOTHING,Yes,POSSIBLE INJURY,MC/BIKE HELMET,39.42665667,-77.42961667,"(39.42665667, -77.42961667)"
MCP2770000S,15057404,MONTGOMERY,Injury Crash,11/10/2015 03:30:00 PM,,,,,"Parking lot area of 10011 Stedwick Road, between the Capitol One bank and US Post Office.",,BICYCLIST,HEAD ON LEFT TURN,RAINING,,DAYLIGHT,NO CONTROLS,UNKNOWN,NONE DETECTED,6ECA0951-31A1-485C-B89C-30E2956D50D3,BICYCLIST,Walking/Riding w/Traffic,UNKNOWN,OTHER,NO PED. SIGNAL,MIXED CLOTHING,Unknown,SUSPECTED MINOR INJURY,NONE,39.17091198,-77.20771909,"(39.17091198, -77.20771909)"
MCP2844002Y,180028683,Montgomery County Police,Injury Crash,06/10/2018 04:00:00 PM,Maryland (State),GEORGIA AVE,Unknown,ENT TO SHOPPING CENTER,,N/A,BICYCLIST,OTHER,CLEAR,DRY,DAYLIGHT,NO CONTROLS,NONE DETECTED,NONE DETECTED,5FCDD64C-4B53-4B9F-8801-5E806C2C6B7A,BICYCLIST,Cross/Enter at Intersection,INATTENTIVE,AT INTERSECTION BUT NO CROSSWALK,NO PED. SIGNAL,LIGHT CLOTHING,Yes,SUSPECTED MINOR INJURY,NONE,39.079296,-77.07298817,"(39.079296, -77.07298817)"
MCP28160011,15021152,Montgomery County Police,Property Damage Crash,05/04/2015 05:37:00 PM,Municipality,TWINBROOK PKWY,Municipality,CHAPMAN AVE,,ROCKVILLE,BICYCLIST,SAME DIR REAR END,CLEAR,DRY,DAYLIGHT,NO CONTROLS,NONE DETECTED,NONE DETECTED,529F0C9B-A86B-4552-8C63-4D4B0D3412D0,BICYCLIST,Other,NO IMPROPER ACTIONS,SIDEWALK,N/A,REFLECTIVE MATERIAL,,NO APPARENT INJURY,MC/BIKE HELMET,39.05886,-77.11837167,"(39.05886, -77.11837167)"
MCP26370015,16058857,Montgomery County Police,Injury Crash,11/15/2016 02:33:00 PM,County,OWENS GLEN WAY,County,OWENS GLEN TERR,,N/A,OTHER,SINGLE VEHICLE,N/A,DRY,DAYLIGHT,NO CONTROLS,,NONE DETECTED,51CF42EB-0614-4E4C-918A-D61E2E0CAD8C,OTHER,Other,OTHER,OTHER,N/A,N/A,Yes,POSSIBLE INJURY,NONE,39.11015333,-77.24271333,"(39.11015333, -77.24271333)"
MCP2246001Y,180005145,Montgomery County Police,Injury Crash,01/30/2018 04:20:00 PM,County,FOREST GROVE DR,County,BRISBANE ST,,N/A,PEDESTRIAN,OTHER,CLEAR,DRY,DAYLIGHT,NO CONTROLS,NONE DETECTED,NONE DETECTED,1CEB6FF1-037C-4096-A71D-0CB34E6C3D2C,PEDESTRIAN,Cross/Enter not at Intersection,DART DASH,ON ROADWAY NOT AT CROSSWALK,NO PED. SIGNAL,MIXED CLOTHING,Yes,SUSPECTED MINOR INJURY,NONE,39.02069,-77.03846167,"(39.02069, -77.03846167)"
DD56170008,16050168,Rockville Police Departme,Injury Crash,09/29/2016 06:02:00 PM,Municipality,THORNDEN RD,Municipality,CRAWFORD DR,,ROCKVILLE,BICYCLIST,OTHER,RAINING,WET,DARK -- UNKNOWN LIGHTING,NO CONTROLS,NONE DETECTED,UNKNOWN,A2960A0C-14A3-43A2-912E-EFE2FED2D106,BICYCLIST,Cross/Enter at Intersection,FAILURE TO YIELD RIGHT OF WAY,AT INTERSECTION BUT NO CROSSWALK,NO PED. SIGNAL,MIXED CLOTHING,No,POSSIBLE INJURY,NONE,39.07275302,-77.12278962,"(39.07275302, -77.12278962)"
MCP2620000Z,15059904,MONTGOMERY,Injury Crash,11/23/2015 04:37:00 PM,Maryland (State),CONNECTICUT AVE,County,WELLER RD,,N/A,PEDESTRIAN,STRAIGHT MOVEMENT ANGLE,CLEAR,DRY,DAYLIGHT,TRAFFIC SIGNAL,NONE DETECTED,NONE DETECTED,5CAE8144-2E19-4822-86A8-3817EF8F7D7C,PEDESTRIAN,Cross/Enter at Intersection,DART DASH,AT INTERSECTION MARKED CROSSWALK,DISOBEYED PED. SIGNAL,MIXED CLOTHING,Yes,SUSPECTED MINOR INJURY,NONE,39.06304873,-77.07349062,"(39.06304873, -77.07349062)"
MCP30180026,170544045,Montgomery County Police,Injury Crash,11/21/2017 07:52:00 AM,County,RANDOLPH RD,County,GLENALLAN AVE,,N/A,BICYCLIST,OTHER,CLEAR,N/A,DAYLIGHT,NO CONTROLS,NONE DETECTED,NONE DETECTED,87FCA9A2-C158-4D0A-ACB6-2FD42F1E3957,BICYCLIST,Cross/Enter at Intersection,NO IMPROPER ACTIONS,SIDEWALK,NO PED. SIGNAL,REFLECTIVE MATERIAL,No,SUSPECTED MINOR INJURY,MC/BIKE HELMET,39.06126,-77.044235,"(39.06126, -77.044235)"
MCP26670013,15043390,MONTGOMERY,Injury Crash,08/29/2015 09:55:00 AM,,,,,acess road between 30 N Summit Ave and 32 N Summit Ave,,PEDESTRIAN,OTHER,CLEAR,,DAYLIGHT,NO CONTROLS,NONE DETECTED,NONE DETECTED,C3FDEE48-ACF6-4608-9360-BDABE1A5C36E,PEDESTRIAN,Other Working,NOT VISIBLE,OTHER,N/A,MIXED CLOTHING,Yes,SUSPECTED MINOR INJURY,NONE,39.14350816,-77.19279528,"(39.14350816, -77.19279528)"
MCP2871003D,16044018,Montgomery County Police,Injury Crash,08/29/2016 03:35:00 PM,County,SEVEN LOCKS RD,County,DWIGHT DR,,N/A,PEDESTRIAN,OTHER,CLEAR,DRY,DAYLIGHT,NO CONTROLS,NONE DETECTED,NONE DETECTED,A6F4579A-A66B-48AD-A8E4-ACDAED53645E,PEDESTRIAN,Walking to/from school,DART DASH,AT INTERSECTION BUT NO CROSSWALK,NO PED. SIGNAL,LIGHT CLOTHING,Yes,POSSIBLE INJURY,NONE,39.00399,-77.15926167,"(39.00399, -77.15926167)"
MCP2639001Q,17002140,Montgomery County Police,Injury Crash,01/12/2017 11:45:00 PM,Maryland (State),GEORGIA AVE,County,REEDIE DR,,N/A,PEDESTRIAN,STRAIGHT MOVEMENT ANGLE,CLOUDY,DRY,DARK LIGHTS ON,TRAFFIC SIGNAL,NONE DETECTED,ALCOHOL CONTRIBUTED,E1C46BDA-07C1-4AB0-BD55-D318002D62CE,PEDESTRIAN,Cross/Enter not at Intersection,DART DASH,ON ROADWAY NOT AT CROSSWALK,DISOBEYED PED. SIGNAL,DARK CLOTHING,Yes,SUSPECTED SERIOUS INJURY,NONE,39.03885167,-77.050735,"(39.03885167, -77.050735)"
MCP20010009,15043165,MONTGOMERY,Fatal Crash,08/28/2015 06:15:00 AM,Maryland (State),MASSACHUSETTS AVE,County,OSCEOLA RD,,N/A,BICYCLIST,SAME DIR REAR END,CLEAR,DRY,DAWN,N/A,NONE DETECTED,NONE DETECTED,D966313B-B6D2-4340-9624-13D9336F0002,BICYCLIST,Walking/Riding w/Traffic,UNKNOWN,SHOULDER,N/A,LIGHT CLOTHING,No,FATAL INJURY,MC/BIKE HELMET,38.96492,-77.12308833,"(38.96492, -77.12308833)"
MCP21890005,170524568,Montgomery County Police,Injury Crash,08/13/2017 12:53:00 AM,County,LOST KNIFE RD,County,CONTOUR RD,,N/A,PEDESTRIAN,OTHER,N/A,WET,DARK LIGHTS ON,NO CONTROLS,NONE DETECTED,UNKNOWN,48022F78-6D13-4D0D-A6E6-4E04FCC2B083,PEDESTRIAN,Other,UNKNOWN,ON ROADWAY AT CROSSWALK,NO PED. SIGNAL,UNKNOWN,No,SUSPECTED SERIOUS INJURY,N/A,39.1564195,-77.20252264,"(39.1564195, -77.20252264)"
MCP2813000V,15000853,Montgomery County Police,Injury Crash,01/06/2015 08:04:00 AM,County,CENTERHILL ST,County,BLUHILL RD,,N/A,PEDESTRIAN,SINGLE VEHICLE,SNOW,ICE,DAYLIGHT,STOP SIGN,NONE DETECTED,NONE DETECTED,CE10B1E5-9766-48E1-8B9E-8E1ACDF21810,PEDESTRIAN,Getting off/on Vehicle,NO IMPROPER ACTIONS,OTHER,NO PED. SIGNAL,DARK CLOTHING,,SUSPECTED SERIOUS INJURY,N/A,39.05038833,-77.07255167,"(39.05038833, -77.07255167)"
MCP1221001F,15051905,MONTGOMERY,Injury Crash,10/13/2015 10:18:00 AM,,,,,parking lot of 15920 Shady Grove Rd,,PEDESTRIAN,SINGLE VEHICLE,CLOUDY,,DAYLIGHT,NO CONTROLS,NONE DETECTED,NONE DETECTED,C7854AE2-CEA4-4A79-A219-ACD20DB45519,PEDESTRIAN,Getting off/on Vehicle,NO IMPROPER ACTIONS,OTHER,NO PED. SIGNAL,MIXED CLOTHING,No,SUSPECTED MINOR INJURY,N/A,39.11806833,-77.1836,"(39.11806833, -77.1836)"
MCP3096000G,180011751,Montgomery County Police,Injury Crash,03/08/2018 01:07:00 PM,Ramp,RAMP 9 FR IS 370 EB TO SHADY GROVE RD,County,MT PLEASANT AVE (AHEAD),,N/A,PEDESTRIAN,SINGLE VEHICLE,CLEAR,DRY,DAYLIGHT,TRAFFIC SIGNAL,NONE DETECTED,NONE DETECTED,643EEB08-98D9-411B-B485-442593CAE645,PEDESTRIAN,Cross/Enter at Intersection,NO IMPROPER ACTIONS,ON ROADWAY AT CROSSWALK,OBEYED PED. SIGNAL,DARK CLOTHING,No,SUSPECTED MINOR INJURY,NONE,39.12055788,-77.18029618,"(39.12055788, -77.18029618)"
MCP137800PJ,190002358,Montgomery County Police,Injury Crash,01/15/2019 07:02:00 PM,,,,,PARKING LOT OF 457  FREDERICK RD,,PEDESTRIAN,SINGLE VEHICLE,CLEAR,,DARK LIGHTS ON,NO CONTROLS,NONE DETECTED,NONE DETECTED,695291B1-2CD8-4722-A382-8914FBD0FDF3,PEDESTRIAN,Walking/Cycling on Sidewalk,NO IMPROPER ACTIONS,SIDEWALK,NO PED. SIGNAL,DARK CLOTHING,No,SUSPECTED MINOR INJURY,NONE,39.148535,-77.206375,"(39.148535, -77.206375)"
MCP2914003L,16051235,Montgomery County Police,Injury Crash,10/05/2016 05:30:00 AM,Maryland (State),NEW HAMPSHIRE AVE,County,ADELPHI RD,,N/A,BICYCLIST,OTHER,CLEAR,N/A,DAWN,TRAFFIC SIGNAL,N/A,N/A,4E8CBDF3-8E7D-46E3-8C78-733C69F61AAF,BICYCLIST,Cross/Enter at Intersection,NO IMPROPER ACTIONS,AT INTERSECTION MARKED CROSSWALK,OBEYED PED. SIGNAL,UNKNOWN,No,SUSPECTED MINOR INJURY,NONE,39.01145616,-76.97879657,"(39.01145616, -76.97879657)"
DD5615006Q,190002029,Rockville Police Departme,Injury Crash,01/13/2019 03:18:00 PM,Municipality,RESEARCH BLVD,Maryland (State),W MONTGOMERY AVE,,N/A,PEDESTRIAN,SINGLE VEHICLE,SNOW,SNOW,DAYLIGHT,NO CONTROLS,NONE DETECTED,NONE DETECTED,7F76D5EF-5F64-413C-A23F-742EDC34492F,PEDESTRIAN,Walking/Cycling on Sidewalk,NO IMPROPER ACTIONS,SIDEWALK,N/A,MIXED CLOTHING,No,POSSIBLE INJURY,NONE,39.09153833,-77.17885667,"(39.09153833, -77.17885667)"
DD5523000D,17014350,Rockville Police Departme,Injury Crash,03/20/2017 09:45:00 PM,,,,,PARKING LOT OF 1750 ROCKVILLE PIKE,,PEDESTRIAN,SINGLE VEHICLE,CLEAR,,DARK NO LIGHTS,N/A,NONE DETECTED,NONE DETECTED,10DD9551-8A28-4C0A-80F2-957F1AE0CC91,PEDESTRIAN,N/A,NOT VISIBLE,OTHER,N/A,MIXED CLOTHING,Unknown,SUSPECTED MINOR INJURY,N/A,39.06103167,-77.122645,"(39.06103167, -77.122645)"
DD5604002L,190005952,Rockville Police Departme,Injury Crash,02/06/2019 06:04:00 PM,Municipality,NELSON ST,Municipality,AZALEA DR,,ROCKVILLE,PEDESTRIAN,OTHER,RAINING,WET,DARK LIGHTS ON,N/A,NONE DETECTED,NONE DETECTED,438C3BD0-BFB4-4EBE-B66B-C061872ED31A,PEDESTRIAN,N/A,DART DASH,ON ROADWAY AT CROSSWALK,OBEYED PED. SIGNAL,DARK CLOTHING,No,SUSPECTED MINOR INJURY,N/A,39.09211,-77.17369,"(39.09211, -77.17369)"
MCP2996000B,16006181,Montgomery County Police,Injury Crash,02/05/2016 09:40:00 PM,Maryland (State),FREDERICK RD,Interstate (State),NO NAME,,N/A,PEDESTRIAN,OTHER,CLEAR,DRY,DARK LIGHTS ON,NO CONTROLS,NONE DETECTED,UNKNOWN,F41117FE-B459-42CA-BD08-8F4BA41EAE79,PEDESTRIAN,Cross/Enter not at Intersection,DART DASH,ON ROADWAY NOT AT CROSSWALK,NO PED. SIGNAL,DARK CLOTHING,Yes,SUSPECTED MINOR INJURY,NONE,39.1230232,-77.17844144,"(39.1230232, -77.17844144)"
MCP23570024,170501222,Montgomery County Police,Injury Crash,04/09/2017 10:09:00 AM,US (State),GEORGIA AVE,County,SILVER SPRING AVE,,N/A,PEDESTRIAN,SAME DIR REAR END,CLEAR,N/A,DAYLIGHT,TRAFFIC SIGNAL,NONE DETECTED,N/A,374CE382-C6E1-471D-9343-2C19A17A408B,PEDESTRIAN,N/A,N/A,SIDEWALK,N/A,N/A,No,NO APPARENT INJURY,N/A,38.99150667,-77.02683833,"(38.99150667, -77.02683833)"
MCP15650014,15030756,Montgomery County Police,Injury Crash,06/24/2015 08:54:00 AM,Maryland (State),CONNECTICUT AVE,County,INDEPENDENCE ST,,N/A,BICYCLIST,OTHER,CLEAR,DRY,DAYLIGHT,TRAFFIC SIGNAL,NONE DETECTED,NONE DETECTED,F2D19952-FFF9-4A65-93F4-1EC89AFB6618,BICYCLIST,Cross/Enter at Intersection,NO IMPROPER ACTIONS,AT INTERSECTION MARKED CROSSWALK,OBEYED PED. SIGNAL,MIXED CLOTHING,,POSSIBLE INJURY,NONE,39.07672667,-77.0803,"(39.07672667, -77.0803)"
DD5595004L,170530299,Rockville Police Departme,Injury Crash,09/13/2017 08:55:00 AM,Municipality,MARYLAND AVE,Municipality,GREAT FALLS RD,,ROCKVILLE,PEDESTRIAN,OTHER,RAINING,WET,OTHER,UNKNOWN,UNKNOWN,NONE DETECTED,DC27EFB4-EEF6-41BB-8B80-C76C0666026C,PEDESTRIAN,Cross/Enter not at Intersection,DART DASH,OUTSIDE RIGHT OF WAY,NO PED. SIGNAL,MIXED CLOTHING,Yes,SUSPECTED MINOR INJURY,N/A,39.07794198,-77.15829134,"(39.07794198, -77.15829134)"
MCP15120016,170531827,Montgomery County Police,Injury Crash,09/20/2017 09:08:00 PM,Municipality,LONGDRAFT RD,Maryland (State),CLOPPER RD,,N/A,PEDESTRIAN,SINGLE VEHICLE,CLEAR,DRY,DARK LIGHTS ON,TRAFFIC SIGNAL,NONE DETECTED,NONE DETECTED,C232BDC8-91B5-48CD-A677-212F43561309,PEDESTRIAN,Cross/Enter at Intersection,NO IMPROPER ACTIONS,ON ROADWAY AT CROSSWALK,OBEYED PED. SIGNAL,DARK CLOTHING,No,POSSIBLE INJURY,N/A,39.14820667,-77.23791333,"(39.14820667, -77.23791333)"
MCP2728001Y,16003687,Montgomery County Police,Injury Crash,01/20/2016 06:21:00 PM,Maryland (State),NEW HAMPSHIRE AVE,County,OAKVIEW DR,,N/A,PEDESTRIAN,OTHER,CLEAR,DRY,DARK LIGHTS ON,TRAFFIC SIGNAL,NONE DETECTED,NONE DETECTED,60FDA365-807F-4FD4-B160-0FDAA730D4F7,PEDESTRIAN,Cross/Enter at Intersection,NO IMPROPER ACTIONS,ON ROADWAY AT CROSSWALK,OBEYED PED. SIGNAL,DARK CLOTHING,No,POSSIBLE INJURY,NONE,39.015665,-76.977605,"(39.015665, -76.977605)"
MCP2694002D,16053873,Montgomery County Police,Injury Crash,10/19/2016 08:00:00 PM,Maryland (State),OLD GEORGETOWN RD,Maryland (State),WISCONSIN AVE,,N/A,PEDESTRIAN,SAME DIR REAR END,CLEAR,DRY,DARK LIGHTS ON,NO CONTROLS,NONE DETECTED,NONE DETECTED,19A1D4A0-C4D6-4125-A175-5406F9487AB0,PEDESTRIAN,Standing,DISABLED VEHICLE RELATED,OTHER,OTHER,MIXED CLOTHING,No,POSSIBLE INJURY,NONE,39.021475,-77.12278,"(39.021475, -77.12278)"
MCP2961000V,15064766,MONTGOMERY,Injury Crash,12/18/2015 05:00:00 PM,Maryland (State),CONNECTICUT AVE,County,RANDOLPH RD,,N/A,PEDESTRIAN,SINGLE VEHICLE,N/A,DRY,DARK LIGHTS ON,NO CONTROLS,N/A,N/A,63B84238-CCF9-4925-982C-15C5E8FD96E9,PEDESTRIAN,Cross/Enter at Intersection,FAILURE TO YIELD RIGHT OF WAY,ON ROADWAY NOT AT CROSSWALK,NO PED. SIGNAL,DARK CLOTHING,Unknown,SUSPECTED MINOR INJURY,NONE,39.0565611,-77.07360595,"(39.0565611, -77.07360595)"
MCP3019001T,180026189,Montgomery County Police,Injury Crash,05/28/2018 03:30:00 PM,,,,,PARKING LOT OF 10134 RIVER ROAD,,PEDESTRIAN,OTHER,CLEAR,,DAYLIGHT,NO CONTROLS,NONE DETECTED,NONE DETECTED,FDB5395A-B252-489F-A2A4-A475D8AB6CA5,PEDESTRIAN,Cross/Enter not at Intersection,N/A,ON ROADWAY NOT AT CROSSWALK,NO PED. SIGNAL,N/A,No,POSSIBLE INJURY,N/A,39.01708,-77.20920167,"(39.01708, -77.20920167)"
MCP2720001M,15055240,MONTGOMERY,Property Damage Crash,10/30/2015 05:54:00 PM,Maryland (State),CONNECTICUT AVE,County,ASPEN HILL RD,,N/A,BICYCLIST,STRAIGHT MOVEMENT ANGLE,CLEAR,DRY,DUSK,TRAFFIC SIGNAL,NONE DETECTED,NONE DETECTED,E935B0CB-B36A-45AE-A7BD-3232A79E13D0,BICYCLIST,Cross/Enter at Intersection,NO IMPROPER ACTIONS,AT INTERSECTION MARKED CROSSWALK,OBEYED PED. SIGNAL,MIXED CLOTHING,No,NO APPARENT INJURY,NONE,39.07991,-77.08024833,"(39.07991, -77.08024833)"
MCP3004002X,190013969,Montgomery County Police,Injury Crash,03/26/2019 03:37:00 PM,Maryland (State),EAST WEST HWY (W/B COUPLET),County,PEARL ST,,N/A,PEDESTRIAN,N/A,N/A,DRY,DAYLIGHT,TRAFFIC SIGNAL,N/A,N/A,F8FEBA48-9B36-451D-9E4C-25F6D1FFD008,PEDESTRIAN,Cross/Enter at Intersection,NO IMPROPER ACTIONS,AT INTERSECTION MARKED CROSSWALK,OBEYED PED. SIGNAL,N/A,No,SUSPECTED MINOR INJURY,N/A,38.99364667,-77.05222167,"(38.99364667, -77.05222167)"
MCP3017000G,170542868,Montgomery County Police,Injury Crash,11/14/2017 11:00:00 PM,Maryland (State),ROCKVILLE PIKE,Municipality,TEMPLETON PL,,ROCKVILLE,PEDESTRIAN,OTHER,CLEAR,DRY,UNKNOWN,UNKNOWN,UNKNOWN,NONE DETECTED,7F4C7327-7DE1-4F2D-BB99-5F67800B11B7,PEDESTRIAN,Cross/Enter at Intersection,UNKNOWN,ON ROADWAY AT CROSSWALK,UNKNOWN,MIXED CLOTHING,Unknown,SUSPECTED MINOR INJURY,NONE,39.06699568,-77.12818623,"(39.06699568, -77.12818623)"
EJ7853001Q,16011574,Gaithersburg Police Depar,Injury Crash,03/08/2016 07:15:00 PM,County,MUDDY BRANCH RD,Municipality,WEST SIDE DR,,GAITHERSBURG,PEDESTRIAN,SAME DIRECTION SIDESWIPE,CLEAR,DRY,DARK LIGHTS ON,TRAFFIC SIGNAL,NONE DETECTED,ALCOHOL PRESENT,F40DABE2-02CC-4019-80C9-D191EDC31A4D,PEDESTRIAN,Other,OTHER,CURB,OTHER,DARK CLOTHING,Yes,POSSIBLE INJURY,N/A,39.126825,-77.21024667,"(39.126825, -77.21024667)"
MCP3082000N,170537210,Montgomery County Police,Injury Crash,10/17/2017 04:32:00 PM,County,WOODLAND DR,County,COLUMBIA BLVD,,N/A,BICYCLIST,OTHER,CLEAR,DRY,DAYLIGHT,STOP SIGN,N/A,N/A,F242BCEF-3F66-496F-93D2-6CAECEC63736,BICYCLIST,Cross/Enter not at Intersection,IN ROADWAY IMPROPERLY,ON ROADWAY NOT AT CROSSWALK,N/A,LIGHT CLOTHING,Yes,POSSIBLE INJURY,N/A,39.00923652,-77.03830004,"(39.00923652, -77.03830004)"