Report Number,Local Case Number,Agency Name,ACRS Report Type,Crash Date/Time,Route Type,Road Name,Cross-Street Type,Cross-Street Name,Off-Road Description,Municipality,Related Non-Motorist,Collision Type,Weather,Surface Condition,Light,Traffic Control,Driver Substance Abuse,Non-Motorist Substance Abuse,Person ID,Pedestrian Type,Pedestrian Movement,Pedestrian Actions,Pedestrian Location,Pedestrian Obeyed Traffic Signal,Pedestrian Visibility,At Fault,Injury Severity,Safety Equipment,Latitude,Longitude,Location
MCP2818004B,190018118,Montgomery County Police,Injury Crash,04/18/2019 09:53:00 AM,County,GROVE ST,County,SLIGO AVE,,N/A,PEDESTRIAN,OTHER,CLOUDY,DRY,DAYLIGHT,STOP SIGN,NONE DETECTED,NONE DETECTED,74A92D26-C72B-4395-A99E-39610AFE2749,PEDESTRIAN,Other,NO IMPROPER ACTIONS,AT INTERSECTION MARKED CROSSWALK,NO PED. SIGNAL,MIXED CLOTHING,No,SUSPECTED MINOR INJURY,N/A,38.99017264,-77.0218665,"(38.99017264, -77.0218665)"
MCP2082000K,15050540,MONTGOMERY,Injury Crash,10/24/2015 05:31:00 AM,Maryland (State),GEORGIA AVE,County,DENNIS AVE,,N/A,PEDESTRIAN,SINGLE VEHICLE,CLEAR,DRY,DARK -- UNKNOWN LIGHTING,FLASHING TRAFFIC SIGNAL,NONE DETECTED,NONE DETECTED,1A570F3F-0029-4907-A5BA-FD1AD4758B92,PEDESTRIAN,Cross/Enter at Intersection,UNKNOWN,N/A,UNKNOWN,MIXED CLOTHING,Unknown,POSSIBLE INJURY,N/A,39.02520174,-77.04608917,"(39.02520174, -77.04608917)"
MCP29920013,17004969,Montgomery County Police,Injury Crash,01/28/2017 06:47:00 PM,County,CONNECTICUT AVE,County,GRAND PRE RD,,N/A,PEDESTRIAN,OTHER,CLEAR,DRY,N/A,OTHER,NONE DETECTED,NONE DETECTED,383EDD3D-CC76-461B-B89A-5972C51EBB95,PEDESTRIAN,Cross/Enter at Intersection,NO IMPROPER ACTIONS,AT INTERSECTION MARKED CROSSWALK,NO PED. SIGNAL,UNKNOWN,No,SUSPECTED MINOR INJURY,N/A,39.08799017,-77.07296683,"(39.08799017, -77.07296683)"
MCP30180019,170524271,Montgomery County Police,Injury Crash,08/09/2017 09:00:00 AM,,,,,"PARKING LOT OF PANERA BREAD LOCATED AT 8541 GEORGIA AVENUE, SILVER SPRING, MD 20901",,PEDESTRIAN,OTHER,CLEAR,,DAYLIGHT,NO CONTROLS,UNKNOWN,UNKNOWN,3820D825-3AEA-47D9-A0F1-CA1C07DC8A56,PEDESTRIAN,Other,NO IMPROPER ACTIONS,OTHER,N/A,LIGHT CLOTHING,No,SUSPECTED MINOR INJURY,N/A,38.9960736,-77.02783942,"(38.9960736, -77.02783942)"
MCP1022007Y,170534854,Montgomery County Police,Injury Crash,10/05/2017 07:37:00 AM,County,WATERFORD HILLS BLVD,Unknown,GALWAY BAY CIRCLE,,N/A,PEDESTRIAN,SINGLE VEHICLE,CLEAR,DRY,DAYLIGHT,NO CONTROLS,NONE DETECTED,NONE DETECTED,E51A6D29-505E-42E2-ABE4-0EC9F39D9461,PEDESTRIAN,Cross/Enter at Intersection,NO IMPROPER ACTIONS,ON ROADWAY NOT AT CROSSWALK,NO PED. SIGNAL,LIGHT CLOTHING,No,SUSPECTED MINOR INJURY,NONE,39.17783,-77.2769,"(39.17783, -77.2769)"
DD5590000T,17004389,Rockville Police Departme,Injury Crash,01/25/2017 05:55:00 PM,Municipality,E MONTGOMERY AVE AT COURTHOUSE SQ,Municipality,MARYLAND AVE,,ROCKVILLE,OTHER CONVEYANCE,STRAIGHT MOVEMENT ANGLE,CLEAR,DRY,DARK LIGHTS ON,STOP SIGN,UNKNOWN,NONE DETECTED,9B63EAB9-2A22-4F9C-B775-8009EFAFA2D1,OTHER CONVEYANCE,Other,NO IMPROPER ACTIONS,OTHER,N/A,DARK CLOTHING,No,POSSIBLE INJURY,NONE,39.08435833,-77.14889667,"(39.08435833, -77.14889667)"
MCP24920008,15010535,Montgomery County Police,Fatal Crash,03/07/2015 01:20:00 AM,County,GOSHEN RD,County,EAST VILLAGE AVE,,N/A,PEDESTRIAN,OTHER,CLEAR,OTHER,DARK LIGHTS ON,NO CONTROLS,ALCOHOL CONTRIBUTED,ALCOHOL PRESENT,6E46CB76-F1B4-4F38-B636-E42D045528A3,PEDESTRIAN,Unknown,UNKNOWN,ON ROADWAY NOT AT CROSSWALK,NO PED. SIGNAL,MIXED CLOTHING,,FATAL INJURY,UNKNOWN,39.1900276,-77.18528509,"(39.1900276, -77.18528509)"
MCP3118000W,180034608,Montgomery County Police,Injury Crash,07/13/2018 08:04:00 AM,County,RANDOLPH RD,County,MIDDLEVALE LA,,N/A,PEDESTRIAN,N/A,CLEAR,DRY,DAYLIGHT,TRAFFIC SIGNAL,NONE DETECTED,NONE DETECTED,72F21200-EB2D-4323-8392-2BBDECDBD92F,PEDESTRIAN,Cross/Enter at Intersection,NO IMPROPER ACTIONS,AT INTERSECTION MARKED CROSSWALK,OBEYED PED. SIGNAL,MIXED CLOTHING,No,SUSPECTED MINOR INJURY,NONE,39.06419884,-77.03948155,"(39.06419884, -77.03948155)"
MCP2773001T,16026276,Montgomery County Police,Injury Crash,05/26/2016 07:08:00 PM,,,,,SIDE WALK IN FRONT OF PARKING LOT OF 420 UNIVERSITY BLVD E,,PEDESTRIAN,OTHER,CLEAR,,DAYLIGHT,NO CONTROLS,NONE DETECTED,NONE DETECTED,ED64C75A-46C4-474D-A408-A784AA5D1B25,PEDESTRIAN,Walking/Cycling on Sidewalk,NO IMPROPER ACTIONS,SIDEWALK,NO PED. SIGNAL,N/A,No,POSSIBLE INJURY,NONE,39.008748,-76.99865,"(39.008748, -76.99865)"
MCP3066000G,170539702,Montgomery County Police,Injury Crash,10/29/2017 09:39:00 PM,County,NORFOLK AVE,County,DEL RAY AVE,,N/A,PEDESTRIAN,OTHER,RAINING,WET,DARK LIGHTS ON,STOP SIGN,N/A,N/A,D4F61C36-F290-4B7B-A5DF-480699E3B8CF,PEDESTRIAN,Cross/Enter at Intersection,IN ROADWAY IMPROPERLY,ON ROADWAY NOT AT CROSSWALK,UNKNOWN,DARK CLOTHING,Yes,SUSPECTED MINOR INJURY,N/A,38.98974,-77.09905667,"(38.98974, -77.09905667)"
MCP27360040,16057852,Montgomery County Police,Injury Crash,11/09/2016 05:49:00 PM,Maryland (State),KNOWLES AVE,County,HOWARD AVE,,N/A,PEDESTRIAN,STRAIGHT MOVEMENT ANGLE,RAINING,WET,DARK LIGHTS ON,NO CONTROLS,NONE DETECTED,NONE DETECTED,302471BD-6988-4EB2-96D4-F9EF8B0216EF,PEDESTRIAN,Cross/Enter at Intersection,IN ROADWAY IMPROPERLY,ON ROADWAY NOT AT CROSSWALK,NO PED. SIGNAL,DARK CLOTHING,Yes,SUSPECTED MINOR INJURY,NONE,39.03023667,-77.08485167,"(39.03023667, -77.08485167)"
MCP13780041,15003408,Montgomery County Police,Injury Crash,01/21/2015 02:56:00 PM,County,PLUM CREEK DR,County,WHIRLWIND CT,,N/A,PEDESTRIAN,SINGLE VEHICLE,CLOUDY,SNOW,DAYLIGHT,N/A,NONE DETECTED,NONE DETECTED,06E7FF4D-1018-4C92-AF64-25B1B56BA345,PEDESTRIAN,Walking/Riding w/Traffic,NO IMPROPER ACTIONS,ON ROADWAY NOT AT CROSSWALK,N/A,DARK CLOTHING,,POSSIBLE INJURY,N/A,39.19406667,-77.16626167,"(39.19406667, -77.16626167)"
MCP2767001L,15061598,MONTGOMERY,Injury Crash,12/02/2015 07:20:00 PM,,,,,"In parking lot of Target store @ 11160 Veirs Mill Road, Wheaton MD 20902, Westfield Shopping Plaza.",,PEDESTRIAN,SINGLE VEHICLE,RAINING,,DARK LIGHTS ON,NO CONTROLS,NONE DETECTED,NONE DETECTED,1212E1EE-7839-4C3F-8846-51DEBEC33A63,PEDESTRIAN,Cross/Enter at Intersection,FAILURE TO YIELD RIGHT OF WAY,OUTSIDE RIGHT OF WAY,NO PED. SIGNAL,MIXED CLOTHING,Yes,SUSPECTED MINOR INJURY,N/A,39.03631,-77.056795,"(39.03631, -77.056795)"
MCP2954001X,16032701,Montgomery County Police,Injury Crash,06/28/2016 12:57:00 PM,,,,,IN PARKING LOT IN FRONT OF 8709 FLOWER AVE.,,PEDESTRIAN,SAME DIRECTION SIDESWIPE,CLOUDY,,DAYLIGHT,NO CONTROLS,NONE DETECTED,NONE DETECTED,7A9AD378-9679-41A1-9561-2F18425CF515,PEDESTRIAN,Other,NO IMPROPER ACTIONS,OTHER,N/A,MIXED CLOTHING,No,POSSIBLE INJURY,N/A,38.99868345,-77.0034796,"(38.99868345, -77.0034796)"
MCP2545000H,170545137,Montgomery County Police,Injury Crash,11/27/2017 11:35:00 AM,,,,,PARKING LOT OF 11190 VEIRS MILL RD,,PEDESTRIAN,OTHER,CLEAR,,DAYLIGHT,NO CONTROLS,NONE DETECTED,N/A,8247C645-4BC6-4040-8364-55E94ECAB03E,PEDESTRIAN,Other,N/A,CURB,NO PED. SIGNAL,DARK CLOTHING,No,POSSIBLE INJURY,N/A,39.14903833,-77.06954333,"(39.14903833, -77.06954333)"
MCP1512000J,15040629,MONTGOMERY,Injury Crash,08/14/2015 07:00:00 PM,,,,,Parking Lot of 50 Bureau Dr. Gaithersburg,,PEDESTRIAN,SINGLE VEHICLE,CLEAR,,DAYLIGHT,NO CONTROLS,NONE DETECTED,NONE DETECTED,AF0863C0-86A8-46BB-B9D8-0716F6F284A8,PEDESTRIAN,Other,NO IMPROPER ACTIONS,OTHER,N/A,MIXED CLOTHING,No,POSSIBLE INJURY,NONE,39.14424667,-77.21852833,"(39.14424667, -77.21852833)"
MCP26990012,180027240,Montgomery County Police,Injury Crash,06/03/2018 12:13:00 AM,County,TWINBROOK PKWY,Maryland (State),VEIRS MILL RD,,N/A,PEDESTRIAN,SINGLE VEHICLE,RAINING,WET,DARK LIGHTS ON,TRAFFIC SIGNAL,NONE DETECTED,N/A,1EC6C722-80A2-40AC-A4C2-62E7748A7809,PEDESTRIAN,Cross/Enter at Intersection,FAILURE TO YIELD RIGHT OF WAY,ON ROADWAY AT CROSSWALK,DISOBEYED PED. SIGNAL,UNKNOWN,Yes,POSSIBLE INJURY,NONE,39.07319,-77.11212,"(39.07319, -77.11212)"
MCP25860012,15014851,Montgomery County Police,Injury Crash,03/31/2015 09:13:00 PM,County,BRIGGS CHANEY RD,County,OLD COLUMBIA PIKE,,N/A,PEDESTRIAN,OTHER,RAINING,WET,DARK LIGHTS ON,TRAFFIC SIGNAL,NONE DETECTED,NONE DETECTED,8BCDBFEF-F875-4FBD-B9B4-AEF251561406,PEDESTRIAN,Cross/Enter not at Intersection,IN ROADWAY IMPROPERLY,ON ROADWAY NOT AT CROSSWALK,NO PED. SIGNAL,MIXED CLOTHING,,POSSIBLE INJURY,N/A,39.08486833,-76.95204167,"(39.08486833, -76.95204167)"
MCP0113000J,15058620,MONTGOMERY,Injury Crash,11/17/2015 09:22:00 AM,County,CEDAR LA,Government,ELMHIRST PKWY,,N/A,PEDESTRIAN,SINGLE VEHICLE,CLOUDY,DRY,DAYLIGHT,TRAFFIC SIGNAL,NONE DETECTED,NONE DETECTED,E3A56A20-5FDA-4828-89F7-8366BF9AC3CD,PEDESTRIAN,Cross/Enter at Intersection,DART DASH,AT INTERSECTION MARKED CROSSWALK,DISOBEYED PED. SIGNAL,DARK CLOTHING,Yes,SUSPECTED MINOR INJURY,NONE,39.00792,-77.09456167,"(39.00792, -77.09456167)"
MCP2935001M,180051509,Montgomery County Police,Injury Crash,10/15/2018 08:32:00 PM,County,BONIFANT ST,US (State),GEORGIA AVE,,N/A,PEDESTRIAN,OTHER,CLEAR,N/A,DARK LIGHTS ON,TRAFFIC SIGNAL,N/A,UNKNOWN,5A761500-B070-4217-80EF-C14683DDD724,PEDESTRIAN,Cross/Enter not at Intersection,IN ROADWAY IMPROPERLY,ON ROADWAY NOT AT CROSSWALK,DISOBEYED PED. SIGNAL,DARK CLOTHING,Yes,SUSPECTED MINOR INJURY,N/A,39.00640167,-77.03782667,"(39.00640167, -77.03782667)"
MCP3160000V,180056359,Montgomery County Police,Injury Crash,11/09/2018 06:30:00 PM,County,WESTLAKE DR,County,DEMOCRACY BLVD,,N/A,PEDESTRIAN,SINGLE VEHICLE,RAINING,WET,DARK LIGHTS ON,OTHER,NONE DETECTED,NONE DETECTED,FCC25F64-A363-4069-8D6F-F3F7497E899C,PEDESTRIAN,Cross/Enter at Intersection,NO IMPROPER ACTIONS,ON ROADWAY AT CROSSWALK,OBEYED PED. SIGNAL,LIGHT CLOTHING,No,POSSIBLE INJURY,NONE,39.02276779,-77.15064496,"(39.02276779, -77.15064496)"
MCP2617003J,170503941,Montgomery County Police,Injury Crash,05/03/2017 05:30:00 PM,County,WOODMONT AVE,County,ELM ST,,N/A,PEDESTRIAN,OTHER,CLEAR,DRY,DAYLIGHT,TRAFFIC SIGNAL,NONE DETECTED,NONE DETECTED,01A29EA0-EB12-48C7-8330-2722F6AE8F2A,PEDESTRIAN,Cross/Enter at Intersection,NO IMPROPER ACTIONS,AT INTERSECTION MARKED CROSSWALK,OBEYED PED. SIGNAL,LIGHT CLOTHING,No,SUSPECTED MINOR INJURY,NONE,38.98214721,-77.09608555,"(38.98214721, -77.09608555)"
MCP27960028,15053791,MONTGOMERY,Injury Crash,10/23/2015 10:51:00 AM,,,,,"Parking lot of Citgo gas station located at 13615 Georgia Avenue, Silver Spring, MD 20906",,"OTHER, PEDESTRIAN",SINGLE VEHICLE,CLEAR,,DAYLIGHT,NO CONTROLS,NONE DETECTED,N/A,ADFF7424-9E2D-4ACF-9019-E6D099A8357C,OTHER,Other,OTHER,SIDEWALK,N/A,OTHER,No,NO APPARENT INJURY,N/A,39.079155,-77.07244833,"(39.079155, -77.07244833)"
EJ7833002Z,170504343,Gaithersburg Police Depar,Injury Crash,04/26/2017 02:45:00 PM,County,N WESTLAND DR,Maryland (State),S FREDERICK RD,,N/A,PEDESTRIAN,OTHER,CLEAR,DRY,DAYLIGHT,STOP SIGN,NONE DETECTED,NONE DETECTED,45530A02-DA22-417B-B963-5FC2EA343932,PEDESTRIAN,Cross/Enter at Intersection,NO IMPROPER ACTIONS,AT INTERSECTION MARKED CROSSWALK,N/A,DARK CLOTHING,No,POSSIBLE INJURY,N/A,39.12802119,-77.18507051,"(39.12802119, -77.18507051)"
MCP2094007P,17001888,Montgomery County Police,Injury Crash,01/11/2017 06:45:00 PM,Maryland (State),WISCONSIN AVE,County,MAPLE AVE,,N/A,PEDESTRIAN,OTHER,RAINING,WET,DARK LIGHTS ON,NO CONTROLS,NONE DETECTED,NONE DETECTED,F8AC5B93-2FB3-480A-B90E-D917B0F46048,PEDESTRIAN,Other,DART DASH,ON ROADWAY NOT AT CROSSWALK,NO PED. SIGNAL,MIXED CLOTHING,Yes,POSSIBLE INJURY,N/A,38.992025,-77.095665,"(38.992025, -77.095665)"
MCP23390032,170541540,Montgomery County Police,Injury Crash,11/07/2017 06:05:00 PM,Maryland (State),ROCKVILLE PIKE,Municipality,HALPINE RD,,ROCKVILLE,PEDESTRIAN,SINGLE VEHICLE,RAINING,WET,DARK LIGHTS ON,TRAFFIC SIGNAL,NONE DETECTED,NONE DETECTED,053020D5-129A-496E-A750-A0CF5AEEECF5,PEDESTRIAN,Cross/Enter at Intersection,NO IMPROPER ACTIONS,ON ROADWAY AT CROSSWALK,OBEYED PED. SIGNAL,DARK CLOTHING,No,SUSPECTED MINOR INJURY,NONE,39.06228167,-77.1241,"(39.06228167, -77.1241)"
MCP24250058,15034899,MONTGOMERY,Injury Crash,07/16/2015 06:37:00 AM,County,FENWICK LA,Maryland (State),GEORGIA AVE,,N/A,PEDESTRIAN,OTHER,CLEAR,DRY,DAYLIGHT,STOP SIGN,NONE DETECTED,NONE DETECTED,27E4E26A-1CAF-452F-99DF-AF7425F0398B,PEDESTRIAN,Cross/Enter at Intersection,DART DASH,ON ROADWAY AT CROSSWALK,NO PED. SIGNAL,DARK CLOTHING,No,SUSPECTED MINOR INJURY,NONE,38.99809833,-77.03058333,"(38.99809833, -77.03058333)"
MCP2298005P,15036380,MONTGOMERY,Injury Crash,07/23/2015 06:45:00 PM,,,,,"GAINT  PARKING LOT
13060 MIDDLEBROOK RD
GERMANTOWN
MD 20874",,PEDESTRIAN,OTHER,N/A,,DAYLIGHT,N/A,MEDICATION PRESENT,NONE DETECTED,0C0AE430-FC0B-4AC0-B975-7CBA73FEE8CF,PEDESTRIAN,Walking/Riding w/Traffic,NO IMPROPER ACTIONS,OTHER,N/A,LIGHT CLOTHING,No,SUSPECTED MINOR INJURY,N/A,39.18155782,-77.27135181,"(39.18155782, -77.27135181)"
MCP229800LQ,180058089,Montgomery County Police,Injury Crash,11/19/2018 06:44:00 PM,County,SHAKESPEARE BLVD,Maryland (State),FREDERICK RD,,N/A,BICYCLIST,HEAD ON LEFT TURN,CLEAR,DRY,DARK LIGHTS ON,TRAFFIC SIGNAL,NONE DETECTED,NONE DETECTED,A06F47B0-DCAF-4EDF-91B3-7DB285D1982F,BICYCLIST,Walking/Riding w/Traffic,FAILURE TO YIELD RIGHT OF WAY,OTHER,N/A,LIGHT CLOTHING,Yes,POSSIBLE INJURY,MC/BIKE HELMET,39.19835709,-77.24493044,"(39.19835709, -77.24493044)"
MCP23530052,180007295,Montgomery County Police,Injury Crash,02/12/2018 06:28:00 AM,Maryland (State),BRADLEY BLVD,County,ARLINGTON RD,,N/A,PEDESTRIAN,SINGLE VEHICLE,RAINING,WET,DARK LIGHTS ON,PERSON,NONE DETECTED,NONE DETECTED,0ACE1C62-7F1F-4E5D-AC99-D6A1EC72A4FD,PEDESTRIAN,Cross/Enter at Intersection,NO IMPROPER ACTIONS,ON ROADWAY AT CROSSWALK,OBEYED PED. SIGNAL,DARK CLOTHING,No,SUSPECTED SERIOUS INJURY,NONE,38.97819333,-77.09876833,"(38.97819333, -77.09876833)"
MCP25590019,16042271,Montgomery County Police,Injury Crash,07/24/2016 07:00:00 PM,Maryland (State),QUINCE ORCHARD RD,Maryland (State),GREAT SENECA HWY,,N/A,BICYCLIST,STRAIGHT MOVEMENT ANGLE,CLEAR,DRY,DARK LIGHTS ON,TRAFFIC SIGNAL,UNKNOWN,N/A,60A3565A-F5A1-4B1F-A274-C14BCFABB6BF,BICYCLIST,Walking/Cycling on Sidewalk,NO IMPROPER ACTIONS,AT INTERSECTION MARKED CROSSWALK,OBEYED PED. SIGNAL,OTHER,No,SUSPECTED MINOR INJURY,OTHER,39.1287099,-77.23744467,"(39.1287099, -77.23744467)"
EJ7858002C,180038495,Gaithersburg Police Depar,Injury Crash,08/03/2018 11:50:00 AM,Municipality,CHRISTOPHER AVE,Municipality,RUSSELL AVE,,GAITHERSBURG,PEDESTRIAN,SINGLE VEHICLE,CLOUDY,DRY,DAYLIGHT,STOP SIGN,NONE DETECTED,NONE DETECTED,FFF247AB-8494-4BDD-AD74-FA9BBF94F5A1,PEDESTRIAN,Cross/Enter not at Intersection,NO IMPROPER ACTIONS,OTHER,NO PED. SIGNAL,MIXED CLOTHING,No,SUSPECTED MINOR INJURY,NONE,39.1583657,-77.21244514,"(39.1583657, -77.21244514)"
MCP29670009,15022674,Montgomery County Police,Injury Crash,05/12/2015 03:24:00 PM,Maryland (State),WISCONSIN AVE,Municipality,DORSET AVE,,SOMERSET,PEDESTRIAN,OTHER,CLEAR,DRY,DAYLIGHT,OTHER,NONE DETECTED,NONE DETECTED,302EE51D-0D4F-474C-9089-3B98CA3B76BD,PEDESTRIAN,Walking/Riding against Traffic,NO IMPROPER ACTIONS,ON ROADWAY AT CROSSWALK,NO PED. SIGNAL,UNKNOWN,,POSSIBLE INJURY,N/A,38.96738392,-77.08868265,"(38.96738392, -77.08868265)"
EJ78260040,190004855,Gaithersburg Police Depar,Injury Crash,01/31/2019 09:08:00 AM,,,,,722 HIGHLAND RIDGE AVE,,PEDESTRIAN,OTHER,CLEAR,,DAYLIGHT,N/A,,N/A,5F87E865-B01F-46AF-8A7A-A7FA358F2A73,PEDESTRIAN,Other,OTHER,OTHER,N/A,N/A,No,POSSIBLE INJURY,N/A,39.12387833,-77.22560667,"(39.12387833, -77.22560667)"
MCP2923005C,190021196,Montgomery County Police,Injury Crash,05/05/2019 07:45:00 PM,Maryland (State),GEORGIA AVE,County,SHOREFIELD RD,,N/A,PEDESTRIAN,OTHER,CLOUDY,WET,DUSK,OTHER,NONE DETECTED,NONE DETECTED,BF91A1E2-A0A9-4F29-A106-DCB4AF344CC8,PEDESTRIAN,Cross/Enter at Intersection,FAILURE TO OBEY TRAFFIC SIGNS SIGNALS OR OFFICER,AT INTERSECTION MARKED CROSSWALK,DISOBEYED PED. SIGNAL,DARK CLOTHING,Yes,SUSPECTED MINOR INJURY,NONE,39.05296059,-77.05090171,"(39.05296059, -77.05090171)"
MCP2612002P,180002973,Montgomery County Police,Property Damage Crash,01/18/2018 08:00:00 PM,Maryland (State),GEORGIA AVE,County,BEL PRE RD,,N/A,OTHER,OTHER,CLEAR,DRY,DARK LIGHTS ON,N/A,N/A,N/A,BE73EBA2-F3C8-4433-AFB4-D3F8AB4D9BF8,OTHER,Other Working,OTHER,OTHER,OTHER,UNKNOWN,Yes,NO APPARENT INJURY,N/A,39.09332333,-77.07959,"(39.09332333, -77.07959)"
MCP22860025,180035634,Montgomery County Police,Injury Crash,07/18/2018 09:20:00 AM,Municipality,E JEFFERSON ST,Municipality,ROLLINS AVE,,ROCKVILLE,PEDESTRIAN,STRAIGHT MOVEMENT ANGLE,CLEAR,DRY,DARK LIGHTS ON,NO CONTROLS,NONE DETECTED,NONE DETECTED,06435A6C-D0BD-4D7A-9A65-61195B335A1F,PEDESTRIAN,Cross/Enter not at Intersection,DART DASH,ON ROADWAY NOT AT CROSSWALK,NO PED. SIGNAL,LIGHT CLOTHING,Yes,SUSPECTED SERIOUS INJURY,NONE,39.05985667,-77.125865,"(39.05985667, -77.125865)"
DD56210001,16044450,Rockville Police Departme,Injury Crash,08/31/2016 03:35:00 PM,Maryland (State),ROCKVILLE PIKE,Unknown,DIRECTIONAL CROSSOVER,,N/A,PEDESTRIAN,OTHER,CLEAR,DRY,DAYLIGHT,NO CONTROLS,NONE DETECTED,NONE DETECTED,E442BD0B-44FF-4E01-B85B-782F2CCCF5CF,PEDESTRIAN,Cross/Enter not at Intersection,IN ROADWAY IMPROPERLY,ON ROADWAY NOT AT CROSSWALK,NO PED. SIGNAL,MIXED CLOTHING,Yes,SUSPECTED MINOR INJURY,N/A,39.05963317,-77.12222636,"(39.05963317, -77.12222636)"
MCP31500001,180009460,Montgomery County Police,Injury Crash,02/22/2018 04:30:00 PM,Maryland (State),16TH ST,County,SECOND AVE,,N/A,PEDESTRIAN,OTHER,CLEAR,DRY,DAYLIGHT,OTHER,UNKNOWN,NONE DETECTED,ED8D07EA-2271-400C-9141-B394978A6743,PEDESTRIAN,Cross/Enter at Intersection,UNKNOWN,AT INTERSECTION MARKED CROSSWALK,OBEYED PED. SIGNAL,UNKNOWN,No,SUSPECTED MINOR INJURY,NONE,39.0031452,-77.04001933,"(39.0031452, -77.04001933)"
MCP20430017,180005960,Montgomery County Police,Injury Crash,02/03/2018 11:34:00 PM,County,SHADY GROVE RD,Maryland (State),FREDERICK RD,,N/A,PEDESTRIAN,OTHER,CLOUDY,DRY,DARK LIGHTS ON,TRAFFIC SIGNAL,UNKNOWN,ALCOHOL CONTRIBUTED,FD84F367-82AD-4B10-9448-F20CE56572FA,PEDESTRIAN,Cross/Enter at Intersection,FAILURE TO OBEY TRAFFIC SIGNS SIGNALS OR OFFICER,ON ROADWAY AT CROSSWALK,DISOBEYED PED. SIGNAL,DARK CLOTHING,Yes,SUSPECTED MINOR INJURY,NONE,39.12214167,-77.17762833,"(39.12214167, -77.17762833)"
DD5595001F,15034430,ROCKVILLE,Injury Crash,07/13/2015 04:30:00 PM,,,,,the parking lot located at 500 N. Washington St,,PEDESTRIAN,SINGLE VEHICLE,CLOUDY,,DAYLIGHT,NO CONTROLS,UNKNOWN,NONE DETECTED,E7CF2215-F339-4B37-8C3D-845EA26C6C3B,PEDESTRIAN,Other,N/A,OTHER,N/A,MIXED CLOTHING,No,SUSPECTED MINOR INJURY,N/A,39.09125983,-77.15380617,"(39.09125983, -77.15380617)"
MCP2087000K,16061603,Montgomery County Police,Injury Crash,12/01/2016 06:51:00 AM,Maryland (State),VEIRS MILL RD,County,CENTERHILL ST,,N/A,PEDESTRIAN,OTHER,CLEAR,DRY,DARK LIGHTS ON,NO CONTROLS,NONE DETECTED,NONE DETECTED,5273D124-E7F5-43BF-A965-7A906CC16AF2,PEDESTRIAN,Cross/Enter at Intersection,DART DASH,ON ROADWAY NOT AT CROSSWALK,NO PED. SIGNAL,DARK CLOTHING,Yes,SUSPECTED SERIOUS INJURY,NONE,39.05046833,-77.07252167,"(39.05046833, -77.07252167)"
MCP91300020,16006234,Montgomery County Police,Injury Crash,02/06/2016 01:33:00 PM,County,FLOWER AVE,County,ARLISS ST,,N/A,PEDESTRIAN,SINGLE VEHICLE,CLEAR,DRY,DAYLIGHT,NO CONTROLS,NONE DETECTED,NONE DETECTED,0118D18F-AC1D-4CC9-B51E-BF367320ED58,PEDESTRIAN,Cross/Enter not at Intersection,NO IMPROPER ACTIONS,ON ROADWAY AT CROSSWALK,NO PED. SIGNAL,MIXED CLOTHING,No,SUSPECTED MINOR INJURY,NONE,38.999505,-77.00393333,"(38.999505, -77.00393333)"
MCP9130001W,15063278,MONTGOMERY,Injury Crash,12/11/2015 06:03:00 AM,County,OAKVIEW DR,Maryland (State),NEW HAMPSHIRE AVE,,N/A,PEDESTRIAN,SINGLE VEHICLE,CLEAR,DRY,DARK LIGHTS ON,TRAFFIC SIGNAL,NONE DETECTED,NONE DETECTED,C045DEB2-0DD3-485E-AB05-D849DF201A52,PEDESTRIAN,Cross/Enter at Intersection,NO IMPROPER ACTIONS,AT INTERSECTION MARKED CROSSWALK,OBEYED PED. SIGNAL,DARK CLOTHING,No,POSSIBLE INJURY,NONE,39.01544924,-76.97772503,"(39.01544924, -76.97772503)"
EJ78350002,16021016,Gaithersburg Police Depar,Injury Crash,04/28/2016 10:02:00 PM,Municipality,N SUMMIT AVE,Municipality,BROOKS AVE,,GAITHERSBURG,PEDESTRIAN,SAME DIRECTION LEFT TURN,OTHER,WET,DARK LIGHTS ON,TRAFFIC SIGNAL,N/A,NONE DETECTED,2961D03A-E3F1-4E6D-9649-9836D3DF08C0,PEDESTRIAN,Cross/Enter at Intersection,DART DASH,ON ROADWAY AT CROSSWALK,OBEYED PED. SIGNAL,MIXED CLOTHING,No,SUSPECTED MINOR INJURY,N/A,39.14427667,-77.19286167,"(39.14427667, -77.19286167)"
EJ78700015,190006315,Gaithersburg Police Depar,Injury Crash,02/08/2019 06:14:00 PM,Municipality,CHRISTOPHER AVE,Municipality,RUSSELL AVE,,GAITHERSBURG,PEDESTRIAN,SINGLE VEHICLE,CLEAR,DRY,DARK LIGHTS ON,TRAFFIC SIGNAL,NONE DETECTED,NONE DETECTED,FD182218-5AA2-4B2D-AD77-7948BB4A28A7,PEDESTRIAN,Cross/Enter at Intersection,NO IMPROPER ACTIONS,ON ROADWAY AT CROSSWALK,OBEYED PED. SIGNAL,DARK CLOTHING,No,SUSPECTED MINOR INJURY,NONE,39.15776384,-77.21331016,"(39.15776384, -77.21331016)"