Report Number,Local Case Number,Agency Name,ACRS Report Type,Crash Date/Time,Route Type,Road Name,Cross-Street Type,Cross-Street Name,Off-Road Description,Municipality,Related Non-Motorist,Collision Type,Weather,Surface Condition,Light,Traffic Control,Driver Substance Abuse,Non-Motorist Substance Abuse,Person ID,Pedestrian Type,Pedestrian Movement,Pedestrian Actions,Pedestrian Location,Pedestrian Obeyed Traffic Signal,Pedestrian Visibility,At Fault,Injury Severity,Safety Equipment,Latitude,Longitude,Location
MCP2680001F,15029963,Montgomery County Police,Injury Crash,06/19/2015 02:00:00 PM,Maryland (State),COLESVILLE RD,County,SECOND AVE,,N/A,PEDESTRIAN,STRAIGHT MOVEMENT ANGLE,CLEAR,DRY,DAYLIGHT,TRAFFIC SIGNAL,NONE DETECTED,NONE DETECTED,096A825F-8178-42C2-8266-E1B0485D4317,PEDESTRIAN,Cross/Enter at Intersection,NO IMPROPER ACTIONS,ON ROADWAY AT CROSSWALK,OBEYED PED. SIGNAL,LIGHT CLOTHING,,SUSPECTED MINOR INJURY,NONE,38.99485167,-77.03069833,"(38.99485167, -77.03069833)"
MCP2971001G,16029634,Montgomery County Police,Injury Crash,06/12/2016 05:50:00 PM,,,,,"PARKING LOT CUT THROUGH OUTSIDE OF 11558 LOCKWOOD DRIVE, SILVER SPRING, MD 20904.",,PEDESTRIAN,OTHER,CLEAR,,DAYLIGHT,NO CONTROLS,"ALCOHOL PRESENT, NONE DETECTED",NONE DETECTED,E9A3ED80-C52B-41F7-8309-AB3ACC68F95A,PEDESTRIAN,Other,NO IMPROPER ACTIONS,SIDEWALK,NO PED. SIGNAL,LIGHT CLOTHING,No,SUSPECTED SERIOUS INJURY,NONE,39.04321117,-76.98358297,"(39.04321117, -76.98358297)"
MCP2512002R,170513077,Montgomery County Police,Injury Crash,06/11/2017 03:30:00 PM,Maryland (State),KEY WEST AVE,County,DARNESTOWN RD,,N/A,BICYCLIST,STRAIGHT MOVEMENT ANGLE,CLEAR,DRY,DAYLIGHT,STOP SIGN,NONE DETECTED,NONE DETECTED,31087CFA-0D13-4C56-9F1C-3A05700C9DF2,BICYCLIST,Walking/Riding w/Traffic,NO IMPROPER ACTIONS,IN BIKEWAY,N/A,LIGHT CLOTHING,No,SUSPECTED MINOR INJURY,MC/BIKE HELMET,39.10100032,-77.21216083,"(39.10100032, -77.21216083)"
MCP10990021,180023188,Montgomery County Police,Injury Crash,05/11/2018 02:05:00 PM,Maryland (State),WOODFIELD RD,County,BRENISH DR,,N/A,BICYCLIST,STRAIGHT MOVEMENT ANGLE,CLEAR,DRY,DAYLIGHT,NO CONTROLS,NONE DETECTED,NONE DETECTED,4E5EA2DD-791A-4CF6-94CC-A1005BC69DA3,BICYCLIST,Walking/Riding w/Traffic,NO IMPROPER ACTIONS,IN BIKEWAY,NO PED. SIGNAL,LIGHT CLOTHING,No,SUSPECTED MINOR INJURY,MC/BIKE HELMET,39.14673667,-77.145855,"(39.14673667, -77.145855)"
MCP1580004J,15054696,MONTGOMERY,Injury Crash,10/28/2015 09:18:00 AM,County,MONTGOMERY VILLAGE AVE,County,WHETSTONE DR,,N/A,PEDESTRIAN,OTHER,CLOUDY,WET,DAYLIGHT,STOP SIGN,NONE DETECTED,NONE DETECTED,CB63F7F2-312B-401B-8A15-5D40B6D4CA7E,PEDESTRIAN,Cross/Enter at Intersection,NO IMPROPER ACTIONS,DRIVEWAY ACCESS MARKED CROSSWALK,NO PED. SIGNAL,DARK CLOTHING,No,POSSIBLE INJURY,N/A,39.17076833,-77.204165,"(39.17076833, -77.204165)"
MCP1309001K,180022062,Montgomery County Police,Injury Crash,05/05/2018 09:18:00 AM,County,STRINGTOWN RD,County,KINGSLEY RD,,N/A,PEDESTRIAN,OTHER,CLOUDY,DRY,DAYLIGHT,NO CONTROLS,UNKNOWN,NONE DETECTED,5F53FA2F-36B1-480B-9E74-51E40AEF773E,PEDESTRIAN,Walking/Riding w/Traffic,NO IMPROPER ACTIONS,SHOULDER,NO PED. SIGNAL,LIGHT CLOTHING,No,SUSPECTED SERIOUS INJURY,NONE,39.25179656,-77.25371361,"(39.25179656, -77.25371361)"
MCP3014000B,16004309,Montgomery County Police,Injury Crash,01/26/2016 10:31:00 PM,,,,,"IN THE PARKING LOT OF SHOPPERS LOCATED AT 12345 GEORGIA AVE SILVER SPRING, MD 20906",,PEDESTRIAN,ANGLE MEETS LEFT HEAD ON,CLEAR,,DARK NO LIGHTS,NO CONTROLS,NONE DETECTED,NONE DETECTED,9AD48561-FE59-4C20-8031-F131A20CD815,PEDESTRIAN,Cross/Enter not at Intersection,NOT VISIBLE,OUTSIDE RIGHT OF WAY,NO PED. SIGNAL,DARK CLOTHING,Yes,SUSPECTED MINOR INJURY,NONE,39.0595811,-77.04814643,"(39.0595811, -77.04814643)"
MCP3029000C,17011842,Montgomery County Police,Injury Crash,03/06/2017 03:35:00 PM,County,HANNES ST,County,HANNES CT,,N/A,PEDESTRIAN,N/A,CLEAR,DRY,DAYLIGHT,NO CONTROLS,NONE DETECTED,NONE DETECTED,368DD248-0A1B-44E9-96B4-127D7DA23F11,PEDESTRIAN,Cross/Enter not at Intersection,DART DASH,ON ROADWAY NOT AT CROSSWALK,NO PED. SIGNAL,N/A,Yes,POSSIBLE INJURY,NONE,39.03252253,-77.01897204,"(39.03252253, -77.01897204)"
MCP2384000Q,15001274,Montgomery County Police,Injury Crash,01/08/2015 06:00:00 PM,Municipality,THE HILLS PLAZA,Municipality,S PARK AVE,,FRIENDSHIP HEIGHTS,PEDESTRIAN,OTHER,N/A,DRY,DARK LIGHTS ON,STOP SIGN,UNKNOWN,NONE DETECTED,7C4FB622-873E-4554-BE31-EBE27385A56C,PEDESTRIAN,Cross/Enter at Intersection,NO IMPROPER ACTIONS,ON ROADWAY AT CROSSWALK,NO PED. SIGNAL,DARK CLOTHING,,SUSPECTED MINOR INJURY,N/A,38.9633631,-77.08818913,"(38.9633631, -77.08818913)"
MCP2353001T,15053599,MONTGOMERY,Injury Crash,10/22/2015 12:11:00 PM,County,WILLARD AVE,Municipality,THE HILLS PLAZA,,FRIENDSHIP HEIGHTS,PEDESTRIAN,SINGLE VEHICLE,CLEAR,DRY,DAYLIGHT,OTHER,NONE DETECTED,NONE DETECTED,87BD1C1A-B4AB-4613-B4FE-DD11C91B312F,PEDESTRIAN,Cross/Enter at Intersection,NO IMPROPER ACTIONS,ON ROADWAY AT CROSSWALK,OBEYED PED. SIGNAL,MIXED CLOTHING,No,SUSPECTED SERIOUS INJURY,NONE,38.98345167,-77.09292,"(38.98345167, -77.09292)"
MCP3019002D,190019917,Montgomery County Police,Injury Crash,03/23/2019 08:00:00 PM,County,WOODMONT AVE,County,BETHESDA AVE,,N/A,PEDESTRIAN,OTHER,CLEAR,DRY,DUSK,NO CONTROLS,NONE DETECTED,UNKNOWN,E92A3F94-9E87-418E-B4CE-64E01821AD66,PEDESTRIAN,Other,IN ROADWAY IMPROPERLY,ON ROADWAY NOT AT CROSSWALK,N/A,UNKNOWN,Yes,POSSIBLE INJURY,NONE,38.98125078,-77.09545621,"(38.98125078, -77.09545621)"
MCP91280001,15015682,Montgomery County Police,Injury Crash,04/05/2015 10:24:00 AM,Maryland (State),NORBECK RD,Unknown,NORBECK BLVD,,N/A,PEDESTRIAN,OTHER,CLEAR,DRY,DAYLIGHT,PERSON,NONE DETECTED,N/A,78DE2D86-04CB-41E1-A0DB-1E0729044FC9,PEDESTRIAN,Standing,NO IMPROPER ACTIONS,ON ROADWAY NOT AT CROSSWALK,N/A,DARK CLOTHING,,POSSIBLE INJURY,N/A,39.11194,-77.06998167,"(39.11194, -77.06998167)"
MCP0973000X,180053881,Montgomery County Police,Injury Crash,10/27/2018 06:53:00 PM,Maryland (State),WISCONSIN AVE,County,COMMERCE LA,,N/A,PEDESTRIAN,SINGLE VEHICLE,CLOUDY,DRY,DARK LIGHTS ON,NO CONTROLS,NONE DETECTED,NONE DETECTED,5B271D55-34C7-42DA-A94B-1289D08EA6FB,PEDESTRIAN,Cross/Enter at Intersection,NO IMPROPER ACTIONS,ON ROADWAY AT CROSSWALK,NO PED. SIGNAL,DARK CLOTHING,No,SUSPECTED MINOR INJURY,NONE,38.98577167,-77.094735,"(38.98577167, -77.094735)"
MCP27530017,16037782,Montgomery County Police,Injury Crash,07/26/2016 10:40:00 AM,Maryland (State),GEORGIA AVE,Unknown,LOTTE PLAZA,,N/A,BICYCLIST,STRAIGHT MOVEMENT ANGLE,CLEAR,DRY,DAYLIGHT,STOP SIGN,NONE DETECTED,NONE DETECTED,F2EB426A-6ECD-4A43-A625-C2A8AF898A27,BICYCLIST,Walking/Riding against Traffic,IMPROPER PASSING,ON ROADWAY NOT AT CROSSWALK,NO PED. SIGNAL,MIXED CLOTHING,Yes,SUSPECTED MINOR INJURY,MC/BIKE HELMET,39.07914963,-77.07280397,"(39.07914963, -77.07280397)"
MCP2970001Q,16033110,Montgomery County Police,Injury Crash,06/30/2016 01:34:00 PM,Maryland (State),UNIVERSITY BLVD W,County,DRUMM AVE,,N/A,PEDESTRIAN,SINGLE VEHICLE,CLEAR,DRY,DAYLIGHT,YIELD SIGN,N/A,N/A,CAD841F5-42D1-4E1C-9829-753D952D7EE8,PEDESTRIAN,Cross/Enter at Intersection,NO IMPROPER ACTIONS,ON ROADWAY AT CROSSWALK,NO PED. SIGNAL,LIGHT CLOTHING,No,SUSPECTED SERIOUS INJURY,N/A,39.03668,-77.06152,"(39.03668, -77.06152)"
MCP271700B3,17012468,Montgomery County Police,Injury Crash,03/09/2017 04:45:00 PM,Maryland (State),NEW HAMPSHIRE AVE,County,OAKVIEW DR,,N/A,PEDESTRIAN,OTHER,CLEAR,DRY,DAYLIGHT,TRAFFIC SIGNAL,NONE DETECTED,NONE DETECTED,67F9F0CC-84BB-41EE-9107-BE7E0C868D91,PEDESTRIAN,Cross/Enter at Intersection,NO IMPROPER ACTIONS,ON ROADWAY AT CROSSWALK,OBEYED PED. SIGNAL,MIXED CLOTHING,No,SUSPECTED MINOR INJURY,NONE,39.01515533,-76.9780485,"(39.01515533, -76.9780485)"
MCP1227000N,170540319,Montgomery County Police,Fatal Crash,11/01/2017 07:49:00 PM,Maryland (State),NEW HAMPSHIRE AVE,Municipality,LARCH AVE,,TAKOMA PARK,PEDESTRIAN,SINGLE VEHICLE,CLEAR,DRY,DARK LIGHTS ON,TRAFFIC SIGNAL,NONE DETECTED,NONE DETECTED,A3F0BD1E-E961-40C8-AE73-3B05DFE48711,PEDESTRIAN,Unknown,UNKNOWN,UNKNOWN,UNKNOWN,DARK CLOTHING,Unknown,FATAL INJURY,NONE,38.97771959,-76.99186429,"(38.97771959, -76.99186429)"
MCP29360020,170544390,Montgomery County Police,Injury Crash,11/22/2017 07:18:00 PM,,,,,"PARKING LOT OF HARRIS TEETER @ 11845 OLD GEORGETOWN RD ROCKVILLE, MD 20852",,PEDESTRIAN,OTHER,CLEAR,,DARK LIGHTS ON,NO CONTROLS,NONE DETECTED,NONE DETECTED,B6707D9D-50C0-450B-8662-628E290ABEDD,PEDESTRIAN,Other,N/A,OTHER,NO PED. SIGNAL,MIXED CLOTHING,No,SUSPECTED MINOR INJURY,N/A,39.049665,-77.10888833,"(39.049665, -77.10888833)"
DD5633001M,190023736,Rockville Police Departme,Injury Crash,05/19/2019 05:49:00 PM,,,,,2100 CHAPMAN AVE (FLAGSHIP CARWASH PARKING LOT),,PEDESTRIAN,SAME DIR REAR END,CLEAR,,DAYLIGHT,N/A,NONE DETECTED,NONE DETECTED,20A7C632-83E7-414D-BF5E-BA4C56361706,PEDESTRIAN,Standing,NO IMPROPER ACTIONS,OTHER,N/A,MIXED CLOTHING,No,POSSIBLE INJURY,N/A,39.05721333,-77.11673333,"(39.05721333, -77.11673333)"
MCP2134001R,180058159,Montgomery County Police,Fatal Crash,11/20/2018 06:44:00 AM,Municipality,S SUMMIT AVE,Municipality,WELLS AVE,,GAITHERSBURG,PEDESTRIAN,OTHER,CLEAR,N/A,DAWN,OTHER,N/A,UNKNOWN,3472140D-AE30-4C4F-AE41-2212B1289F04,PEDESTRIAN,Cross/Enter at Intersection,UNKNOWN,ON ROADWAY AT CROSSWALK,NO PED. SIGNAL,MIXED CLOTHING,Unknown,FATAL INJURY,NONE,39.14136392,-77.19350721,"(39.14136392, -77.19350721)"
MCP2755000S,16052965,Montgomery County Police,Injury Crash,10/15/2016 12:04:00 AM,County,ARCOLA AVE,Maryland (State),UNIVERSITY BLVD W,,N/A,PEDESTRIAN,OTHER,CLEAR,DRY,DARK -- UNKNOWN LIGHTING,TRAFFIC SIGNAL,UNKNOWN,N/A,B64507D9-8CAF-482D-B1A2-DDF90FB553E2,PEDESTRIAN,Cross/Enter at Intersection,FAILURE TO OBEY TRAFFIC SIGNS SIGNALS OR OFFICER,ON ROADWAY AT CROSSWALK,DISOBEYED PED. SIGNAL,N/A,Yes,SUSPECTED MINOR INJURY,N/A,39.03546126,-77.02589214,"(39.03546126, -77.02589214)"
MCP2894002Y,16049129,Montgomery County Police,Injury Crash,09/24/2016 09:00:00 AM,County,MACARTHUR BLVD,County,SANGAMORE RD,,N/A,BICYCLIST,STRAIGHT MOVEMENT ANGLE,CLEAR,DRY,DAYLIGHT,TRAFFIC SIGNAL,NONE DETECTED,NONE DETECTED,28D2BFD8-E938-4009-B516-8B9967DC0E25,BICYCLIST,Cross/Enter at Intersection,NO IMPROPER ACTIONS,AT INTERSECTION MARKED CROSSWALK,OBEYED PED. SIGNAL,REFLECTIVE MATERIAL,No,SUSPECTED SERIOUS INJURY,MC/BIKE HELMET,38.944455,-77.11707667,"(38.944455, -77.11707667)"
MCP2740001C,15058201,MONTGOMERY,Injury Crash,11/15/2015 06:49:00 PM,Maryland (State),PINEY BRANCH RD,County,DALE DR,,N/A,PEDESTRIAN,SINGLE VEHICLE,CLEAR,DRY,DARK LIGHTS ON,TRAFFIC SIGNAL,UNKNOWN,NONE DETECTED,A73E325B-FF18-44ED-BB1A-9167A011786F,PEDESTRIAN,Cross/Enter at Intersection,NO IMPROPER ACTIONS,ON ROADWAY AT CROSSWALK,OBEYED PED. SIGNAL,MIXED CLOTHING,No,SUSPECTED MINOR INJURY,NONE,38.99374833,-77.00917167,"(38.99374833, -77.00917167)"
MCP2676002N,170511356,Montgomery County Police,Injury Crash,06/02/2017 03:24:00 PM,County,GOSHEN RD,County,EMORY GROVE RD,,N/A,PEDESTRIAN,OTHER,CLEAR,DRY,DAYLIGHT,TRAFFIC SIGNAL,N/A,N/A,3C0085F8-EEE3-4071-A39A-2DB9CBB745C8,PEDESTRIAN,Cross/Enter at Intersection,IN ROADWAY IMPROPERLY,ON ROADWAY NOT AT CROSSWALK,N/A,MIXED CLOTHING,Yes,SUSPECTED MINOR INJURY,N/A,39.16034667,-77.19259333,"(39.16034667, -77.19259333)"
MCP271700DG,170535666,Montgomery County Police,Injury Crash,10/09/2017 04:20:00 PM,County,DECATUR AVE,Maryland (State),UNIVERSITY BLVD W,,N/A,PEDESTRIAN,SINGLE VEHICLE,CLEAR,DRY,DAYLIGHT,NO CONTROLS,NONE DETECTED,NONE DETECTED,6AF615B2-2EE8-405C-92D3-02F4004D3EFB,PEDESTRIAN,Cross/Enter not at Intersection,DART DASH,ON ROADWAY NOT AT CROSSWALK,NO PED. SIGNAL,MIXED CLOTHING,Yes,SUSPECTED MINOR INJURY,NONE,39.0338525,-77.07308983,"(39.0338525, -77.07308983)"
MCP2905004D,180059538,Montgomery County Police,Injury Crash,11/28/2018 05:16:00 PM,County,WOODMONT AVE,County,BATTERY LA,,N/A,PEDESTRIAN,SINGLE VEHICLE,CLEAR,DRY,DARK LIGHTS ON,TRAFFIC SIGNAL,N/A,N/A,941D0C60-61F0-4A6D-9122-083CF7ADAF13,PEDESTRIAN,Cross/Enter not at Intersection,NOT VISIBLE,ON ROADWAY NOT AT CROSSWALK,OBEYED PED. SIGNAL,DARK CLOTHING,Yes,POSSIBLE INJURY,NONE,38.9927614,-77.09704548,"(38.9927614, -77.09704548)"
MCP2738002T,180031492,Montgomery County Police,Injury Crash,06/26/2018 05:55:00 PM,County,BRIGGS CHANEY RD,County,ROBEY RD,,N/A,PEDESTRIAN,N/A,N/A,N/A,DAYLIGHT,NO CONTROLS,N/A,N/A,D8790231-2FE4-42D2-8376-0085280E68C3,PEDESTRIAN,N/A,NOT VISIBLE,N/A,UNKNOWN,LIGHT CLOTHING,Unknown,SUSPECTED MINOR INJURY,NONE,39.07774667,-76.944295,"(39.07774667, -76.944295)"
MCP2212002F,170522534,Montgomery County Police,Injury Crash,08/02/2017 02:36:00 PM,County,PLUM ORCHARD DR,County,BROADBIRCH DR,,N/A,PEDESTRIAN,OTHER,CLEAR,DRY,DAYLIGHT,STOP SIGN,NONE DETECTED,NONE DETECTED,A035EDE6-ADB7-48DB-B7B4-9E8EB30792D5,PEDESTRIAN,Cross/Enter at Intersection,NO IMPROPER ACTIONS,MIDBLOCK MARKED CROSSWALK,NO PED. SIGNAL,LIGHT CLOTHING,No,SUSPECTED MINOR INJURY,N/A,39.05551761,-76.95732951,"(39.05551761, -76.95732951)"
MCP3057000R,170546170,Montgomery County Police,Injury Crash,12/02/2017 06:01:00 AM,Maryland (State),GREAT SENECA HWY,County,MATENY RD,,N/A,BICYCLIST,STRAIGHT MOVEMENT ANGLE,N/A,DRY,DARK LIGHTS ON,N/A,N/A,NONE DETECTED,48F9CA99-CF13-4452-94FD-906C9E0426D6,BICYCLIST,Cross/Enter at Intersection,NO IMPROPER ACTIONS,AT INTERSECTION MARKED CROSSWALK,OBEYED PED. SIGNAL,REFLECTIVE MATERIAL,No,SUSPECTED MINOR INJURY,REFLECTIVE CLOTHING,39.18409833,-77.26336833,"(39.18409833, -77.26336833)"
MCP29840010,180009366,Montgomery County Police,Injury Crash,02/23/2018 07:24:00 AM,Maryland (State),GREAT SENECA HWY,Unknown,COTTAGE GARDEN DR,,N/A,PEDESTRIAN,OTHER,RAINING,WET,DAYLIGHT,TRAFFIC SIGNAL,UNKNOWN,NONE DETECTED,42BE50B7-B5CC-4107-9947-38FC5491123B,PEDESTRIAN,Cross/Enter at Intersection,NO IMPROPER ACTIONS,AT INTERSECTION MARKED CROSSWALK,OBEYED PED. SIGNAL,MIXED CLOTHING,Unknown,SUSPECTED MINOR INJURY,N/A,39.15330833,-77.27789,"(39.15330833, -77.27789)"
MCP2789004Y,180032663,Montgomery County Police,Injury Crash,07/02/2018 09:45:00 PM,County,SPRING ST,County,FIRST AVE,,N/A,PEDESTRIAN,SINGLE VEHICLE,CLEAR,DRY,DARK LIGHTS ON,NO CONTROLS,N/A,N/A,892388A2-53BB-455E-8DDF-E15183346837,PEDESTRIAN,Cross/Enter at Intersection,NO IMPROPER ACTIONS,ON ROADWAY AT CROSSWALK,NO PED. SIGNAL,MIXED CLOTHING,No,POSSIBLE INJURY,NONE,38.99893167,-77.03290833,"(38.99893167, -77.03290833)"
MCP2928000P,15033137,MONTGOMERY,Injury Crash,07/07/2015 08:00:00 AM,Maryland (State),GEORGIA AVE,County,BELVEDERE BLVD,,N/A,PEDESTRIAN,SINGLE VEHICLE,CLEAR,DRY,DAYLIGHT,NO CONTROLS,,NONE DETECTED,2718F89C-3315-4B74-A8A3-AD027251D4EC,PEDESTRIAN,Cross/Enter at Intersection,DART DASH,CURB,NO PED. SIGNAL,DARK CLOTHING,Yes,POSSIBLE INJURY,N/A,39.01950044,-77.04405069,"(39.01950044, -77.04405069)"
MCP3084001Q,180033792,Montgomery County Police,Injury Crash,07/09/2018 07:14:00 AM,Maryland (State),OLD GEORGETOWN RD,County,AUBURN AVE,,N/A,BICYCLIST,HEAD ON LEFT TURN,CLEAR,DRY,DAYLIGHT,TRAFFIC SIGNAL,NONE DETECTED,NONE DETECTED,3A3401A6-FFBF-42D4-8560-9B3304197CEB,BICYCLIST,Cross/Enter at Intersection,NO IMPROPER ACTIONS,SHOULDER,OBEYED PED. SIGNAL,MIXED CLOTHING,No,SUSPECTED MINOR INJURY,MC/BIKE HELMET,38.98915017,-77.101208,"(38.98915017, -77.101208)"
DD56120006,17007723,Rockville Police Departme,Injury Crash,02/12/2017 06:21:00 PM,Maryland (State),E JEFFERSON ST,Municipality,MONROE ST,,ROCKVILLE,PEDESTRIAN,SINGLE VEHICLE,CLEAR,DRY,DARK LIGHTS ON,TRAFFIC SIGNAL,NONE DETECTED,UNKNOWN,BB91F50E-3442-4584-ABAD-87AEE51CB93F,PEDESTRIAN,Cross/Enter at Intersection,FAILURE TO OBEY TRAFFIC SIGNS SIGNALS OR OFFICER,AT INTERSECTION MARKED CROSSWALK,DISOBEYED PED. SIGNAL,MIXED CLOTHING,Yes,SUSPECTED MINOR INJURY,NONE,39.08196045,-77.14913964,"(39.08196045, -77.14913964)"
MCP10220031,15046845,MONTGOMERY,Injury Crash,09/16/2015 07:55:00 AM,County,RICHTER FARM RD,County,MOLASSES RUN DR,,N/A,PEDESTRIAN,SINGLE VEHICLE,CLEAR,DRY,DAYLIGHT,NO CONTROLS,NONE DETECTED,NONE DETECTED,C95F2528-4359-47FD-90E7-0827FD5A77D0,PEDESTRIAN,Cross/Enter at Intersection,DART DASH,ON ROADWAY NOT AT CROSSWALK,NO PED. SIGNAL,LIGHT CLOTHING,Yes,SUSPECTED MINOR INJURY,NONE,39.15317167,-77.285585,"(39.15317167, -77.285585)"
DD55080033,17003277,Rockville Police Departme,Injury Crash,01/19/2017 12:58:00 PM,Municipality,N STONESTREET AVE,Municipality,PARK RD,,ROCKVILLE,PEDESTRIAN,OTHER,CLEAR,DRY,DAYLIGHT,NO CONTROLS,NONE DETECTED,NONE DETECTED,FC4B81C3-4D9E-4973-AD92-5DA0DECC8106,PEDESTRIAN,Cross/Enter not at Intersection,IN ROADWAY IMPROPERLY,ON ROADWAY NOT AT CROSSWALK,N/A,MIXED CLOTHING,Yes,SUSPECTED MINOR INJURY,NONE,39.08628667,-77.14729667,"(39.08628667, -77.14729667)"
MCP23960036,190010789,Montgomery County Police,Injury Crash,03/08/2019 04:30:00 PM,Maryland (State),HUNGERFORD DR,Municipality,BEALL AVE #2,,ROCKVILLE,PEDESTRIAN,STRAIGHT MOVEMENT ANGLE,CLEAR,DRY,DAYLIGHT,TRAFFIC SIGNAL,N/A,N/A,3648A6A3-E25B-4434-8283-0CC6BD53A3FF,PEDESTRIAN,Cross/Enter at Intersection,NO IMPROPER ACTIONS,ON ROADWAY AT CROSSWALK,OBEYED PED. SIGNAL,MIXED CLOTHING,No,SUSPECTED MINOR INJURY,UNKNOWN,39.08742277,-77.15015525,"(39.08742277, -77.15015525)"
EJ7837002N,180021966,Gaithersburg Police Depar,Injury Crash,05/04/2018 06:00:00 PM,County,S WESTLAND DR,Maryland (State),FREDERICK RD,,N/A,BICYCLIST,OTHER,CLOUDY,DRY,DAYLIGHT,TRAFFIC SIGNAL,N/A,N/A,59C00868-AE1D-49D2-A7AB-DA3DE528D6D3,BICYCLIST,Cross/Enter at Intersection,NO IMPROPER ACTIONS,AT INTERSECTION MARKED CROSSWALK,OBEYED PED. SIGNAL,LIGHT CLOTHING,No,SUSPECTED MINOR INJURY,NONE,39.12594047,-77.18291,"(39.12594047, -77.18291)"
MCP137800FN,17000607,Montgomery County Police,Injury Crash,01/04/2017 03:25:00 PM,Maryland (State),S FREDERICK RD,Municipality,EDUCATION BLVD,,GAITHERSBURG,PEDESTRIAN,SINGLE VEHICLE,CLEAR,DRY,DAYLIGHT,TRAFFIC SIGNAL,NONE DETECTED,NONE DETECTED,2B8854C6-4316-4023-8643-987F31F37753,PEDESTRIAN,Cross/Enter at Intersection,NO IMPROPER ACTIONS,ON ROADWAY AT CROSSWALK,OBEYED PED. SIGNAL,LIGHT CLOTHING,No,SUSPECTED MINOR INJURY,N/A,39.135705,-77.19216167,"(39.135705, -77.19216167)"
MCP31000007,180011106,Montgomery County Police,Injury Crash,03/04/2018 10:40:00 AM,,,,,"PARKING LOT OF ""BIG LOTS"" 19000 BLOCK OF MONTGOMERY VILLAGE AVE",,PEDESTRIAN,SINGLE VEHICLE,CLEAR,,DAYLIGHT,N/A,UNKNOWN,N/A,262C3E01-4546-45CE-BC6B-D3FF280FC855,PEDESTRIAN,Other,NO IMPROPER ACTIONS,OTHER,N/A,OTHER,No,POSSIBLE INJURY,N/A,39.16887827,-77.20541775,"(39.16887827, -77.20541775)"
MCP2809001J,15004314,Montgomery County Police,Injury Crash,01/26/2015 07:00:00 AM,Maryland (State),UNIVERSITY BLVD W,County,CADDINGTON AVE,,N/A,PEDESTRIAN,OTHER,RAINING,WET,DAWN,TRAFFIC SIGNAL,UNKNOWN,N/A,4A719E47-0EEC-4243-80A5-0CE8D8AF52E1,PEDESTRIAN,Walking to/from school,UNKNOWN,UNKNOWN,UNKNOWN,MIXED CLOTHING,,POSSIBLE INJURY,NONE,39.03357,-77.0238,"(39.03357, -77.0238)"
MCP3079001H,180059127,Montgomery County Police,Injury Crash,11/26/2018 04:18:00 PM,County,MIDDLEBROOK RD,County,CRYSTAL ROCK DR,,N/A,PEDESTRIAN,OTHER,RAINING,WET,DAYLIGHT,TRAFFIC SIGNAL,NONE DETECTED,NONE DETECTED,65CEA0DD-B4B3-4BE4-9F62-00420AFB42A0,PEDESTRIAN,Cross/Enter at Intersection,FAILURE TO YIELD RIGHT OF WAY,ON ROADWAY AT CROSSWALK,DISOBEYED PED. SIGNAL,MIXED CLOTHING,Yes,SUSPECTED MINOR INJURY,NONE,39.17686311,-77.2643746,"(39.17686311, -77.2643746)"
MCP20080044,170523208,Montgomery County Police,Injury Crash,08/05/2017 04:34:00 PM,,,,,"PARKING LOT OF 
6301 RIVER RD",,PEDESTRIAN,OTHER,CLEAR,,DAYLIGHT,N/A,NONE DETECTED,NONE DETECTED,4C8DB713-3960-4E4D-9A56-066D032F3552,PEDESTRIAN,Other,NO IMPROPER ACTIONS,OTHER,N/A,LIGHT CLOTHING,No,NO APPARENT INJURY,N/A,38.97602667,-77.12599833,"(38.97602667, -77.12599833)"
MCP242500BX,180006810,Montgomery County Police,Injury Crash,02/09/2018 07:05:00 AM,County,11TH AVE,County,QUEBEC ST,,N/A,PEDESTRIAN,OTHER,CLEAR,DRY,DAYLIGHT,NO CONTROLS,UNKNOWN,NONE DETECTED,27BE7955-E585-40BE-9FD7-A746D0D13556,PEDESTRIAN,Cross/Enter at Intersection,NO IMPROPER ACTIONS,ON ROADWAY NOT AT CROSSWALK,NO PED. SIGNAL,DARK CLOTHING,No,SUSPECTED MINOR INJURY,NONE,38.99847333,-76.98876,"(38.99847333, -76.98876)"
MCP27610020,180010217,Montgomery County Police,Injury Crash,02/27/2018 05:25:00 PM,,,,,"PARKING LOT OF
19718 GERMANTOWN ROAD (SAFEWAY)",,PEDESTRIAN,OTHER,CLEAR,,DAYLIGHT,NO CONTROLS,NONE DETECTED,NONE DETECTED,99E747E8-217B-4FA4-8BF2-067B385D1F4A,PEDESTRIAN,Other,NO IMPROPER ACTIONS,MIDBLOCK MARKED CROSSWALK,NO PED. SIGNAL,DARK CLOTHING,No,POSSIBLE INJURY,NONE,39.18079894,-77.26593375,"(39.18079894, -77.26593375)"
MCP2892006C,190019593,Montgomery County Police,Injury Crash,04/26/2019 03:16:00 PM,County,SPRING ST,County,CAMERON ST,,N/A,PEDESTRIAN,OTHER,RAINING,WET,DAYLIGHT,TRAFFIC SIGNAL,NONE DETECTED,NONE DETECTED,D246FFB4-79BE-4918-A50D-7AE6AD238C87,PEDESTRIAN,Cross/Enter at Intersection,NO IMPROPER ACTIONS,ON ROADWAY AT CROSSWALK,OBEYED PED. SIGNAL,LIGHT CLOTHING,No,POSSIBLE INJURY,NONE,38.99965111,-77.02785858,"(38.99965111, -77.02785858)"