Report Number,Local Case Number,Agency Name,ACRS Report Type,Crash Date/Time,Route Type,Road Name,Cross-Street Type,Cross-Street Name,Off-Road Description,Municipality,Related Non-Motorist,Collision Type,Weather,Surface Condition,Light,Traffic Control,Driver Substance Abuse,Non-Motorist Substance Abuse,Person ID,Pedestrian Type,Pedestrian Movement,Pedestrian Actions,Pedestrian Location,Pedestrian Obeyed Traffic Signal,Pedestrian Visibility,At Fault,Injury Severity,Safety Equipment,Latitude,Longitude,Location
MCP2181002D,190000573,Montgomery County Police,Property Damage Crash,01/04/2019 09:48:00 AM,Maryland (State),OLNEY LAYTONSVILLE RD,County,DORSEY RD,,N/A,PEDESTRIAN,OTHER,CLOUDY,DRY,DAYLIGHT,NO CONTROLS,N/A,N/A,524C88D3-37BE-4935-BEEE-565BD33ED55B,PEDESTRIAN,Other,DISABLED VEHICLE RELATED,AT INTERSECTION BUT NO CROSSWALK,N/A,DARK CLOTHING,Yes,NO APPARENT INJURY,NONE,39.19619833,-77.13016,"(39.19619833, -77.13016)"
MCP2612002L,170550218,Montgomery County Police,Injury Crash,12/22/2017 06:10:00 PM,County,CONNECTICUT AVE,County,GRAND PRE RD,,N/A,PEDESTRIAN,SINGLE VEHICLE,RAINING,WET,DARK LIGHTS ON,NO CONTROLS,NONE DETECTED,NONE DETECTED,36392CD9-257E-48A1-947C-8E99E4C2ABBA,PEDESTRIAN,Walking/Riding against Traffic,NO IMPROPER ACTIONS,ON ROADWAY AT CROSSWALK,OBEYED PED. SIGNAL,MIXED CLOTHING,No,SUSPECTED MINOR INJURY,NONE,39.08701333,-77.07411667,"(39.08701333, -77.07411667)"
MCP30650022,180041130,Montgomery County Police,Injury Crash,08/18/2018 02:57:00 PM,,,,,PARKING LOT OF 11311 LOCKWOOD DR,,BICYCLIST,OTHER,CLEAR,,DAYLIGHT,N/A,NONE DETECTED,NONE DETECTED,589983C1-734D-44F2-ADD3-4BA347FD4910,BICYCLIST,Walking/Cycling on Sidewalk,NO IMPROPER ACTIONS,SIDEWALK,NO PED. SIGNAL,MIXED CLOTHING,No,POSSIBLE INJURY,NONE,39.04015667,-76.98933,"(39.04015667, -76.98933)"
MCP24720018,15024793,Montgomery County Police,Injury Crash,05/23/2015 10:19:00 AM,County,TUCKERMAN LA,County,WESTLAKE DR,,N/A,BICYCLIST,SAME DIRECTION SIDESWIPE,CLEAR,DRY,DAYLIGHT,NO CONTROLS,NONE DETECTED,NONE DETECTED,45ABC87E-9297-424E-9C86-D5FE96DFB245,BICYCLIST,Walking/Riding w/Traffic,NO IMPROPER ACTIONS,ON ROADWAY NOT AT CROSSWALK,NO PED. SIGNAL,UNKNOWN,,SUSPECTED MINOR INJURY,MC/BIKE HELMET,39.03669667,-77.152205,"(39.03669667, -77.152205)"
MCP3075000K,170533488,Montgomery County Police,Property Damage Crash,09/27/2017 06:33:00 PM,County,BROOKEVILLE RD,County,ZION RD,,N/A,BICYCLIST,OTHER,CLEAR,DRY,DAYLIGHT,NO CONTROLS,NONE DETECTED,NONE DETECTED,EC89DCB0-0F08-4105-8CB6-0E80C43CD962,BICYCLIST,Walking/Riding w/Traffic,NO IMPROPER ACTIONS,OTHER,N/A,LIGHT CLOTHING,No,NO APPARENT INJURY,MC/BIKE HELMET,39.18436333,-77.10522333,"(39.18436333, -77.10522333)"
MCP23530048,170525299,Montgomery County Police,Injury Crash,08/17/2017 09:35:00 AM,,,,,SEARS PARKINGLOT OF 7101 DEMOCRACY BLVD,,PEDESTRIAN,SINGLE VEHICLE,CLOUDY,,DAYLIGHT,N/A,NONE DETECTED,NONE DETECTED,38C31FB1-E8A4-4D46-9321-3811B410CB39,PEDESTRIAN,Standing,NO IMPROPER ACTIONS,OTHER,N/A,LIGHT CLOTHING,No,SUSPECTED MINOR INJURY,NONE,39.02520667,-77.14488,"(39.02520667, -77.14488)"
MCP137800BR,16042097,Montgomery County Police,Injury Crash,08/19/2016 10:40:00 AM,County,DECOVERLY DR,County,DIAMONDBACK DR,,N/A,BICYCLIST,STRAIGHT MOVEMENT ANGLE,CLEAR,DRY,DAYLIGHT,STOP SIGN,NONE DETECTED,NONE DETECTED,EF06A045-9AD2-4F41-BA7F-C6663A1CBF61,BICYCLIST,Cross/Enter at Intersection,NO IMPROPER ACTIONS,ON ROADWAY AT CROSSWALK,NO PED. SIGNAL,MIXED CLOTHING,No,SUSPECTED MINOR INJURY,NONE,39.10734025,-77.20289916,"(39.10734025, -77.20289916)"
MCP2492000S,17011443,Montgomery County Police,Fatal Crash,03/04/2017 02:27:00 AM,US (State),COLESVILLE RD,County,FENTON ST,,N/A,PEDESTRIAN,OTHER,CLEAR,DRY,DARK LIGHTS ON,FLASHING TRAFFIC SIGNAL,UNKNOWN,UNKNOWN,AD9DA68A-22D8-4DF7-A599-43E66AD9D28F,PEDESTRIAN,Cross/Enter at Intersection,UNKNOWN,ON ROADWAY AT CROSSWALK,NO PED. SIGNAL,DARK CLOTHING,Unknown,FATAL INJURY,NONE,38.99764432,-77.02704012,"(38.99764432, -77.02704012)"
MCP0973000W,180053691,Montgomery County Police,Injury Crash,10/26/2018 03:21:00 PM,County,MONTGOMERY LA,County,WOODMONT AVE,,N/A,PEDESTRIAN,SINGLE VEHICLE,CLOUDY,WET,DAYLIGHT,TRAFFIC SIGNAL,NONE DETECTED,NONE DETECTED,4AC3761A-675C-4429-BF62-9F8365587C84,PEDESTRIAN,Cross/Enter at Intersection,FAILURE TO OBEY TRAFFIC SIGNS SIGNALS OR OFFICER,ON ROADWAY AT CROSSWALK,DISOBEYED PED. SIGNAL,DARK CLOTHING,Yes,SUSPECTED MINOR INJURY,N/A,38.98390667,-77.09543667,"(38.98390667, -77.09543667)"
MCP3105001G,180057342,Montgomery County Police,Injury Crash,11/15/2018 02:17:00 PM,Maryland (State),CLOPPER RD,Other Public Roadway,ALLSPICE RD,,N/A,PEDESTRIAN,SINGLE VEHICLE,WINTRY MIX,SNOW,DAYLIGHT,N/A,NONE DETECTED,NONE DETECTED,AC6D9279-9996-4CAD-AF5B-C07A3327D87B,PEDESTRIAN,Standing,DISABLED VEHICLE RELATED,SHOULDER,N/A,MIXED CLOTHING,No,SUSPECTED MINOR INJURY,N/A,39.15485383,-77.25850067,"(39.15485383, -77.25850067)"
MCP29820018,16054687,Montgomery County Police,Injury Crash,10/24/2016 11:21:00 AM,County,FENTON ST,County,SLIGO AVE,,N/A,PEDESTRIAN,OTHER,CLOUDY,DRY,DAYLIGHT,TRAFFIC SIGNAL,NONE DETECTED,NONE DETECTED,FCB7C952-0095-45AB-805A-9C9AC9FD9B2B,PEDESTRIAN,Cross/Enter at Intersection,NO IMPROPER ACTIONS,ON ROADWAY AT CROSSWALK,OBEYED PED. SIGNAL,LIGHT CLOTHING,No,SUSPECTED MINOR INJURY,N/A,38.9902334,-77.02399448,"(38.9902334, -77.02399448)"
MCP93110013,170514222,Montgomery County Police,Injury Crash,06/17/2017 12:20:00 PM,Maryland (State),BRADLEY BLVD,County,DURBIN RD,,N/A,BICYCLIST,SAME DIRECTION SIDESWIPE,CLEAR,DRY,DAYLIGHT,NO CONTROLS,NONE DETECTED,NONE DETECTED,5582CD7C-D9A5-4866-A341-0DA5FAD19D9D,BICYCLIST,Walking/Riding w/Traffic,NO IMPROPER ACTIONS,SHOULDER,N/A,DARK CLOTHING,No,SUSPECTED MINOR INJURY,MC/BIKE HELMET,38.98351808,-77.11447477,"(38.98351808, -77.11447477)"
MCP30160021,180051626,Montgomery County Police,Injury Crash,10/15/2018 02:30:00 PM,Maryland (State),GREAT SENECA HWY,County,RICHTER FARM RD,,N/A,PEDESTRIAN,SINGLE VEHICLE,RAINING,WET,DAYLIGHT,TRAFFIC SIGNAL,N/A,N/A,FCC458A9-A600-4209-B76A-3CC4C622EE00,PEDESTRIAN,Cross/Enter at Intersection,DART DASH,ON ROADWAY AT CROSSWALK,DISOBEYED PED. SIGNAL,MIXED CLOTHING,Yes,POSSIBLE INJURY,NONE,39.148822,-77.27670067,"(39.148822, -77.27670067)"
MCP00360058,16052787,Montgomery County Police,Injury Crash,10/14/2016 08:10:00 AM,Maryland (State),FREDERICK RD,County,RIDGE RD,,N/A,PEDESTRIAN,SAME DIR REAR END,CLEAR,DRY,DAYLIGHT,NO CONTROLS,NONE DETECTED,NONE DETECTED,D7DAA2E8-DD99-4892-84A3-60A31804C803,PEDESTRIAN,Other Working,NO IMPROPER ACTIONS,SIDEWALK,N/A,MIXED CLOTHING,No,SUSPECTED MINOR INJURY,NONE,39.20437833,-77.245845,"(39.20437833, -77.245845)"
MCP2286001K,17009248,Montgomery County Police,Injury Crash,02/20/2017 06:38:00 PM,,,,,"SAM'S CLUM PARKING LOT, 610 N FREDERICK AVE, GAITHERSBURG, MD 20877",,PEDESTRIAN,STRAIGHT MOVEMENT ANGLE,CLEAR,,DUSK,OTHER,N/A,NONE DETECTED,4FA5573B-7839-48C0-9F5E-CF8DD6987928,PEDESTRIAN,Other,NO IMPROPER ACTIONS,ON ROADWAY AT CROSSWALK,OTHER,MIXED CLOTHING,No,SUSPECTED MINOR INJURY,NONE,39.15127012,-77.21286625,"(39.15127012, -77.21286625)"
MCP13780047,15004900,Montgomery County Police,Injury Crash,01/30/2015 06:09:00 PM,,,,,DRIVEWAY ENTRANCE TO 390 N. SUMMIT AVE,,PEDESTRIAN,SINGLE VEHICLE,CLEAR,,DARK LIGHTS ON,NO CONTROLS,NONE DETECTED,NONE DETECTED,DE93EAB7-9CAF-4AF4-BFB2-359B65F1B81B,PEDESTRIAN,Cross/Enter at Intersection,NO IMPROPER ACTIONS,DRIVEWAY ACCESS MARKED CROSSWALK,NO PED. SIGNAL,DARK CLOTHING,,SUSPECTED MINOR INJURY,N/A,39.14908,-77.19287667,"(39.14908, -77.19287667)"
MCP9419001T,180045961,Montgomery County Police,Injury Crash,09/14/2018 02:51:00 PM,County,RANDOLPH RD,County,ROCKING HORSE RD,,N/A,PEDESTRIAN,OTHER,CLOUDY,DRY,DAYLIGHT,TRAFFIC SIGNAL,NONE DETECTED,NONE DETECTED,16EDD962-564A-414F-8442-7FE5754FDEBC,PEDESTRIAN,Cross/Enter at Intersection,DART DASH,ON ROADWAY AT CROSSWALK,UNKNOWN,MIXED CLOTHING,Unknown,POSSIBLE INJURY,NONE,39.05367667,-77.09426,"(39.05367667, -77.09426)"
DD5508002X,16062458,Rockville Police Departme,Injury Crash,12/05/2016 04:02:00 PM,,,,,PARKING LOT OF 1675 ROCKVILLE PIKE,,PEDESTRIAN,OTHER,CLEAR,,DAYLIGHT,N/A,NONE DETECTED,NONE DETECTED,F35D4FC2-3208-4B0F-91CE-4F2DEFC2E254,PEDESTRIAN,Cross/Enter at Intersection,NO IMPROPER ACTIONS,ON ROADWAY AT CROSSWALK,NO PED. SIGNAL,LIGHT CLOTHING,No,SUSPECTED MINOR INJURY,NONE,39.06129,-77.12630833,"(39.06129, -77.12630833)"
MCP2919005L,180060267,Montgomery County Police,Injury Crash,12/02/2018 05:29:00 PM,Maryland (State),UNIVERSITY BLVD E,County,PATTON DR,,N/A,PEDESTRIAN,OTHER,CLEAR,DRY,DARK LIGHTS ON,N/A,NONE DETECTED,NONE DETECTED,FE7F5EAE-B949-413D-B117-696B3473A989,PEDESTRIAN,Cross/Enter not at Intersection,IN ROADWAY IMPROPERLY,ON ROADWAY NOT AT CROSSWALK,NO PED. SIGNAL,UNKNOWN,Yes,SUSPECTED SERIOUS INJURY,N/A,39.00212667,-76.99577667,"(39.00212667, -76.99577667)"
MCP2813006N,190020250,Montgomery County Police,Injury Crash,04/30/2019 01:30:00 PM,County,BLUHILL RD,County,FLORAL ST,,N/A,PEDESTRIAN,SINGLE VEHICLE,CLEAR,DRY,DAYLIGHT,N/A,N/A,N/A,87A3151F-A47A-40CE-B4CB-60ABB5827F8D,PEDESTRIAN,Other,NO IMPROPER ACTIONS,OTHER,N/A,REFLECTIVE MATERIAL,No,POSSIBLE INJURY,REFLECTIVE CLOTHING,39.05632173,-77.0662837,"(39.05632173, -77.0662837)"
MCP24460024,16042471,Montgomery County Police,Injury Crash,08/21/2016 03:21:00 PM,,,,,IN FRONT OF 19603 CRYSTAL ROCK DR.,,BICYCLIST,STRAIGHT MOVEMENT ANGLE,CLEAR,,DAYLIGHT,NO CONTROLS,NONE DETECTED,NONE DETECTED,CBC79EDA-C7CD-4FD5-8DE4-F64B83347980,BICYCLIST,Playing,FAILURE TO YIELD RIGHT OF WAY,ON ROADWAY NOT AT CROSSWALK,NO PED. SIGNAL,LIGHT CLOTHING,Yes,SUSPECTED MINOR INJURY,UNKNOWN,39.178009,-77.259878,"(39.178009, -77.259878)"
MCP23140014,180009646,Montgomery County Police,Injury Crash,02/24/2018 08:16:00 PM,County,S GLEN RD,County,DEEP GLEN DR,,N/A,PEDESTRIAN,OTHER,RAINING,WET,DARK NO LIGHTS,N/A,NONE DETECTED,NONE DETECTED,3269E4C8-91A3-491E-BB34-A610234567D1,PEDESTRIAN,Other,NO IMPROPER ACTIONS,OTHER,N/A,REFLECTIVE MATERIAL,No,SUSPECTED MINOR INJURY,REFLECTIVE CLOTHING,39.0358,-77.21754833,"(39.0358, -77.21754833)"
DD55950039,16064756,Rockville Police Departme,Injury Crash,12/17/2016 06:37:00 PM,Municipality,ELMCROFT BLVD,Municipality,REDLAND BLVD,,ROCKVILLE,PEDESTRIAN,OTHER,CLEAR,WET,DARK LIGHTS ON,NO CONTROLS,NONE DETECTED,NONE DETECTED,C257DE12-4FE1-409F-91BC-584574B8CF76,PEDESTRIAN,Cross/Enter at Intersection,NO IMPROPER ACTIONS,ON ROADWAY AT CROSSWALK,NO PED. SIGNAL,DARK CLOTHING,No,SUSPECTED MINOR INJURY,N/A,39.11449667,-77.167116,"(39.11449667, -77.167116)"
MCP2919001F,16020556,Montgomery County Police,Property Damage Crash,04/26/2016 12:49:00 PM,Maryland (State),GEORGIA AVE,County,CORWIN DR,,N/A,OTHER,OTHER,CLEAR,DRY,DAYLIGHT,NO CONTROLS,NONE DETECTED,NONE DETECTED,FEEBCBA3-8092-40B9-A768-FFA070C3C26B,OTHER,N/A,OTHER,INSIDE BUILDING,N/A,N/A,Yes,NO APPARENT INJURY,N/A,39.00801309,-77.03996971,"(39.00801309, -77.03996971)"
MCP2813006L,190016184,Montgomery County Police,Injury Crash,04/07/2019 08:30:00 PM,Other Public Roadway,GLENMONT CIR #2,Maryland (State),GEORGIA AVE,,N/A,PEDESTRIAN,SINGLE VEHICLE,CLOUDY,DRY,DARK LIGHTS ON,TRAFFIC SIGNAL,N/A,N/A,44D01E05-3B4E-40D3-9752-4CE1279E23E9,PEDESTRIAN,Cross/Enter at Intersection,NO IMPROPER ACTIONS,ON ROADWAY AT CROSSWALK,UNKNOWN,DARK CLOTHING,No,SUSPECTED MINOR INJURY,N/A,39.05994167,-77.04713333,"(39.05994167, -77.04713333)"
MCP2977005G,190009951,Montgomery County Police,Injury Crash,03/03/2019 10:42:00 AM,County,FLOWER AVE,Maryland (State),PINEY BRANCH RD,,N/A,BICYCLIST,OTHER,CLOUDY,DRY,DAYLIGHT,NO CONTROLS,N/A,N/A,96629F07-CE3A-4C30-BFD4-F8E270C4FE30,BICYCLIST,Walking/Riding w/Traffic,INATTENTIVE,ON ROADWAY NOT AT CROSSWALK,NO PED. SIGNAL,LIGHT CLOTHING,Yes,POSSIBLE INJURY,MC/BIKE HELMET,38.99888357,-77.00375319,"(38.99888357, -77.00375319)"
MCP3008000F,16014307,MONTGOMERY,Injury Crash,03/23/2016 05:13:00 PM,US (State),GEORGIA AVE,County,BLAIR RD,,N/A,BICYCLIST,SAME DIR REAR END,CLEAR,DRY,DAYLIGHT,NO CONTROLS,NONE DETECTED,NONE DETECTED,07980B56-FC4B-4E52-89CE-D0E291747461,BICYCLIST,Walking/Riding w/Traffic,NO IMPROPER ACTIONS,SHOULDER,OBEYED PED. SIGNAL,LIGHT CLOTHING,No,SUSPECTED MINOR INJURY,MC/BIKE HELMET,38.98898833,-77.02691667,"(38.98898833, -77.02691667)"
MCP229800LT,180059934,Montgomery County Police,Injury Crash,11/30/2018 03:48:00 PM,,,,,PARKING LOT OF 26004 BRIGADIER PLACE,,OTHER,SINGLE VEHICLE,CLEAR,,N/A,NO CONTROLS,NONE DETECTED,NONE DETECTED,DD154773-661B-4877-A002-E165358086F9,OTHER,N/A,NO IMPROPER ACTIONS,N/A,N/A,N/A,No,SUSPECTED MINOR INJURY,N/A,39.28291042,-77.20547411,"(39.28291042, -77.20547411)"
MCP1119005T,180048244,Montgomery County Police,Injury Crash,09/27/2018 09:08:00 AM,,,,,PARKING LOT OF MEDSTAR MONTGOMERY HOSPITAL 18011 PRINCE PHILIP DR,,OTHER CONVEYANCE,SINGLE VEHICLE,CLOUDY,,DAYLIGHT,N/A,NONE DETECTED,NONE DETECTED,11007FC6-0BCF-495D-A647-577538BE13F8,OTHER CONVEYANCE,Other,NO IMPROPER ACTIONS,OTHER,N/A,N/A,No,POSSIBLE INJURY,NONE,39.15295167,-77.05532833,"(39.15295167, -77.05532833)"
MCP2351001G,170534931,Montgomery County Police,Injury Crash,10/05/2017 02:38:00 PM,County,PARKLAWN DR,County,RANDOLPH RD,,N/A,PEDESTRIAN,OTHER,CLEAR,DRY,DAYLIGHT,TRAFFIC SIGNAL,NONE DETECTED,NONE DETECTED,79B4B7F6-31A5-4A30-8558-B0CD619180FA,PEDESTRIAN,Cross/Enter at Intersection,UNKNOWN,AT INTERSECTION MARKED CROSSWALK,UNKNOWN,MIXED CLOTHING,Unknown,POSSIBLE INJURY,N/A,39.06397,-77.117405,"(39.06397, -77.117405)"
MCP2777004N,180026997,Montgomery County Police,Injury Crash,06/01/2018 05:30:00 PM,County,DEL RAY AVE,Maryland (State),OLD GEORGETOWN RD,,N/A,PEDESTRIAN,SINGLE VEHICLE,CLEAR,DRY,DAYLIGHT,STOP SIGN,NONE DETECTED,NONE DETECTED,1377BD9C-629F-4F92-A64D-74009CF7682D,PEDESTRIAN,Cross/Enter at Intersection,NO IMPROPER ACTIONS,ON ROADWAY AT CROSSWALK,NO PED. SIGNAL,MIXED CLOTHING,No,POSSIBLE INJURY,NONE,38.98847667,-77.10005833,"(38.98847667, -77.10005833)"
MCP1283000M,16024770,Montgomery County Police,Injury Crash,07/09/2016 11:25:00 AM,County,BARNESVILLE RD,County,PEACH TREE RD,,N/A,BICYCLIST,STRAIGHT MOVEMENT ANGLE,CLEAR,DRY,DAYLIGHT,STOP SIGN,NONE DETECTED,N/A,3274E582-B874-4D6A-8985-97D932A619FA,BICYCLIST,Cross/Enter at Intersection,FAILURE TO OBEY TRAFFIC SIGNS SIGNALS OR OFFICER,AT INTERSECTION BUT NO CROSSWALK,OTHER,DARK CLOTHING,Yes,SUSPECTED MINOR INJURY,MC/BIKE HELMET,39.21560167,-77.35641667,"(39.21560167, -77.35641667)"
MCP271700F6,170546798,Montgomery County Police,Injury Crash,12/05/2017 06:45:00 PM,Maryland (State),OLD GEORGETOWN RD,County,OAKMONT AVE,,N/A,PEDESTRIAN,OTHER,RAINING,WET,DARK LIGHTS ON,TRAFFIC SIGNAL,NONE DETECTED,NONE DETECTED,1F48AF99-4861-4615-A47D-41FF8C164723,PEDESTRIAN,Cross/Enter at Intersection,DART DASH,ON ROADWAY AT CROSSWALK,DISOBEYED PED. SIGNAL,UNKNOWN,Yes,SUSPECTED MINOR INJURY,NONE,39.00464633,-77.11086233,"(39.00464633, -77.11086233)"
MCP3021001V,170541477,Montgomery County Police,Injury Crash,11/07/2017 12:50:00 PM,County,GREENCASTLE RD,County,OLD COLUMBIA PIKE,,N/A,BICYCLIST,SINGLE VEHICLE,RAINING,WET,DAYLIGHT,NO CONTROLS,UNKNOWN,N/A,06FE5E99-4506-4ED7-BD08-3917B3F97320,BICYCLIST,Cross/Enter not at Intersection,NO IMPROPER ACTIONS,ON ROADWAY NOT AT CROSSWALK,NO PED. SIGNAL,MIXED CLOTHING,No,SUSPECTED MINOR INJURY,NONE,39.09776145,-76.94304943,"(39.09776145, -76.94304943)"
MCP27820016,15057063,MONTGOMERY,Injury Crash,11/09/2015 07:30:00 AM,County,LONGMEAD CROSSING DR,Unknown,LADY MEADE DR,,N/A,PEDESTRIAN,STRAIGHT MOVEMENT ANGLE,CLEAR,DRY,DAYLIGHT,NO CONTROLS,NONE DETECTED,NONE DETECTED,0F9815A6-3679-48D5-8AA2-F8E08F66B9A5,PEDESTRIAN,Cross/Enter not at Intersection,IN ROADWAY IMPROPERLY,ON ROADWAY NOT AT CROSSWALK,NO PED. SIGNAL,MIXED CLOTHING,Yes,SUSPECTED MINOR INJURY,NONE,39.10058167,-77.05125,"(39.10058167, -77.05125)"
MCP2975001H,17009667,Montgomery County Police,Injury Crash,02/22/2017 11:12:00 PM,Maryland (State),GEORGIA AVE,County,VERONA DR,,N/A,BICYCLIST,SAME DIR REAR END,N/A,DRY,DARK LIGHTS ON,NO CONTROLS,ALCOHOL PRESENT,NONE DETECTED,B445C9D4-AF8A-487F-A58B-FA7E2A6A3F6C,BICYCLIST,Walking/Riding w/Traffic,NO IMPROPER ACTIONS,OTHER,N/A,REFLECTIVE MATERIAL,No,SUSPECTED MINOR INJURY,MC/BIKE HELMET,39.07427333,-77.067235,"(39.07427333, -77.067235)"
MCP1301000H,15061863,MONTGOMERY,Injury Crash,12/03/2015 09:47:00 PM,Maryland (State),ROCKVILLE PIKE,Municipality,EDMONSTON DR,,ROCKVILLE,PEDESTRIAN,SAME DIRECTION SIDESWIPE,CLEAR,DRY,DARK LIGHTS ON,N/A,ALCOHOL PRESENT,N/A,86C13B3E-6898-4CC8-89A9-78CE341A4C49,PEDESTRIAN,Other Working,NO IMPROPER ACTIONS,OTHER,N/A,DARK CLOTHING,No,SUSPECTED SERIOUS INJURY,REFLECTIVE CLOTHING,39.0777754,-77.13333607,"(39.0777754, -77.13333607)"
MCP2818003G,180008483,Montgomery County Police,Injury Crash,02/18/2018 11:03:00 AM,Maryland (State),GEORGIA AVE,County,FENWICK LA,,N/A,PEDESTRIAN,OTHER,CLEAR,WET,DAYLIGHT,N/A,NONE DETECTED,NONE DETECTED,203F7458-08C9-4988-BF6C-0D88CB22C7E5,PEDESTRIAN,Cross/Enter at Intersection,NO IMPROPER ACTIONS,ON ROADWAY AT CROSSWALK,OBEYED PED. SIGNAL,LIGHT CLOTHING,No,POSSIBLE INJURY,N/A,38.99825821,-77.03059673,"(38.99825821, -77.03059673)"
MCP3033001M,170544787,Montgomery County Police,Injury Crash,11/25/2017 10:10:00 AM,County,OLD COLUMBIA PIKE,Unknown,AVONSHIRE DR,,N/A,PEDESTRIAN,OTHER,CLEAR,DRY,DAYLIGHT,NO CONTROLS,NONE DETECTED,NONE DETECTED,DDF6721F-7D40-44A7-B6DD-4E215005E337,PEDESTRIAN,Cross/Enter at Intersection,NO IMPROPER ACTIONS,AT INTERSECTION BUT NO CROSSWALK,NO PED. SIGNAL,MIXED CLOTHING,No,POSSIBLE INJURY,NONE,39.083835,-76.95193667,"(39.083835, -76.95193667)"
MCP28290034,170507166,Montgomery County Police,Injury Crash,05/11/2017 05:08:00 AM,Maryland (State),PINEY BRANCH RD,Maryland (State),UNIVERSITY BLVD E,,N/A,BICYCLIST,OTHER,CLOUDY,DRY,DARK LIGHTS ON,N/A,UNKNOWN,NONE DETECTED,FFA78389-F251-43A3-8891-A0DE8EC2B311,BICYCLIST,Walking/Riding w/Traffic,NO IMPROPER ACTIONS,ON ROADWAY NOT AT CROSSWALK,N/A,UNKNOWN,No,SUSPECTED SERIOUS INJURY,MC/BIKE HELMET,38.99609,-77.11640667,"(38.99609, -77.11640667)"
MCP2813001L,15058336,MONTGOMERY,Injury Crash,11/15/2015 05:15:00 PM,County,VALLEYWOOD DR,County,MEDWAY ST,,N/A,PEDESTRIAN,SINGLE VEHICLE,CLEAR,DRY,DARK LIGHTS ON,NO CONTROLS,N/A,N/A,5BABD51C-FFB9-428B-8499-50EDC28BEE22,PEDESTRIAN,Playing,INATTENTIVE,CURB,NO PED. SIGNAL,LIGHT CLOTHING,Yes,POSSIBLE INJURY,NONE,39.05404333,-77.06722167,"(39.05404333, -77.06722167)"
MCP28820023,170525535,Montgomery County Police,Injury Crash,08/18/2017 02:55:00 PM,,,,,PARKING LOT IN FRONT OF 19552 CRYSTAL ROCK DRIVE,,BICYCLIST,SINGLE VEHICLE,CLEAR,,DAYLIGHT,N/A,NONE DETECTED,NONE DETECTED,ED97011A-C539-43C8-8CE1-E640E8DCF638,BICYCLIST,Playing,INATTENTIVE,OTHER,NO PED. SIGNAL,MIXED CLOTHING,Yes,SUSPECTED MINOR INJURY,NONE,39.17810167,-77.26309833,"(39.17810167, -77.26309833)"
DD55980022,170539245,Rockville Police Departme,Injury Crash,10/27/2017 06:58:00 PM,Maryland (State),VEIRS MILL RD,Municipality,ATLANTIC AVE,,ROCKVILLE,PEDESTRIAN,STRAIGHT MOVEMENT ANGLE,CLEAR,DRY,DARK LIGHTS ON,TRAFFIC SIGNAL,N/A,N/A,3A3851FB-C037-43B6-8B72-DB4F2B3C0BAD,PEDESTRIAN,Cross/Enter at Intersection,N/A,ON ROADWAY AT CROSSWALK,OBEYED PED. SIGNAL,MIXED CLOTHING,No,SUSPECTED MINOR INJURY,N/A,39.07521933,-77.11582817,"(39.07521933, -77.11582817)"
MCP2853004V,180024617,Montgomery County Police,Injury Crash,05/19/2018 05:20:00 PM,Maryland (State),NEW HAMPSHIRE AVE,County,OAKVIEW DR,,N/A,PEDESTRIAN,N/A,RAINING,WET,DAYLIGHT,TRAFFIC SIGNAL,N/A,N/A,C5DD71BA-B2A5-415D-A902-EE6E2101321C,PEDESTRIAN,Cross/Enter at Intersection,NO IMPROPER ACTIONS,AT INTERSECTION MARKED CROSSWALK,OBEYED PED. SIGNAL,MIXED CLOTHING,No,POSSIBLE INJURY,N/A,39.01529919,-76.97792888,"(39.01529919, -76.97792888)"
MCP2784002Q,16055162,Montgomery County Police,Injury Crash,10/26/2016 05:45:00 PM,Maryland (State),LAYHILL RD,County,GLENALLAN AVE,,N/A,PEDESTRIAN,OTHER,CLEAR,DRY,N/A,TRAFFIC SIGNAL,NONE DETECTED,NONE DETECTED,B550F6D6-BF5B-4BF4-A27A-9F802E97D2C1,PEDESTRIAN,Cross/Enter at Intersection,NO IMPROPER ACTIONS,ON ROADWAY AT CROSSWALK,OBEYED PED. SIGNAL,MIXED CLOTHING,No,POSSIBLE INJURY,NONE,39.06338667,-77.04991333,"(39.06338667, -77.04991333)"
MCP2847000L,15001793,Montgomery County Police,Injury Crash,01/12/2015 10:05:00 AM,County,RANDOLPH RD,County,BUSHEY DR,,N/A,BICYCLIST,SINGLE VEHICLE,RAINING,WET,DAYLIGHT,STOP SIGN,NONE DETECTED,NONE DETECTED,54C47C1D-A838-443E-BC00-73D134CDACEE,BICYCLIST,Cross/Enter at Intersection,NO IMPROPER ACTIONS,ON ROADWAY AT CROSSWALK,NO PED. SIGNAL,MIXED CLOTHING,,POSSIBLE INJURY,UNKNOWN,39.05767333,-77.07777167,"(39.05767333, -77.07777167)"
MCP2987000T,16029146,Montgomery County Police,Injury Crash,06/10/2016 07:40:00 AM,,,,,PARKING LOT OF WOODMOOR SHOPPING CENTER,,PEDESTRIAN,SINGLE VEHICLE,CLEAR,,DAYLIGHT,NO CONTROLS,NONE DETECTED,NONE DETECTED,5328943C-C08E-4D7B-B456-80665CA62899,PEDESTRIAN,Cross/Enter not at Intersection,N/A,OTHER,NO PED. SIGNAL,DARK CLOTHING,No,SUSPECTED MINOR INJURY,NONE,39.02061115,-77.0120278,"(39.02061115, -77.0120278)"