Report Number,Local Case Number,Agency Name,ACRS Report Type,Crash Date/Time,Route Type,Road Name,Cross-Street Type,Cross-Street Name,Off-Road Description,Municipality,Related Non-Motorist,Collision Type,Weather,Surface Condition,Light,Traffic Control,Driver Substance Abuse,Non-Motorist Substance Abuse,Person ID,Pedestrian Type,Pedestrian Movement,Pedestrian Actions,Pedestrian Location,Pedestrian Obeyed Traffic Signal,Pedestrian Visibility,At Fault,Injury Severity,Safety Equipment,Latitude,Longitude,Location
MCP3076000B,170524628,Montgomery County Police,Injury Crash,08/13/2017 02:57:00 PM,,,,,"SAFEWAY PARKING LOT 
116 UNIVERSITY BOULEVARD
SILVER SPRING",,PEDESTRIAN,SINGLE VEHICLE,CLEAR,,DAYLIGHT,N/A,NONE DETECTED,NONE DETECTED,40058BC5-5AFA-40E3-9B1E-47D8869864FC,PEDESTRIAN,Other,NO IMPROPER ACTIONS,OTHER,N/A,MIXED CLOTHING,No,POSSIBLE INJURY,NONE,39.02088934,-77.01516062,"(39.02088934, -77.01516062)"
MCP3019001G,170548188,Montgomery County Police,Injury Crash,12/12/2017 05:18:00 PM,Maryland (State),BROOKVILLE RD,Municipality,E BRADLEY LA,,MATINS ADDITION,PEDESTRIAN,N/A,N/A,N/A,DARK -- UNKNOWN LIGHTING,NO CONTROLS,NONE DETECTED,NONE DETECTED,F4C6C84C-C181-46A8-8163-A5ADECE9C667,PEDESTRIAN,Cross/Enter at Intersection,N/A,AT INTERSECTION BUT NO CROSSWALK,NO PED. SIGNAL,DARK CLOTHING,No,POSSIBLE INJURY,NONE,38.97672333,-77.071595,"(38.97672333, -77.071595)"
MCP2871001J,15021807,Montgomery County Police,Injury Crash,05/07/2015 06:45:00 PM,County,SEVEN LOCKS RD,County,ENGLISH WAY,,N/A,PEDESTRIAN,OTHER,CLEAR,DRY,DAYLIGHT,NO CONTROLS,NONE DETECTED,NONE DETECTED,DFC755D0-ACEB-4FA1-8F5B-C8875476BC2A,PEDESTRIAN,Walking/Riding against Traffic,DART DASH,ON ROADWAY NOT AT CROSSWALK,NO PED. SIGNAL,MIXED CLOTHING,,SUSPECTED MINOR INJURY,N/A,39.00661167,-77.15979833,"(39.00661167, -77.15979833)"
MCP15750061,170545427,Montgomery County Police,Injury Crash,11/28/2017 03:45:00 PM,County,SHADY GROVE RD,County,DARNESTOWN RD,,N/A,BICYCLIST,STRAIGHT MOVEMENT ANGLE,CLEAR,DRY,DAYLIGHT,TRAFFIC SIGNAL,NONE DETECTED,NONE DETECTED,DBFBE688-8FB5-4654-B195-829CBEE6B0FD,BICYCLIST,Cross/Enter at Intersection,NO IMPROPER ACTIONS,ON ROADWAY AT CROSSWALK,OBEYED PED. SIGNAL,DARK CLOTHING,No,POSSIBLE INJURY,NONE,39.09298509,-77.19645984,"(39.09298509, -77.19645984)"
MCP2422000S,15037992,MONTGOMERY,Injury Crash,07/31/2015 09:16:00 PM,County,AMHERST AVE,Maryland (State),UNIVERSITY BLVD W,,N/A,PEDESTRIAN,OTHER,CLEAR,DRY,DARK LIGHTS ON,N/A,N/A,ALCOHOL PRESENT,53BE940C-9C39-4656-958D-C777F68DF608,PEDESTRIAN,Cross/Enter not at Intersection,IN ROADWAY IMPROPERLY,ON ROADWAY NOT AT CROSSWALK,N/A,MIXED CLOTHING,Yes,POSSIBLE INJURY,N/A,39.04106961,-77.04837441,"(39.04106961, -77.04837441)"
MCP3034000N,170507489,Montgomery County Police,Injury Crash,05/12/2017 10:36:00 PM,Maryland (State),PINEY BRANCH RD,County,GREENWOOD AVE,,N/A,PEDESTRIAN,N/A,RAINING,WET,DARK LIGHTS ON,TRAFFIC SIGNAL,,NONE DETECTED,036D96BF-B47B-427B-B15A-D10428932C05,PEDESTRIAN,Cross/Enter at Intersection,NO IMPROPER ACTIONS,AT INTERSECTION MARKED CROSSWALK,OBEYED PED. SIGNAL,MIXED CLOTHING,No,SUSPECTED MINOR INJURY,NONE,38.99821,-77.00249833,"(38.99821, -77.00249833)"
MCP2848002L,16010452,MONTGOMERY,Injury Crash,03/02/2016 02:02:00 PM,,,,,"PARKING LOT OF 8617 CHATEAU DRIVE POTOMAC, MARYLAND 20854",,PEDESTRIAN,OTHER,CLEAR,,DAYLIGHT,NO CONTROLS,,NONE DETECTED,C8D33519-D867-436E-AF2D-0E539B5FFF38,PEDESTRIAN,Standing,N/A,OTHER,NO PED. SIGNAL,N/A,No,SUSPECTED MINOR INJURY,N/A,39.01001333,-77.17794167,"(39.01001333, -77.17794167)"
MCP3002002J,180022566,Montgomery County Police,Injury Crash,05/08/2018 10:06:00 AM,,,,,12277 NEBEL STREET,,PEDESTRIAN,OTHER,CLEAR,,DAYLIGHT,N/A,NONE DETECTED,NONE DETECTED,FB9D7E2E-5647-49EC-83B0-BBB99BF6150F,PEDESTRIAN,Standing,OTHER,OTHER,N/A,MIXED CLOTHING,No,POSSIBLE INJURY,NONE,39.05222833,-77.10930833,"(39.05222833, -77.10930833)"
MCP2934003D,180039605,Montgomery County Police,Injury Crash,08/09/2018 05:48:00 PM,,,,,PARKING LOT OF MACY'S LOCATED AT 7101 DEMOCRACY BLVD,,PEDESTRIAN,OTHER,N/A,,DAYLIGHT,NO CONTROLS,NONE DETECTED,N/A,FDD2C115-1EAC-40B4-A966-85FFB7AB110D,PEDESTRIAN,Other,INATTENTIVE,OTHER,NO PED. SIGNAL,MIXED CLOTHING,Yes,POSSIBLE INJURY,N/A,39.0230263,-77.14618921,"(39.0230263, -77.14618921)"
MCP3034000H,170500805,Montgomery County Police,Property Damage Crash,04/06/2017 11:30:00 PM,,,,,PARKING LOT OF TGI FRIDAYS OF TECH RD,,PEDESTRIAN,OTHER,CLEAR,,DARK LIGHTS ON,N/A,UNKNOWN,NONE DETECTED,CE64B78F-85FC-4231-B942-E1126DC776B9,PEDESTRIAN,Standing,NO IMPROPER ACTIONS,OTHER,N/A,MIXED CLOTHING,No,NO APPARENT INJURY,N/A,39.0570339,-76.96662068,"(39.0570339, -76.96662068)"
MCP24250057,15034512,MONTGOMERY,Injury Crash,07/14/2015 08:34:00 AM,,,,,Parking Lot Access on 2nd Ave for 8405 Colesville Rd,,OTHER PEDALCYCLIST,OTHER,CLEAR,,DAYLIGHT,NO CONTROLS,UNKNOWN,NONE DETECTED,C587C869-DDE9-44E5-B0B4-E586C79F5FFC,OTHER PEDALCYCLIST,Walking/Cycling on Sidewalk,NO IMPROPER ACTIONS,SIDEWALK,NO PED. SIGNAL,DARK CLOTHING,No,SUSPECTED MINOR INJURY,MC/BIKE HELMET,38.99551333,-77.03160333,"(38.99551333, -77.03160333)"
MCP3111000G,180021653,Montgomery County Police,Injury Crash,05/01/2018 11:45:00 PM,,,,,"PARKING LOT IN FRONT OF 1923 ROSEMARY HILLS DR, SILVER SPRING, MD 20910",,PEDESTRIAN,OTHER,CLEAR,,DARK LIGHTS ON,N/A,,NONE DETECTED,33E1B0A1-FE46-4292-8F74-4FC91B095329,PEDESTRIAN,Getting off/on Vehicle,NO IMPROPER ACTIONS,OTHER,N/A,DARK CLOTHING,No,POSSIBLE INJURY,NONE,38.99896333,-77.04298,"(38.99896333, -77.04298)"
MCP2892001N,16029031,Montgomery County Police,Injury Crash,06/09/2016 04:43:00 PM,,,,,"PARKING LOT OF ST. JOHN THE EVANGELIST CATHOLIC CHURCH


10201 GEORGIA AVENUE",,PEDESTRIAN,OTHER,N/A,,DAYLIGHT,NO CONTROLS,NONE DETECTED,NONE DETECTED,FC5571ED-38EE-4671-B3BE-E26CF66C860F,PEDESTRIAN,Walking/Riding against Traffic,NO IMPROPER ACTIONS,SIDEWALK,NO PED. SIGNAL,LIGHT CLOTHING,No,POSSIBLE INJURY,NONE,39.02362833,-77.0453,"(39.02362833, -77.0453)"
MCP2984000C,16002920,Montgomery County Police,Injury Crash,01/15/2016 09:15:00 PM,,,,,"PARKING LOT IN FRONT OF 10106 LITTLE POND PLACE, GAITHERSBURG, MD, 20886",,PEDESTRIAN,OTHER,RAINING,,DARK LIGHTS ON,N/A,UNKNOWN,NONE DETECTED,FACB24ED-2EB1-419A-A0FB-6C5DF6FD4A33,PEDESTRIAN,Getting off/on Vehicle,ENTERING EXITING PARKED STANDING VEHICLE,OTHER,NO PED. SIGNAL,LIGHT CLOTHING,No,SUSPECTED MINOR INJURY,N/A,39.16689333,-77.20801167,"(39.16689333, -77.20801167)"
MCP20080044,170523208,Montgomery County Police,Injury Crash,08/05/2017 04:34:00 PM,,,,,"PARKING LOT OF 
6301 RIVER RD",,PEDESTRIAN,OTHER,CLEAR,,DAYLIGHT,N/A,NONE DETECTED,NONE DETECTED,05C90650-22C7-4CD3-934F-0D92F354CB0D,PEDESTRIAN,Other,NO IMPROPER ACTIONS,OTHER,N/A,LIGHT CLOTHING,No,SUSPECTED SERIOUS INJURY,N/A,38.97602667,-77.12599833,"(38.97602667, -77.12599833)"
MCP2687001T,17013092,Montgomery County Police,Injury Crash,03/13/2017 01:25:00 PM,County,ARLINGTON RD,County,ELM ST,,N/A,PEDESTRIAN,OTHER,CLEAR,DRY,DAYLIGHT,PERSON,NONE DETECTED,N/A,FD67E159-D78C-4915-9A81-CB72479A0F53,PEDESTRIAN,Cross/Enter at Intersection,NO IMPROPER ACTIONS,AT INTERSECTION MARKED CROSSWALK,OBEYED PED. SIGNAL,LIGHT CLOTHING,No,POSSIBLE INJURY,NONE,38.98206798,-77.09851563,"(38.98206798, -77.09851563)"
MCP30790021,190007453,Montgomery County Police,Injury Crash,02/15/2019 04:56:00 PM,County,LIBERTY MILL RD,Other Public Roadway,SPARKLING WATER DR,,N/A,BICYCLIST,OTHER,CLEAR,DRY,DAYLIGHT,NO CONTROLS,NONE DETECTED,NONE DETECTED,DFB6CEF1-8E29-4587-B7C8-EC1781B5D559,BICYCLIST,Cross/Enter at Intersection,NO IMPROPER ACTIONS,ON ROADWAY NOT AT CROSSWALK,N/A,LIGHT CLOTHING,No,SUSPECTED MINOR INJURY,NONE,39.1643725,-77.27915533,"(39.1643725, -77.27915533)"
MCP2717003W,15037541,MONTGOMERY,Injury Crash,11/12/2015 07:10:00 PM,County,MARINELLI RD,County,CITADEL AVE,,N/A,PEDESTRIAN,OTHER,CLEAR,DRY,DARK LIGHTS ON,NO CONTROLS,NONE DETECTED,NONE DETECTED,E31764FE-4F85-416B-BC0E-29FFA4C89A09,PEDESTRIAN,Cross/Enter at Intersection,NO IMPROPER ACTIONS,AT INTERSECTION MARKED CROSSWALK,NO PED. SIGNAL,MIXED CLOTHING,No,SUSPECTED MINOR INJURY,N/A,39.04724412,-77.11291909,"(39.04724412, -77.11291909)"
MCP30050037,170539649,Montgomery County Police,Injury Crash,10/29/2017 01:40:00 PM,,,,,PARKING LOT OF 12389 GEORGIA AVE,,PEDESTRIAN,ANGLE MEETS LEFT TURN,CLOUDY,,DAYLIGHT,NO CONTROLS,NONE DETECTED,NONE DETECTED,82216360-A25A-4921-BDC9-AAA883D759DC,PEDESTRIAN,Other,NO IMPROPER ACTIONS,OTHER,NO PED. SIGNAL,LIGHT CLOTHING,No,POSSIBLE INJURY,NONE,39.06081197,-77.04990059,"(39.06081197, -77.04990059)"
MCP15940003,16022502,Montgomery County Police,Injury Crash,05/06/2016 06:01:00 PM,County,DIXON AVE,County,WAYNE AVE,,N/A,PEDESTRIAN,HEAD ON LEFT TURN,RAINING,WET,DAYLIGHT,NO CONTROLS,NONE DETECTED,NONE DETECTED,2A2C7E3B-F86C-41E5-A41A-723B56687A1E,PEDESTRIAN,Cross/Enter not at Intersection,IN ROADWAY IMPROPERLY,OUTSIDE RIGHT OF WAY,NO PED. SIGNAL,MIXED CLOTHING,Yes,SUSPECTED MINOR INJURY,NONE,38.99375551,-77.0279789,"(38.99375551, -77.0279789)"
MCP1378006L,15029556,Montgomery County Police,Injury Crash,06/17/2015 04:23:00 PM,County,WALKERS CHOICE RD,County,MONTGOMERY VILLAGE AVE,,N/A,BICYCLIST,STRAIGHT MOVEMENT ANGLE,CLOUDY,DRY,DAYLIGHT,TRAFFIC SIGNAL,NONE DETECTED,NONE DETECTED,F847E8CE-6578-4A58-B678-F9AA618F8AB1,BICYCLIST,Cross/Enter at Intersection,NO IMPROPER ACTIONS,ON ROADWAY AT CROSSWALK,DISOBEYED PED. SIGNAL,DARK CLOTHING,,POSSIBLE INJURY,MC/BIKE HELMET,39.16136167,-77.20243,"(39.16136167, -77.20243)"
MCP3018000H,17011232,Montgomery County Police,Injury Crash,03/03/2017 05:35:00 AM,,BEL PRE RD,,SUN VALLEY CIR,,N/A,PEDESTRIAN,OTHER,OTHER,WET,DARK LIGHTS ON,NO CONTROLS,NONE DETECTED,NONE DETECTED,1B61A7D2-5C01-461C-B792-5E59362BC11F,PEDESTRIAN,Cross/Enter not at Intersection,FAILURE TO YIELD RIGHT OF WAY,ON ROADWAY NOT AT CROSSWALK,NO PED. SIGNAL,DARK CLOTHING,Yes,SUSPECTED MINOR INJURY,NONE,39.09050051,-77.04785943,"(39.09050051, -77.04785943)"
MCP3163000D,180041756,Montgomery County Police,Injury Crash,08/22/2018 09:37:00 AM,Maryland (State),KNOWLES AVE,County,SUMMIT AVE,,N/A,BICYCLIST,HEAD ON LEFT TURN,N/A,DRY,DAYLIGHT,TRAFFIC SIGNAL,NONE DETECTED,NONE DETECTED,917749C1-EC78-4CE5-842D-61B06539DE37,BICYCLIST,Cross/Enter at Intersection,FAILURE TO YIELD RIGHT OF WAY,ON ROADWAY AT CROSSWALK,OBEYED PED. SIGNAL,MIXED CLOTHING,No,SUSPECTED MINOR INJURY,NONE,39.02812255,-77.07969537,"(39.02812255, -77.07969537)"
MCP3096001L,180054668,Montgomery County Police,Injury Crash,10/31/2018 08:41:00 PM,,,,,CROSS WALK IN FRONT OF CHECKERS AT 16171 SHADY GROVE RD GAITHERSBURG MD 20877,,PEDESTRIAN,SINGLE VEHICLE,CLEAR,,DUSK,NO CONTROLS,NONE DETECTED,NONE DETECTED,0F3D5FB4-133E-4971-AF57-ED646683A8BE,PEDESTRIAN,Cross/Enter at Intersection,NO IMPROPER ACTIONS,ON ROADWAY AT CROSSWALK,NO PED. SIGNAL,LIGHT CLOTHING,No,SUSPECTED MINOR INJURY,N/A,39.121035,-77.178015,"(39.121035, -77.178015)"
MCP27840028,16004095,Montgomery County Police,Injury Crash,01/24/2016 06:34:00 PM,,REDSPIRE DRIVE,,DEER HIGHLANDS WAY,,N/A,PEDESTRIAN,SINGLE VEHICLE,SNOW,N/A,DARK LIGHTS ON,NO CONTROLS,UNKNOWN,NONE DETECTED,6D109FD5-78B7-4AE7-B96F-A7C0CA728AFA,PEDESTRIAN,Standing,IN ROADWAY IMPROPERLY,ON ROADWAY NOT AT CROSSWALK,N/A,N/A,Yes,POSSIBLE INJURY,N/A,39.0039,-77.036485,"(39.0039, -77.036485)"
DD5631000L,180033680,Rockville Police Departme,Injury Crash,07/08/2018 09:46:00 AM,Municipality,KERSEY LA,Maryland (State),FALLS RD,,N/A,OTHER PEDALCYCLIST,N/A,N/A,DRY,DAYLIGHT,TRAFFIC SIGNAL,NONE DETECTED,N/A,4B0A05AE-423B-44E5-865D-344E3C12D7C6,OTHER PEDALCYCLIST,Cross/Enter at Intersection,NO IMPROPER ACTIONS,ON ROADWAY AT CROSSWALK,OBEYED PED. SIGNAL,LIGHT CLOTHING,No,POSSIBLE INJURY,MC/BIKE HELMET,39.06682,-77.17404833,"(39.06682, -77.17404833)"
MCP29770009,15023098,Montgomery County Police,Injury Crash,05/14/2015 05:37:00 PM,County,BARRON ST,County,GILBERT PL,,N/A,PEDESTRIAN,OTHER,CLEAR,DRY,DAYLIGHT,N/A,UNKNOWN,N/A,C6E30AB7-57CE-4AA3-AD80-D12856058052,PEDESTRIAN,Playing,DART DASH,ON ROADWAY NOT AT CROSSWALK,UNKNOWN,MIXED CLOTHING,,SUSPECTED MINOR INJURY,N/A,38.99844999,-76.99719787,"(38.99844999, -76.99719787)"
MCP20990004,180004560,Montgomery County Police,Injury Crash,01/26/2018 10:37:00 PM,Maryland (State),GEORGIA AVE,County,PRICE AVE,,N/A,PEDESTRIAN,SINGLE VEHICLE,CLEAR,DRY,DARK LIGHTS ON,N/A,ALCOHOL PRESENT,N/A,D6E30DE0-BA38-426F-97C4-1232D7F5A03E,PEDESTRIAN,Cross/Enter at Intersection,NO IMPROPER ACTIONS,ON ROADWAY AT CROSSWALK,N/A,MIXED CLOTHING,No,SUSPECTED SERIOUS INJURY,N/A,39.04011833,-77.05133833,"(39.04011833, -77.05133833)"
MCP29730031,170507704,Montgomery County Police,Injury Crash,05/14/2017 12:12:00 PM,,,,,ASPEN HILL SHOPPING CENTER - CAPITAL ONE BANK - 13601 CONNECTICUT AVE SILVER SPRING MD 20906,,PEDESTRIAN,OTHER,CLEAR,,DAYLIGHT,NO CONTROLS,NONE DETECTED,NONE DETECTED,5356F370-20A6-4E57-A59A-8D67183D57D3,PEDESTRIAN,Other,NO IMPROPER ACTIONS,OTHER,N/A,MIXED CLOTHING,No,POSSIBLE INJURY,N/A,39.07822411,-77.07972005,"(39.07822411, -77.07972005)"
MCP3051002D,180053703,Montgomery County Police,Injury Crash,10/26/2018 04:29:00 PM,Maryland (State),OLD GEORGETOWN RD,County,CORDELL AVE,,N/A,PEDESTRIAN,OTHER,CLEAR,DRY,DAYLIGHT,NO CONTROLS,NONE DETECTED,NONE DETECTED,7CC39BC0-0B51-48F4-A2F0-67B46AF0E0B9,PEDESTRIAN,Cross/Enter at Intersection,NO IMPROPER ACTIONS,ON ROADWAY AT CROSSWALK,UNKNOWN,MIXED CLOTHING,No,POSSIBLE INJURY,NONE,38.98812833,-77.09979333,"(38.98812833, -77.09979333)"
MCP2969002D,16047820,Montgomery County Police,Injury Crash,09/17/2016 05:46:00 PM,Maryland (State),NEW HAMPSHIRE AVE,Maryland (State),SPENCERVILLE RD,,N/A,BICYCLIST,SAME DIRECTION SIDESWIPE,CLEAR,DRY,DAYLIGHT,N/A,NONE DETECTED,NONE DETECTED,E32E3B27-5B66-4B26-8A28-BD61FCEDE4F2,BICYCLIST,Walking/Riding w/Traffic,DISABLED VEHICLE RELATED,SHOULDER,NO PED. SIGNAL,LIGHT CLOTHING,Yes,POSSIBLE INJURY,NONE,39.11799571,-76.98962733,"(39.11799571, -76.98962733)"
MCP1151005F,16053496,Montgomery County Police,Injury Crash,10/18/2016 08:10:00 AM,Maryland (State),FREDERICK RD,County,RUNNING BROOK DR,,N/A,BICYCLIST,HEAD ON LEFT TURN,CLEAR,DRY,DAYLIGHT,NO CONTROLS,NONE DETECTED,NONE DETECTED,8D15013E-E403-4B1C-9A1F-54AB6996C8EE,BICYCLIST,Walking/Riding w/Traffic,FAILURE TO YIELD RIGHT OF WAY,SHOULDER,N/A,MIXED CLOTHING,Yes,SUSPECTED MINOR INJURY,MC/BIKE HELMET,39.22517167,-77.26275333,"(39.22517167, -77.26275333)"
MCP2635002K,15062211,MONTGOMERY,Injury Crash,12/05/2015 08:11:00 PM,County,OLD BALTIMORE RD,County,COVERED WAGON WAY,,N/A,PEDESTRIAN,SINGLE VEHICLE,CLEAR,DRY,DARK LIGHTS ON,NO CONTROLS,N/A,ALCOHOL CONTRIBUTED,E394E13E-4743-45CC-B7C2-257386EDF7E2,PEDESTRIAN,Walking/Riding w/Traffic,UNKNOWN,ON ROADWAY NOT AT CROSSWALK,N/A,DARK CLOTHING,Yes,SUSPECTED MINOR INJURY,NONE,39.13942667,-77.06134167,"(39.13942667, -77.06134167)"
MCP26860036,190007279,Montgomery County Police,Injury Crash,02/14/2019 06:20:00 PM,Maryland (State),CLOPPER RD,Maryland (State),GREAT SENECA HWY,,N/A,PEDESTRIAN,OTHER,CLEAR,DRY,DARK NO LIGHTS,TRAFFIC SIGNAL,NONE DETECTED,NONE DETECTED,D0B9CB96-13E5-40A5-8F61-5FFD8EE132FE,PEDESTRIAN,Cross/Enter at Intersection,NOT VISIBLE,AT INTERSECTION MARKED CROSSWALK,PED. SIGNAL MALFUNCTION,DARK CLOTHING,No,SUSPECTED MINOR INJURY,NONE,39.15939833,-77.27593,"(39.15939833, -77.27593)"
MCP27910018,15024286,Montgomery County Police,Property Damage Crash,05/20/2015 07:59:00 PM,County,LOCKWOOD DR,Maryland (State),NEW HAMPSHIRE AVE,,N/A,PEDESTRIAN,SINGLE VEHICLE,CLEAR,DRY,DUSK,NO CONTROLS,NONE DETECTED,N/A,0CA28746-DE41-4259-B8C0-113A30351056,PEDESTRIAN,Playing,INATTENTIVE,OTHER,NO PED. SIGNAL,LIGHT CLOTHING,,NO APPARENT INJURY,N/A,39.039405,-76.99220667,"(39.039405, -76.99220667)"
MCP2796001Y,15031558,Montgomery County Police,Injury Crash,06/28/2015 11:20:00 AM,County,BEAVERWOOD LA,County,BEL PRE RD,,N/A,BICYCLIST,STRAIGHT MOVEMENT ANGLE,CLEAR,DRY,DAYLIGHT,TRAFFIC SIGNAL,NONE DETECTED,NONE DETECTED,66DE60E6-C70C-4031-AA14-0E095AD52ACA,BICYCLIST,Walking/Cycling on Sidewalk,FAILURE TO YIELD RIGHT OF WAY,ON ROADWAY AT CROSSWALK,NO PED. SIGNAL,MIXED CLOTHING,,SUSPECTED MINOR INJURY,NONE,39.09046667,-77.05909,"(39.09046667, -77.05909)"
MCP2789003N,170521502,Montgomery County Police,Injury Crash,07/27/2017 05:07:00 PM,County,THAYER AVE,County,MAYOR LA,,N/A,PEDESTRIAN,SINGLE VEHICLE,CLEAR,DRY,DAYLIGHT,NO CONTROLS,N/A,N/A,5E583374-03F8-4A27-82CD-B56A268FE257,PEDESTRIAN,Cross/Enter not at Intersection,NOT VISIBLE,ON ROADWAY NOT AT CROSSWALK,NO PED. SIGNAL,MIXED CLOTHING,Yes,POSSIBLE INJURY,NONE,38.99309167,-77.025915,"(38.99309167, -77.025915)"
MCP3018000Q,170503285,Montgomery County Police,Injury Crash,04/21/2017 07:30:00 AM,County,DALEWOOD DR,County,RANDOLPH RD,,N/A,BICYCLIST,OTHER,CLEAR,DRY,DAYLIGHT,TRAFFIC SIGNAL,UNKNOWN,NONE DETECTED,9696EFA5-CA8E-4E78-941C-5A356FB95516,BICYCLIST,Cross/Enter at Intersection,NO IMPROPER ACTIONS,AT INTERSECTION MARKED CROSSWALK,OBEYED PED. SIGNAL,MIXED CLOTHING,No,SUSPECTED MINOR INJURY,NONE,39.05918226,-77.06915081,"(39.05918226, -77.06915081)"
MCP30750014,180019184,Montgomery County Police,Injury Crash,04/19/2018 04:55:00 PM,Maryland (State),FREDERICK RD,County,GERMANTOWN RD,,N/A,BICYCLIST,OTHER,CLEAR,DRY,DAYLIGHT,TRAFFIC SIGNAL,UNKNOWN,N/A,DFB598CF-5696-48AA-98F6-C472AFE508BE,BICYCLIST,Cross/Enter at Intersection,NO IMPROPER ACTIONS,AT INTERSECTION MARKED CROSSWALK,N/A,LIGHT CLOTHING,No,SUSPECTED MINOR INJURY,UNKNOWN,39.19225194,-77.24285603,"(39.19225194, -77.24285603)"
MCP2546002K,180050432,Montgomery County Police,Injury Crash,10/09/2018 06:56:00 AM,Maryland (State),GEORGIA AVE,County,WENDY LA,,N/A,PEDESTRIAN,ANGLE MEETS RIGHT TURN,CLEAR,DRY,DAWN,NO CONTROLS,NONE DETECTED,NONE DETECTED,95A880DD-055C-46DD-8FA2-4A964917702C,PEDESTRIAN,Standing,NO IMPROPER ACTIONS,SIDEWALK,N/A,UNKNOWN,No,POSSIBLE INJURY,N/A,39.078979,-77.07256,"(39.078979, -77.07256)"
EJ78330028,16045623,Gaithersburg Police Depar,Injury Crash,09/06/2016 06:28:00 PM,Municipality,FALLBROOK ST,Municipality,STERNWHEELER CT,,GAITHERSBURG,PEDESTRIAN,OTHER,CLEAR,DRY,DAYLIGHT,NO CONTROLS,NONE DETECTED,NONE DETECTED,101AD7C5-157E-4F20-90B2-B7C5B20598A7,PEDESTRIAN,Playing,DART DASH,ON ROADWAY NOT AT CROSSWALK,NO PED. SIGNAL,DARK CLOTHING,Yes,SUSPECTED MINOR INJURY,NONE,39.14544,-77.187215,"(39.14544, -77.187215)"
MCP29410021,170515017,Montgomery County Police,Injury Crash,06/21/2017 07:40:00 PM,County,FENTON ST,County,WAYNE AVE,,N/A,PEDESTRIAN,SINGLE VEHICLE,CLEAR,DRY,DAYLIGHT,NO CONTROLS,NONE DETECTED,N/A,8727DA2A-4FC5-4077-BBB6-34062F2AED9A,PEDESTRIAN,Cross/Enter at Intersection,DART DASH,AT INTERSECTION MARKED CROSSWALK,N/A,LIGHT CLOTHING,Unknown,POSSIBLE INJURY,NONE,38.99609445,-77.02474952,"(38.99609445, -77.02474952)"
MCP2789001X,15062188,MONTGOMERY,Property Damage Crash,12/05/2015 05:45:00 PM,US (State),COLESVILLE RD,County,DALE DR,,N/A,PEDESTRIAN,SINGLE VEHICLE,N/A,DRY,DARK LIGHTS ON,TRAFFIC SIGNAL,N/A,N/A,DFDAD423-87DB-4882-9DF9-EEB2CC8707C1,PEDESTRIAN,Cross/Enter at Intersection,NO IMPROPER ACTIONS,ON ROADWAY AT CROSSWALK,OBEYED PED. SIGNAL,MIXED CLOTHING,No,NO APPARENT INJURY,NONE,39.00511833,-77.02262,"(39.00511833, -77.02262)"
MCP2875001R,16013916,MONTGOMERY,Injury Crash,03/21/2016 08:25:00 PM,County,CRYSTAL ROCK DR,County,MIDDLEBROOK RD,,N/A,PEDESTRIAN,OTHER,CLEAR,DRY,DARK LIGHTS ON,TRAFFIC SIGNAL,UNKNOWN,NONE DETECTED,788573A4-D25A-47D5-A48F-314E111B9102,PEDESTRIAN,Cross/Enter at Intersection,NO IMPROPER ACTIONS,SIDEWALK,OBEYED PED. SIGNAL,REFLECTIVE MATERIAL,No,SUSPECTED MINOR INJURY,N/A,39.17714,-77.26406833,"(39.17714, -77.26406833)"
MCP12210020,16007046,Montgomery County Police,Injury Crash,02/11/2016 07:52:00 AM,County,N SUMMIT AVE,Municipality,PARK AVE,,GAITHERSBURG,PEDESTRIAN,SINGLE VEHICLE,CLEAR,DRY,DAYLIGHT,STOP SIGN,NONE DETECTED,NONE DETECTED,362D9FC4-66E0-400D-B969-68BE861B6655,PEDESTRIAN,Cross/Enter at Intersection,NO IMPROPER ACTIONS,ON ROADWAY AT CROSSWALK,NO PED. SIGNAL,MIXED CLOTHING,No,SUSPECTED MINOR INJURY,NONE,39.14581167,-77.192245,"(39.14581167, -77.192245)"
MCP3039003H,190004175,Montgomery County Police,Injury Crash,02/02/2019 08:13:00 PM,Maryland (State),OLD GEORGETOWN RD,Ramp,RAMP 5 FR MD 187 SB TO RAMP 4 (TO IS495),,N/A,BICYCLIST,STRAIGHT MOVEMENT ANGLE,CLEAR,DRY,DARK LIGHTS ON,TRAFFIC SIGNAL,NONE DETECTED,NONE DETECTED,BCDE5E5A-B48A-4322-A771-E96F98364626,BICYCLIST,Cross/Enter at Intersection,IN ROADWAY IMPROPERLY,ON ROADWAY NOT AT CROSSWALK,UNKNOWN,REFLECTIVE MATERIAL,Yes,SUSPECTED MINOR INJURY,MC/BIKE HELMET,39.0151414,-77.11881767,"(39.0151414, -77.11881767)"
MCP2351001G,170534931,Montgomery County Police,Injury Crash,10/05/2017 02:38:00 PM,County,PARKLAWN DR,County,RANDOLPH RD,,N/A,PEDESTRIAN,OTHER,CLEAR,DRY,DAYLIGHT,TRAFFIC SIGNAL,NONE DETECTED,N/A,56D8D182-0807-42B3-96CD-69B3A9B11A3D,PEDESTRIAN,Cross/Enter at Intersection,N/A,AT INTERSECTION MARKED CROSSWALK,N/A,N/A,No,POSSIBLE INJURY,OTHER,39.06397,-77.117405,"(39.06397, -77.117405)"