Report Number,Local Case Number,Agency Name,ACRS Report Type,Crash Date/Time,Route Type,Road Name,Cross-Street Type,Cross-Street Name,Off-Road Description,Municipality,Related Non-Motorist,Collision Type,Weather,Surface Condition,Light,Traffic Control,Driver Substance Abuse,Non-Motorist Substance Abuse,Person ID,Pedestrian Type,Pedestrian Movement,Pedestrian Actions,Pedestrian Location,Pedestrian Obeyed Traffic Signal,Pedestrian Visibility,At Fault,Injury Severity,Safety Equipment,Latitude,Longitude,Location
MCP2396001T,16064162,Montgomery County Police,Injury Crash,12/14/2016 01:27:00 PM,,,,,"IN DRIVEWAY OF 13118 HATHAWAY DRIVE, SILVER SPRING, MD 20906",,PEDESTRIAN,OTHER,CLEAR,,DAYLIGHT,NO CONTROLS,NONE DETECTED,NONE DETECTED,79610F54-96FC-4DF0-BA4E-C0BD0DAF65B8,PEDESTRIAN,Playing,NOT VISIBLE,OTHER,N/A,MIXED CLOTHING,Yes,SUSPECTED MINOR INJURY,NONE,39.0711569,-77.05742687,"(39.0711569, -77.05742687)"
MCP28890030,180001031,Montgomery County Police,Injury Crash,01/07/2018 06:50:00 PM,County,ANDREW ST,Maryland (State),VEIRS MILL RD,,N/A,PEDESTRIAN,SINGLE VEHICLE,N/A,DRY,DARK LIGHTS ON,N/A,NONE DETECTED,NONE DETECTED,C8211FC8-607A-486B-A1B0-7AE6C9AED9A9,PEDESTRIAN,Cross/Enter not at Intersection,ENTERING EXITING PARKED STANDING VEHICLE,ON ROADWAY NOT AT CROSSWALK,NO PED. SIGNAL,DARK CLOTHING,No,POSSIBLE INJURY,N/A,39.05079333,-77.07105,"(39.05079333, -77.07105)"
MCP30480056,190023306,Montgomery County Police,Injury Crash,05/17/2019 11:14:00 AM,County,MADISON ST,County,ANDERSON RD,,N/A,"OTHER, PEDESTRIAN",OTHER,CLOUDY,DRY,DAYLIGHT,NO CONTROLS,N/A,N/A,AA0C6665-C0DA-4C32-A388-547F3C0C8E95,OTHER,Other,N/A,N/A,N/A,N/A,No,NO APPARENT INJURY,N/A,39.03666667,-77.07016333,"(39.03666667, -77.07016333)"
MCP2231001J,15059475,MONTGOMERY,Injury Crash,11/21/2015 08:20:00 AM,Maryland (State),BRADLEY BLVD,County,HOWELL RD,,N/A,PEDESTRIAN,SAME DIR REAR END,CLEAR,DRY,DAYLIGHT,NO CONTROLS,NONE DETECTED,NONE DETECTED,D38A91E8-A45A-4D26-80AA-F32424F6713B,PEDESTRIAN,Other Working,NO IMPROPER ACTIONS,SHOULDER,NO PED. SIGNAL,REFLECTIVE MATERIAL,No,SUSPECTED MINOR INJURY,REFLECTIVE CLOTHING,38.99733333,-77.13142833,"(38.99733333, -77.13142833)"
MCP28820028,180037034,Montgomery County Police,Injury Crash,07/27/2018 03:20:00 PM,County,GERMANTOWN RD,Unknown,SHAKESPEARE BLVD,,N/A,BICYCLIST,SINGLE VEHICLE,CLEAR,DRY,DAYLIGHT,TRAFFIC SIGNAL,NONE DETECTED,NONE DETECTED,9BF24F9C-1863-49CC-B0F8-5B26FCD77776,BICYCLIST,Walking/Riding w/Traffic,NO IMPROPER ACTIONS,ON ROADWAY AT CROSSWALK,OBEYED PED. SIGNAL,DARK CLOTHING,No,SUSPECTED MINOR INJURY,NONE,39.18853496,-77.25182667,"(39.18853496, -77.25182667)"
MCP1182000J,15028164,Montgomery County Police,Injury Crash,06/10/2015 12:53:00 PM,County,HUNTINGTON PKWY,Maryland (State),OLD GEORGETOWN RD,,N/A,BICYCLIST,OTHER,CLEAR,DRY,DAYLIGHT,TRAFFIC SIGNAL,NONE DETECTED,NONE DETECTED,D764AD8E-1B2D-426C-8FD4-2DBD5A87BEBC,BICYCLIST,Cross/Enter at Intersection,NO IMPROPER ACTIONS,AT INTERSECTION MARKED CROSSWALK,OBEYED PED. SIGNAL,N/A,,SUSPECTED SERIOUS INJURY,NONE,39.00436333,-77.11007667,"(39.00436333, -77.11007667)"
DD56280015,180052350,Rockville Police Departme,Injury Crash,10/19/2018 10:45:00 AM,Maryland (State),FREDERICK RD,Municipality,RIDGEMONT AVE,,ROCKVILLE,OTHER,ANGLE MEETS LEFT TURN,CLEAR,DRY,DAYLIGHT,TRAFFIC SIGNAL,NONE DETECTED,N/A,DE5CB616-5780-488F-AA94-F70828E3A67F,OTHER,N/A,NO IMPROPER ACTIONS,N/A,N/A,N/A,No,NO APPARENT INJURY,N/A,39.11906755,-77.17191204,"(39.11906755, -77.17191204)"
MCP2608001Q,16060615,Montgomery County Police,Injury Crash,11/25/2016 06:39:00 PM,US (State),GEORGIA AVE,County,KING ST,,N/A,PEDESTRIAN,STRAIGHT MOVEMENT ANGLE,CLEAR,DRY,DARK LIGHTS ON,NO CONTROLS,NONE DETECTED,NONE DETECTED,42B0165A-75A6-4C51-BD24-105086CC16F1,PEDESTRIAN,Cross/Enter not at Intersection,NO IMPROPER ACTIONS,ON ROADWAY NOT AT CROSSWALK,NO PED. SIGNAL,MIXED CLOTHING,Yes,POSSIBLE INJURY,N/A,38.98569167,-77.02673833,"(38.98569167, -77.02673833)"
MCP2565004G,170516450,Montgomery County Police,Injury Crash,06/29/2017 03:37:00 PM,Maryland (State),MONTGOMERY AVE,County,PEARL ST,,N/A,PEDESTRIAN,STRAIGHT MOVEMENT ANGLE,CLEAR,DRY,DAYLIGHT,NO CONTROLS,NONE DETECTED,NONE DETECTED,15886DF1-3371-4749-A017-CCFB6259BBE7,PEDESTRIAN,Walking/Cycling on Sidewalk,NO IMPROPER ACTIONS,OTHER,NO PED. SIGNAL,LIGHT CLOTHING,No,POSSIBLE INJURY,NONE,38.98397573,-77.09136084,"(38.98397573, -77.09136084)"
MCP27490019,16036191,Montgomery County Police,Injury Crash,07/17/2016 12:15:00 PM,,,,,IFO 13428 NEW HAMPSHIRE AVE,,OTHER,SAME DIR REAR END,CLEAR,,DAYLIGHT,NO CONTROLS,NONE DETECTED,N/A,A71D1F0C-8CA1-40CB-9417-85D39D3E8799,OTHER,Other,NO IMPROPER ACTIONS,INSIDE BUILDING,OTHER,N/A,No,POSSIBLE INJURY,N/A,39.111685,-76.99486167,"(39.111685, -76.99486167)"
MCP2353006T,190013243,Montgomery County Police,Injury Crash,03/22/2019 03:16:00 PM,,,,,PARKING LOT OF WILDWOOD SHOPPING CENTER,,PEDESTRIAN,SINGLE VEHICLE,CLOUDY,,DAYLIGHT,NO CONTROLS,NONE DETECTED,NONE DETECTED,3470886E-39CD-4AF0-AE3F-542590420CAE,PEDESTRIAN,Other,NO IMPROPER ACTIONS,OTHER,N/A,MIXED CLOTHING,No,SUSPECTED MINOR INJURY,NONE,39.02425167,-77.12442,"(39.02425167, -77.12442)"
EJ77470015,15030436,Gaithersburg Police Depar,Injury Crash,06/22/2015 12:45:00 PM,Municipality,CHESTERTOWN ST,Municipality,LITTLE QUARRY RD,,GAITHERSBURG,PEDESTRIAN,HEAD ON LEFT TURN,N/A,DRY,DAYLIGHT,NO CONTROLS,NONE DETECTED,NONE DETECTED,3CB1A0A3-365E-4869-8F36-50239E572364,PEDESTRIAN,Cross/Enter not at Intersection,N/A,ON ROADWAY NOT AT CROSSWALK,NO PED. SIGNAL,LIGHT CLOTHING,,POSSIBLE INJURY,N/A,39.123305,-77.24685333,"(39.123305, -77.24685333)"
DD5586000H,15005024,Rockville Police Departme,Injury Crash,01/31/2015 01:40:00 PM,,,,,865 Rockville Pike,,PEDESTRIAN,SINGLE VEHICLE,CLEAR,,DAYLIGHT,NO CONTROLS,NONE DETECTED,NONE DETECTED,C5D2F2C6-F00A-4078-8D98-9EF0FF1DAF92,PEDESTRIAN,Cross/Enter at Intersection,INATTENTIVE,AT INTERSECTION MARKED CROSSWALK,OTHER,LIGHT CLOTHING,,SUSPECTED MINOR INJURY,N/A,39.07357761,-77.14599609,"(39.07357761, -77.14599609)"
MCP31120020,190015524,Montgomery County Police,Injury Crash,04/03/2019 08:00:00 PM,Maryland (State),WISCONSIN AVE,County,WOODMONT AVE,,N/A,PEDESTRIAN,OTHER,CLEAR,DRY,DARK LIGHTS ON,TRAFFIC SIGNAL,NONE DETECTED,NONE DETECTED,2D6FCF2F-385D-4ECC-89D3-5691D091407B,PEDESTRIAN,Cross/Enter at Intersection,NO IMPROPER ACTIONS,AT INTERSECTION MARKED CROSSWALK,OBEYED PED. SIGNAL,MIXED CLOTHING,No,SUSPECTED SERIOUS INJURY,N/A,38.98028117,-77.09220217,"(38.98028117, -77.09220217)"
MCP137800NB,180054452,Montgomery County Police,Injury Crash,10/30/2018 07:09:00 PM,County,SHADY GROVE RD,County,EPSILON DR,,N/A,PEDESTRIAN,OTHER,CLEAR,DRY,DARK LIGHTS ON,TRAFFIC SIGNAL,NONE DETECTED,NONE DETECTED,E26894B9-C9E3-41A3-990D-C76180634102,PEDESTRIAN,Cross/Enter at Intersection,IN ROADWAY IMPROPERLY,ON ROADWAY AT CROSSWALK,DISOBEYED PED. SIGNAL,DARK CLOTHING,Yes,SUSPECTED SERIOUS INJURY,N/A,39.138375,-77.15363833,"(39.138375, -77.15363833)"
DD56330008,180042427,Rockville Police Departme,Injury Crash,08/24/2018 06:30:00 PM,Maryland (State),ROCKVILLE PIKE,Municipality,EDMONSTON DR,,ROCKVILLE,BICYCLIST,SINGLE VEHICLE,CLEAR,DRY,DAYLIGHT,N/A,NONE DETECTED,NONE DETECTED,C3854796-FCC9-4E06-A737-2D9A7F59B62F,BICYCLIST,Walking/Cycling on Sidewalk,NO IMPROPER ACTIONS,SIDEWALK,NO PED. SIGNAL,MIXED CLOTHING,No,SUSPECTED MINOR INJURY,NONE,39.0739245,-77.134849,"(39.0739245, -77.134849)"
MCP2353002Q,16021980,Montgomery County Police,Injury Crash,05/04/2016 07:24:00 AM,Maryland (State),OLD GEORGETOWN RD,County,COMMERCE LA,,N/A,PEDESTRIAN,SINGLE VEHICLE,CLOUDY,DRY,DAYLIGHT,TRAFFIC SIGNAL,NONE DETECTED,NONE DETECTED,A94562CC-4D55-4112-972A-317A5D53AC2A,PEDESTRIAN,Cross/Enter at Intersection,NO IMPROPER ACTIONS,ON ROADWAY AT CROSSWALK,OBEYED PED. SIGNAL,DARK CLOTHING,No,POSSIBLE INJURY,NONE,38.98552833,-77.095945,"(38.98552833, -77.095945)"
MCP2719000P,15052179,MONTGOMERY,Injury Crash,10/14/2015 03:38:00 PM,County,KERSEY RD,County,MONTICELLO AVE,,N/A,BICYCLIST,STRAIGHT MOVEMENT ANGLE,CLEAR,DRY,DAYLIGHT,STOP SIGN,NONE DETECTED,N/A,69B28BFC-74D6-4F69-99AA-584F8A0F82E5,BICYCLIST,Cross/Enter at Intersection,FAILURE TO YIELD RIGHT OF WAY,ON ROADWAY NOT AT CROSSWALK,N/A,LIGHT CLOTHING,Yes,SUSPECTED MINOR INJURY,MC/BIKE HELMET,39.04408,-77.02973833,"(39.04408, -77.02973833)"
MCP27650028,16023211,Montgomery County Police,Injury Crash,05/10/2016 04:18:00 PM,County,GAITHER RD,County,SHADY GROVE RD,,N/A,PEDESTRIAN,SINGLE VEHICLE,CLEAR,DRY,DAYLIGHT,TRAFFIC SIGNAL,NONE DETECTED,NONE DETECTED,7E883F1D-BB67-44B2-822C-B3F722888199,PEDESTRIAN,Cross/Enter at Intersection,DART DASH,ON ROADWAY AT CROSSWALK,OBEYED PED. SIGNAL,LIGHT CLOTHING,No,POSSIBLE INJURY,NONE,39.11387,-77.18640833,"(39.11387, -77.18640833)"
MCP29870025,170527293,Montgomery County Police,Injury Crash,08/28/2017 10:15:00 AM,Maryland (State),PINEY BRANCH RD,Maryland (State),UNIVERSITY BLVD E,,N/A,PEDESTRIAN,STRAIGHT MOVEMENT ANGLE,CLEAR,DRY,DAYLIGHT,TRAFFIC SIGNAL,NONE DETECTED,NONE DETECTED,C36BE405-9965-4065-A823-44C1E95C4AB9,PEDESTRIAN,Cross/Enter at Intersection,NO IMPROPER ACTIONS,ON ROADWAY AT CROSSWALK,OBEYED PED. SIGNAL,MIXED CLOTHING,No,SUSPECTED MINOR INJURY,NONE,39.00000833,-76.99481667,"(39.00000833, -76.99481667)"
MCP2201000C,15010254,Montgomery County Police,Injury Crash,03/04/2015 08:21:00 PM,County,WAYNE AVE,County,DIXON AVE,,N/A,PEDESTRIAN,STRAIGHT MOVEMENT ANGLE,WINTRY MIX,WET,DARK LIGHTS ON,TRAFFIC SIGNAL,NONE DETECTED,NONE DETECTED,8F5516C3-46D0-4287-B4D2-EA40A30D1BCB,PEDESTRIAN,Cross/Enter not at Intersection,DART DASH,ON ROADWAY NOT AT CROSSWALK,OTHER,DARK CLOTHING,,POSSIBLE INJURY,NONE,38.99446429,-77.02791452,"(38.99446429, -77.02791452)"
MCP2693001J,16035531,Montgomery County Police,Injury Crash,07/13/2016 07:24:00 PM,Maryland (State),VEIRS MILL RD,County,TURKEY BRANCH PKWY,,N/A,BICYCLIST,SINGLE VEHICLE,CLEAR,DRY,DAYLIGHT,FLASHING TRAFFIC SIGNAL,NONE DETECTED,NONE DETECTED,DEE2087C-DE6F-4929-9659-1807B648A159,BICYCLIST,Cross/Enter at Intersection,N/A,ON ROADWAY AT CROSSWALK,NO PED. SIGNAL,MIXED CLOTHING,No,POSSIBLE INJURY,NONE,39.06003,-77.08921167,"(39.06003, -77.08921167)"
MCP28680027,17005637,Montgomery County Police,Injury Crash,02/01/2017 05:31:00 PM,County,WAVERLY ST,Maryland (State),MONTGOMERY AVE,,N/A,PEDESTRIAN,SINGLE VEHICLE,CLEAR,DRY,DUSK,TRAFFIC SIGNAL,NONE DETECTED,N/A,3C6E83EC-F36F-4E02-A86F-0CF79C7EA835,PEDESTRIAN,Cross/Enter at Intersection,NO IMPROPER ACTIONS,ON ROADWAY AT CROSSWALK,OBEYED PED. SIGNAL,MIXED CLOTHING,No,SUSPECTED MINOR INJURY,NONE,38.98410167,-77.09234333,"(38.98410167, -77.09234333)"
MCP9130001K,15045701,MONTGOMERY,Injury Crash,09/10/2015 08:30:00 AM,,,,,"Driveway/Sidewalk in front of 8436 10th Avenue Silver Spring, MD 20903",,PEDESTRIAN,SINGLE VEHICLE,CLEAR,,DAYLIGHT,NO CONTROLS,NONE DETECTED,NONE DETECTED,640E696F-53E0-428C-8E98-FA222D1007C9,PEDESTRIAN,Walking to/from school,NO IMPROPER ACTIONS,SIDEWALK,N/A,LIGHT CLOTHING,No,SUSPECTED MINOR INJURY,NONE,38.99539167,-76.99128333,"(38.99539167, -76.99128333)"
MCP2665001Y,17010766,Montgomery County Police,Injury Crash,02/28/2017 06:39:00 PM,County,GROSVENOR LA,Unknown,BEGIN BRIDGE,,N/A,BICYCLIST,SAME DIR REAR END,RAINING,WET,DARK LIGHTS ON,NO CONTROLS,N/A,N/A,A273D197-92B5-4361-B8D8-D322647CB970,BICYCLIST,Walking/Riding w/Traffic,NOT VISIBLE,OTHER,N/A,DARK CLOTHING,No,SUSPECTED MINOR INJURY,MC/BIKE HELMET,39.02257,-77.10677167,"(39.02257, -77.10677167)"
MCP3003002C,180043072,Montgomery County Police,Injury Crash,08/29/2018 03:20:00 PM,Maryland (State),OLD GEORGETOWN RD,Government,SOUTH DR,,N/A,BICYCLIST,STRAIGHT MOVEMENT ANGLE,CLEAR,DRY,DAYLIGHT,TRAFFIC SIGNAL,NONE DETECTED,NONE DETECTED,95F9BC01-F4A0-4BAA-BFC2-6C3177DBEF56,BICYCLIST,Cross/Enter at Intersection,FAILURE TO YIELD RIGHT OF WAY,AT INTERSECTION MARKED CROSSWALK,DISOBEYED PED. SIGNAL,MIXED CLOTHING,Yes,SUSPECTED MINOR INJURY,NONE,39.00013192,-77.10936389,"(39.00013192, -77.10936389)"
MCP229800FY,170535645,Montgomery County Police,Injury Crash,10/09/2017 01:52:00 PM,,,,,PARKING LOT OF 20906A FREDERICK ROAD,,PEDESTRIAN,OTHER,CLEAR,,DAYLIGHT,NO CONTROLS,NONE DETECTED,NONE DETECTED,6691EB75-8181-4FA7-8D73-2C6DD1F26123,PEDESTRIAN,Other,NO IMPROPER ACTIONS,AT INTERSECTION MARKED CROSSWALK,N/A,LIGHT CLOTHING,No,POSSIBLE INJURY,N/A,39.19894667,-77.247715,"(39.19894667, -77.247715)"
MCP28720014,15053386,MONTGOMERY,Injury Crash,10/21/2015 09:05:00 AM,County,CONTOUR RD,County,HORIZON RUN RD,,N/A,PEDESTRIAN,SINGLE VEHICLE,N/A,DRY,DAYLIGHT,N/A,NONE DETECTED,NONE DETECTED,9B5229AA-EB24-45BC-9392-E56D311F1BF5,PEDESTRIAN,Cross/Enter not at Intersection,FAILURE TO YIELD RIGHT OF WAY,ON ROADWAY NOT AT CROSSWALK,NO PED. SIGNAL,MIXED CLOTHING,Yes,POSSIBLE INJURY,NONE,39.15546333,-77.19744,"(39.15546333, -77.19744)"
MCP2889001R,16050824,Montgomery County Police,Injury Crash,10/03/2016 07:34:00 PM,Maryland (State),UNIVERSITY BLVD W,County,DENNIS AVE,,N/A,PEDESTRIAN,SINGLE VEHICLE,CLEAR,DRY,DARK LIGHTS ON,TRAFFIC SIGNAL,NONE DETECTED,NONE DETECTED,0704770D-C149-476A-A7BB-2F64B3F71D37,PEDESTRIAN,Cross/Enter at Intersection,NO IMPROPER ACTIONS,ON ROADWAY AT CROSSWALK,OBEYED PED. SIGNAL,DARK CLOTHING,No,POSSIBLE INJURY,NONE,39.026315,-77.02019833,"(39.026315, -77.02019833)"
MCP2813002P,16052130,Montgomery County Police,Injury Crash,10/10/2016 04:54:00 PM,,,,,PARKING LOT OF 2601 UNIVERSITY BLVD W,,PEDESTRIAN,SINGLE VEHICLE,CLEAR,,DAYLIGHT,NO CONTROLS,N/A,N/A,EEF37EEF-F125-4F7F-B3E2-4C8702AEF5AF,PEDESTRIAN,Walking/Riding w/Traffic,NO IMPROPER ACTIONS,SIDEWALK,N/A,LIGHT CLOTHING,No,POSSIBLE INJURY,NONE,39.04161333,-77.05368,"(39.04161333, -77.05368)"
MCP23530036,16059188,Montgomery County Police,Injury Crash,11/17/2016 10:05:00 AM,Maryland (State),ROCKVILLE PIKE,County,EDSON LA,,N/A,PEDESTRIAN,SINGLE VEHICLE,N/A,DRY,DAYLIGHT,PERSON,NONE DETECTED,NONE DETECTED,64AFB968-E313-4409-8DDF-93DFA53AF9BF,PEDESTRIAN,Cross/Enter at Intersection,NO IMPROPER ACTIONS,ON ROADWAY AT CROSSWALK,OBEYED PED. SIGNAL,LIGHT CLOTHING,No,POSSIBLE INJURY,NONE,39.04076833,-77.10961167,"(39.04076833, -77.10961167)"
MCP9419000X,16063681,Montgomery County Police,Injury Crash,12/12/2016 06:25:00 AM,County,REDLAND RD,Other Public Roadway,SOMERVILLE DR,,N/A,PEDESTRIAN,N/A,RAINING,WET,DARK LIGHTS ON,TRAFFIC SIGNAL,NONE DETECTED,NONE DETECTED,F3CCC322-0872-4E56-81E4-55D1B68E4B11,PEDESTRIAN,Cross/Enter at Intersection,UNKNOWN,AT INTERSECTION MARKED CROSSWALK,UNKNOWN,DARK CLOTHING,Unknown,SUSPECTED MINOR INJURY,N/A,39.11713418,-77.164675,"(39.11713418, -77.164675)"
MCP30210023,170545809,Montgomery County Police,Injury Crash,11/30/2017 02:30:00 PM,,,,,12000 CHERRY HILL   IFO TARGET STORE,,PEDESTRIAN,SINGLE VEHICLE,CLEAR,,DAYLIGHT,N/A,N/A,NONE DETECTED,579DC028-890B-4CCD-A39A-872901ECFC12,PEDESTRIAN,Standing,NO IMPROPER ACTIONS,N/A,N/A,DARK CLOTHING,No,POSSIBLE INJURY,NONE,39.052325,-76.95627,"(39.052325, -76.95627)"
MCP3021003W,180065216,Montgomery County Police,Injury Crash,12/30/2018 02:50:00 PM,,,,,PARKING LOT OF SEARS ROEBUCK   11255 NEW HAMPSHIRE AVE,,PEDESTRIAN,OTHER,N/A,,DAYLIGHT,N/A,NONE DETECTED,NONE DETECTED,09EEA5D1-EC87-4D4C-AB85-5C2DB587D512,PEDESTRIAN,Standing,NO IMPROPER ACTIONS,OTHER,NO PED. SIGNAL,MIXED CLOTHING,No,SUSPECTED SERIOUS INJURY,NONE,39.04206333,-76.989115,"(39.04206333, -76.989115)"
MCP28300019,15006537,Montgomery County Police,Injury Crash,02/09/2015 11:19:00 AM,County,GLENALLAN AVE,County,RANDOLPH RD,,N/A,PEDESTRIAN,OTHER,CLOUDY,DRY,OTHER,TRAFFIC SIGNAL,NONE DETECTED,NONE DETECTED,3BAFF79E-39D1-41F0-8642-AA55404320E8,PEDESTRIAN,Cross/Enter at Intersection,NO IMPROPER ACTIONS,ON ROADWAY AT CROSSWALK,OBEYED PED. SIGNAL,N/A,,POSSIBLE INJURY,NONE,39.06076833,-77.04522833,"(39.06076833, -77.04522833)"
HA2386000G,1900984,Maryland-National Capital,Injury Crash,04/29/2019 02:40:00 PM,Government,BEACH DR,Unknown,CROSSOVER TO GV 48 - NO NAME,,N/A,BICYCLIST,HEAD ON LEFT TURN,CLEAR,DRY,DAYLIGHT,STOP SIGN,N/A,N/A,526B3C42-0A3D-40C6-B313-0C37C308F113,BICYCLIST,Cross/Enter at Intersection,NO IMPROPER ACTIONS,AT INTERSECTION BUT NO CROSSWALK,N/A,LIGHT CLOTHING,No,POSSIBLE INJURY,MC/BIKE HELMET,39.02197725,-77.10193154,"(39.02197725, -77.10193154)"
MCP2931000T,15059747,MONTGOMERY,Injury Crash,11/22/2015 08:05:00 PM,,,,,Exit heading onto southbound Rockville Pike from Congressional Plaza,,PEDESTRIAN,OTHER,CLEAR,,DARK LIGHTS ON,N/A,N/A,N/A,EBB16B67-3116-4FD2-A02D-F98C7B15CB8D,PEDESTRIAN,Standing,NO IMPROPER ACTIONS,MEDIAN,N/A,MIXED CLOTHING,No,SUSPECTED MINOR INJURY,N/A,39.065325,-77.12755667,"(39.065325, -77.12755667)"
MCP2031001J,180039341,Montgomery County Police,Property Damage Crash,08/08/2018 12:21:00 PM,Maryland (State),RIDGE RD,Other Public Roadway,SUNSET DR,,N/A,OTHER,SAME DIR REAR END,N/A,DRY,DAYLIGHT,NO CONTROLS,NONE DETECTED,NONE DETECTED,28D3746F-FBE2-4780-819E-49935BE99492,OTHER,Other Working,NO IMPROPER ACTIONS,OTHER,N/A,LIGHT CLOTHING,No,NO APPARENT INJURY,NONE,39.277808,-77.21266783,"(39.277808, -77.21266783)"
MCP28700023,16066832,Montgomery County Police,Injury Crash,12/28/2016 07:00:00 PM,Maryland (State),NEW HAMPSHIRE AVE,County,POWDER MILL RD,,N/A,PEDESTRIAN,SINGLE VEHICLE,CLEAR,DRY,DARK LIGHTS ON,NO CONTROLS,NONE DETECTED,ALCOHOL PRESENT,6A3F019F-499B-48A6-9F0E-1C950FB3758E,PEDESTRIAN,Walking/Cycling on Sidewalk,NO IMPROPER ACTIONS,SIDEWALK,NO PED. SIGNAL,DARK CLOTHING,No,SUSPECTED MINOR INJURY,NONE,39.02323333,-76.97833667,"(39.02323333, -76.97833667)"
MCP1064006G,170532114,Montgomery County Police,Injury Crash,09/22/2017 08:48:00 AM,County,OLD COLUMBIA PIKE,County,PERRYWOOD DR,,N/A,PEDESTRIAN,OTHER,CLOUDY,DRY,DAYLIGHT,N/A,N/A,N/A,6EA74B2E-DE15-4265-A093-D27E2D955ACE,PEDESTRIAN,Cross/Enter not at Intersection,IN ROADWAY IMPROPERLY,ON ROADWAY NOT AT CROSSWALK,N/A,MIXED CLOTHING,Yes,POSSIBLE INJURY,N/A,39.09638,-76.947085,"(39.09638, -76.947085)"
MCP2777004C,180006738,Montgomery County Police,Injury Crash,02/08/2018 06:32:00 PM,County,WOODMONT AVE,County,LELAND ST,,N/A,PEDESTRIAN,OTHER,CLEAR,DRY,DARK LIGHTS ON,NO CONTROLS,NONE DETECTED,NONE DETECTED,2BDE1849-F487-4AE9-A4A4-63A243CE1848,PEDESTRIAN,Cross/Enter not at Intersection,NO IMPROPER ACTIONS,MIDBLOCK MARKED CROSSWALK,NO PED. SIGNAL,DARK CLOTHING,No,SUSPECTED MINOR INJURY,NONE,38.98009667,-77.093525,"(38.98009667, -77.093525)"
MCP2563000N,170541530,Montgomery County Police,Injury Crash,11/07/2017 05:26:00 PM,Municipality,N WASHINGTON ST,Municipality,DAWSON AVE,,ROCKVILLE,PEDESTRIAN,SINGLE VEHICLE,RAINING,WET,DARK LIGHTS ON,TRAFFIC SIGNAL,NONE DETECTED,UNKNOWN,0FD4F99F-8384-45E5-868F-F9F8CA3158F5,PEDESTRIAN,Unknown,UNKNOWN,UNKNOWN,UNKNOWN,DARK CLOTHING,Unknown,SUSPECTED SERIOUS INJURY,NONE,39.08860969,-77.15370074,"(39.08860969, -77.15370074)"
MCP3140000W,190006174,Montgomery County Police,Injury Crash,02/07/2019 10:12:00 PM,,,,,"PARKING LOT IN FRONT OF 8038 INVERNESS RIDGE ROAD, POTOMAC, MD 20854",,OTHER,OTHER,FOGGY,,DARK LIGHTS ON,N/A,N/A,N/A,24BDCE09-380C-4E2C-B011-028BBEA38667,OTHER,Other,NO IMPROPER ACTIONS,OTHER,N/A,DARK CLOTHING,No,POSSIBLE INJURY,N/A,39.03020159,-77.16341202,"(39.03020159, -77.16341202)"
MCP1128003Y,15024362,Montgomery County Police,Injury Crash,05/21/2015 08:32:00 AM,,,,,PARKING LOT OF 8600 OLD GEORGETOWN RD SUBURBAN HOSPITAL,,PEDESTRIAN,OTHER,CLOUDY,,DAYLIGHT,NO CONTROLS,NONE DETECTED,N/A,0FC83401-D3C2-4C11-B04B-9CCC414E1557,PEDESTRIAN,Standing,NO IMPROPER ACTIONS,OTHER,N/A,LIGHT CLOTHING,,SUSPECTED MINOR INJURY,N/A,38.99807167,-77.10923667,"(38.99807167, -77.10923667)"
MCP27660032,17003170,Montgomery County Police,Injury Crash,01/18/2017 08:57:00 AM,,,,,ENTRANCE TO WENDY'S PARKING LOT LOCATED AT 14012 CONNECTICUT AVE,,PEDESTRIAN,STRAIGHT MOVEMENT ANGLE,CLEAR,,DARK LIGHTS ON,NO CONTROLS,NONE DETECTED,NONE DETECTED,8B0BF75F-2DEF-46AD-8C0F-9C1A230D1B4E,PEDESTRIAN,Walking/Cycling on Sidewalk,NO IMPROPER ACTIONS,SIDEWALK,NO PED. SIGNAL,MIXED CLOTHING,No,POSSIBLE INJURY,NONE,39.08450333,-77.07663833,"(39.08450333, -77.07663833)"
MCP10640068,170526607,Montgomery County Police,Injury Crash,08/24/2017 12:37:00 PM,Maryland (State),NEW HAMPSHIRE AVE,County,SHERBROOK DR,,N/A,OTHER,SAME DIRECTION SIDESWIPE,CLOUDY,DRY,DAYLIGHT,N/A,N/A,N/A,90F7FE5F-AA7E-4641-BC7F-12F80898ADA0,OTHER,Other Working,OTHER,ON ROADWAY NOT AT CROSSWALK,N/A,REFLECTIVE MATERIAL,No,POSSIBLE INJURY,REFLECTIVE CLOTHING,39.17845167,-77.13753667,"(39.17845167, -77.13753667)"
MCP2831001K,16053095,Montgomery County Police,Injury Crash,10/15/2016 08:26:00 PM,,WHITE SADDLE DRIVE,,MIDDLEBROOK ROAD,,N/A,PEDESTRIAN,SINGLE VEHICLE,CLEAR,DRY,DARK LIGHTS ON,NO CONTROLS,N/A,NONE DETECTED,83336781-F456-4499-8ABB-AA6DA81DAA92,PEDESTRIAN,Playing,DART DASH,ON ROADWAY NOT AT CROSSWALK,NO PED. SIGNAL,DARK CLOTHING,Yes,POSSIBLE INJURY,NONE,39.17671833,-77.25850667,"(39.17671833, -77.25850667)"