Report Number,Local Case Number,Agency Name,ACRS Report Type,Crash Date/Time,Route Type,Road Name,Cross-Street Type,Cross-Street Name,Off-Road Description,Municipality,Related Non-Motorist,Collision Type,Weather,Surface Condition,Light,Traffic Control,Driver Substance Abuse,Non-Motorist Substance Abuse,Person ID,Pedestrian Type,Pedestrian Movement,Pedestrian Actions,Pedestrian Location,Pedestrian Obeyed Traffic Signal,Pedestrian Visibility,At Fault,Injury Severity,Safety Equipment,Latitude,Longitude,Location
EJ7836001N,180047643,Gaithersburg Police Depar,Injury Crash,09/24/2018 08:10:00 AM,Municipality,FIRSTFIELD RD,Maryland (State),CLOPPER RD,,N/A,PEDESTRIAN,OTHER,RAINING,WET,DAWN,TRAFFIC SIGNAL,NONE DETECTED,N/A,80C083A3-1D93-45F9-A7F1-DF4947392B4D,PEDESTRIAN,Walking/Cycling on Sidewalk,N/A,AT INTERSECTION MARKED CROSSWALK,OBEYED PED. SIGNAL,MIXED CLOTHING,No,SUSPECTED MINOR INJURY,N/A,39.14378833,-77.223575,"(39.14378833, -77.223575)"
MCP2936001Y,170531382,Montgomery County Police,Injury Crash,09/18/2017 08:01:00 PM,Maryland (State),16TH ST,Maryland (State),EAST WEST HWY,,N/A,PEDESTRIAN,SINGLE VEHICLE,CLEAR,DRY,DARK LIGHTS ON,TRAFFIC SIGNAL,NONE DETECTED,NONE DETECTED,B1780165-5008-40EF-A4AE-E6F734D03C5B,PEDESTRIAN,Cross/Enter at Intersection,NO IMPROPER ACTIONS,ON ROADWAY AT CROSSWALK,OBEYED PED. SIGNAL,N/A,No,SUSPECTED SERIOUS INJURY,N/A,38.99465667,-77.036715,"(38.99465667, -77.036715)"
MCP2751000M,15028831,MONTGOMERY,Injury Crash,06/13/2015 05:26:00 PM,County,BEL PRE RD,County,CONNECTICUT AVE,,N/A,PEDESTRIAN,OTHER,CLEAR,DRY,DAYLIGHT,STOP SIGN,NONE DETECTED,NONE DETECTED,7B823234-906A-48C6-A1FD-BDBB8BA06A69,PEDESTRIAN,Cross/Enter at Intersection,NO IMPROPER ACTIONS,ON ROADWAY AT CROSSWALK,NO PED. SIGNAL,DARK CLOTHING,No,POSSIBLE INJURY,NONE,39.091445,-77.06944167,"(39.091445, -77.06944167)"
MCP3164001J,190019146,Montgomery County Police,Injury Crash,04/24/2019 07:00:00 AM,Maryland (State),VEIRS MILL RD,County,NEWPORT MILL RD,,N/A,PEDESTRIAN,HEAD ON LEFT TURN,CLEAR,DRY,DAYLIGHT,TRAFFIC SIGNAL,N/A,N/A,F6A53DF0-C986-433E-99A8-BB5900666264,PEDESTRIAN,Cross/Enter at Intersection,NO IMPROPER ACTIONS,ON ROADWAY AT CROSSWALK,OBEYED PED. SIGNAL,MIXED CLOTHING,No,SUSPECTED MINOR INJURY,NONE,39.04459667,-77.06430333,"(39.04459667, -77.06430333)"
DD5546000H,15039429,ROCKVILLE,Injury Crash,08/08/2015 10:14:00 AM,County,E JEFFERSON ST,Unknown,CALIFORNIA CIR,,N/A,PEDESTRIAN,HEAD ON LEFT TURN,CLEAR,DRY,DAYLIGHT,NO CONTROLS,NONE DETECTED,NONE DETECTED,CAFD0C77-CF6E-44AD-B5CC-60D2E75BC6A0,PEDESTRIAN,Cross/Enter not at Intersection,IN ROADWAY IMPROPERLY,ON ROADWAY NOT AT CROSSWALK,NO PED. SIGNAL,LIGHT CLOTHING,Yes,POSSIBLE INJURY,N/A,39.05555667,-77.12607167,"(39.05555667, -77.12607167)"
MCP2531000N,17002799,Montgomery County Police,Injury Crash,01/16/2017 06:11:00 PM,,ELLINGTON BLVD,,FIELDS RD,,N/A,PEDESTRIAN,OTHER,CLEAR,WET,DARK LIGHTS ON,N/A,N/A,N/A,D55CDD25-A202-448B-A8E0-D10DC5C2431D,PEDESTRIAN,Cross/Enter at Intersection,NO IMPROPER ACTIONS,AT INTERSECTION MARKED CROSSWALK,NO PED. SIGNAL,DARK CLOTHING,No,POSSIBLE INJURY,NONE,39.115315,-77.20485167,"(39.115315, -77.20485167)"
MCP2966001Q,16013189,MONTGOMERY,Injury Crash,03/17/2016 03:45:00 PM,,,,,2921 N LEISURE WORLD BLVD,,PEDESTRIAN,SINGLE VEHICLE,CLEAR,,DAYLIGHT,NO CONTROLS,N/A,NONE DETECTED,59DF52AE-8FED-45DB-86B1-BEF5586E0C95,PEDESTRIAN,Getting off/on Vehicle,OTHER,OTHER,N/A,LIGHT CLOTHING,No,SUSPECTED MINOR INJURY,NONE,39.05828333,-77.04810667,"(39.05828333, -77.04810667)"
EJ7857001Q,170533688,Gaithersburg Police Depar,Injury Crash,09/28/2017 06:24:00 PM,,,,,IN THE PARKING LOT OF CRESTWOOD DRIVE,,OTHER,SINGLE VEHICLE,CLEAR,,DAYLIGHT,NO CONTROLS,NONE DETECTED,NONE DETECTED,4F3583D1-95D0-452F-B95F-AABB40778DA8,OTHER,Playing,IN ROADWAY IMPROPERLY,N/A,NO PED. SIGNAL,DARK CLOTHING,Yes,SUSPECTED MINOR INJURY,NONE,39.14680833,-77.192475,"(39.14680833, -77.192475)"
MCP2650000H,170505778,Montgomery County Police,Injury Crash,05/03/2017 07:48:00 PM,Maryland (State),WISCONSIN AVE,County,CHELTENHAM DR,,N/A,BICYCLIST,STRAIGHT MOVEMENT ANGLE,N/A,DRY,DUSK,TRAFFIC SIGNAL,NONE DETECTED,NONE DETECTED,7380CF9D-ECF0-483F-9A59-BB447A35D72A,BICYCLIST,Cross/Enter at Intersection,NO IMPROPER ACTIONS,ON ROADWAY AT CROSSWALK,OBEYED PED. SIGNAL,N/A,No,SUSPECTED MINOR INJURY,N/A,38.98834667,-77.09484833,"(38.98834667, -77.09484833)"
MCP12050029,16043818,Montgomery County Police,Injury Crash,08/28/2016 01:32:00 PM,County,LELAND ST,County,GLENDALE RD,,N/A,BICYCLIST,STRAIGHT MOVEMENT ANGLE,CLEAR,DRY,DAYLIGHT,STOP SIGN,NONE DETECTED,NONE DETECTED,32E7554B-A37F-4057-AB7B-20ABADBD0D23,BICYCLIST,Cross/Enter at Intersection,FAILURE TO OBEY TRAFFIC SIGNS SIGNALS OR OFFICER,AT INTERSECTION BUT NO CROSSWALK,N/A,MIXED CLOTHING,Yes,SUSPECTED MINOR INJURY,MC/BIKE HELMET,38.98666421,-77.07461447,"(38.98666421, -77.07461447)"
MCP26360005,15010082,Montgomery County Police,Injury Crash,03/03/2015 08:16:00 PM,County,RAMSEY AVE,County,FIDLER LA,,N/A,PEDESTRIAN,SINGLE VEHICLE,WINTRY MIX,ICE,DARK LIGHTS ON,N/A,NONE DETECTED,NONE DETECTED,CA2BCC1C-9F69-4560-8476-E9A50C692775,PEDESTRIAN,Standing,NO IMPROPER ACTIONS,ON ROADWAY NOT AT CROSSWALK,NO PED. SIGNAL,UNKNOWN,No,SUSPECTED MINOR INJURY,NONE,38.99561499,-77.03070402,"(38.99561499, -77.03070402)"
MCP2894005H,190006431,Montgomery County Police,Injury Crash,02/09/2019 02:07:00 PM,,,,,"4816 BOILING BROOK PKWY, GOODWILL PARKING LOT",,PEDESTRIAN,SAME DIR REAR END,CLEAR,,DAYLIGHT,NO CONTROLS,,NONE DETECTED,26C440B4-284A-4244-A00D-BEB01487AB64,PEDESTRIAN,Other,NO IMPROPER ACTIONS,OTHER,N/A,MIXED CLOTHING,No,POSSIBLE INJURY,N/A,39.04524333,-77.11300833,"(39.04524333, -77.11300833)"
MCP2975001J,17013978,Montgomery County Police,Injury Crash,03/18/2017 07:55:00 PM,County,RALPH RD,Maryland (State),GEORGIA AVE,,N/A,PEDESTRIAN,SINGLE VEHICLE,RAINING,WET,DARK LIGHTS ON,STOP SIGN,NONE DETECTED,NONE DETECTED,FE184124-1D21-4112-B948-F7D52ECC9C9E,PEDESTRIAN,Cross/Enter at Intersection,FAILURE TO YIELD RIGHT OF WAY,ON ROADWAY NOT AT CROSSWALK,NO PED. SIGNAL,MIXED CLOTHING,Yes,SUSPECTED MINOR INJURY,N/A,39.078225,-77.07207167,"(39.078225, -77.07207167)"
MCP2927001F,16053824,Montgomery County Police,Injury Crash,10/19/2016 03:54:00 PM,Government,SLIGO CREEK PKWY,US (State),COLESVILLE RD,,N/A,BICYCLIST,SAME DIRECTION RIGHT TURN,CLEAR,DRY,DAYLIGHT,TRAFFIC SIGNAL,UNKNOWN,NONE DETECTED,4A895696-D1BD-4886-96CA-86133F1C66CD,BICYCLIST,Cross/Enter at Intersection,NO IMPROPER ACTIONS,ON ROADWAY AT CROSSWALK,OBEYED PED. SIGNAL,MIXED CLOTHING,No,POSSIBLE INJURY,MC/BIKE HELMET,39.00774318,-77.02019647,"(39.00774318, -77.02019647)"
MCP24050009,15010068,Montgomery County Police,Injury Crash,03/03/2015 06:20:00 PM,Maryland (State),EAST WEST HWY,Unknown,BLAIR MILL WAY,,N/A,PEDESTRIAN,STRAIGHT MOVEMENT ANGLE,RAINING,WET,DARK LIGHTS ON,NO CONTROLS,NONE DETECTED,NONE DETECTED,C23C6B18-5F51-4C06-B890-903E512ECD43,PEDESTRIAN,Cross/Enter at Intersection,NO IMPROPER ACTIONS,ON ROADWAY AT CROSSWALK,NO PED. SIGNAL,MIXED CLOTHING,,POSSIBLE INJURY,N/A,38.98973202,-77.02835709,"(38.98973202, -77.02835709)"
MCP25310012,180008862,Montgomery County Police,Injury Crash,02/20/2018 06:08:00 PM,,,,,PARKING LOT OF 15 SCHOOL DR,,PEDESTRIAN,SINGLE VEHICLE,N/A,,DARK LIGHTS ON,N/A,N/A,N/A,A5660A69-82EB-4508-A8A3-5AD3D535B886,PEDESTRIAN,Playing,IN ROADWAY IMPROPERLY,OTHER,N/A,MIXED CLOTHING,Yes,SUSPECTED SERIOUS INJURY,NONE,39.11929167,-77.21424667,"(39.11929167, -77.21424667)"
MCP0036009Q,190017542,Montgomery County Police,Injury Crash,04/15/2019 07:27:00 AM,County,FATHER HURLEY BLVD,County,WATERS LANDING DR,,N/A,PEDESTRIAN,SINGLE VEHICLE,RAINING,WET,DAWN,TRAFFIC SIGNAL,NONE DETECTED,NONE DETECTED,3C4EA7A0-5A69-444D-AABD-88C98BD51935,PEDESTRIAN,Cross/Enter at Intersection,NO IMPROPER ACTIONS,ON ROADWAY AT CROSSWALK,OBEYED PED. SIGNAL,MIXED CLOTHING,No,SUSPECTED MINOR INJURY,NONE,39.19164667,-77.272205,"(39.19164667, -77.272205)"
MCP3093001B,180055536,Montgomery County Police,Injury Crash,11/05/2018 06:40:00 PM,County,NICHOLSON LA,County,NICHOLSON CT,,N/A,PEDESTRIAN,N/A,RAINING,WET,DARK LIGHTS ON,TRAFFIC SIGNAL,N/A,N/A,FE17AA39-C1F6-462C-830B-A68C238F1FA1,PEDESTRIAN,Cross/Enter at Intersection,NO IMPROPER ACTIONS,ON ROADWAY AT CROSSWALK,OBEYED PED. SIGNAL,DARK CLOTHING,No,POSSIBLE INJURY,NONE,39.04532667,-77.105245,"(39.04532667, -77.105245)"
MCP2615001M,17003173,Montgomery County Police,Property Damage Crash,01/18/2017 07:16:00 PM,,,,,"PARKING LOT OF 13880 OLD COLUMBIA PIKE, SILVER SPRING, MD, 20904",,PEDESTRIAN,OTHER,CLEAR,,DARK LIGHTS ON,NO CONTROLS,UNKNOWN,NONE DETECTED,725E15D0-31F3-4C33-858F-2AF6D06258DF,PEDESTRIAN,Standing,NO IMPROPER ACTIONS,OTHER,N/A,DARK CLOTHING,Unknown,NO APPARENT INJURY,N/A,39.08434332,-76.95199728,"(39.08434332, -76.95199728)"
MCP3059003G,180063871,Montgomery County Police,Injury Crash,12/21/2018 07:00:00 PM,,,,,PARKING LOT OF 13615 GEORGIA AVE,,PEDESTRIAN,OTHER,CLEAR,,DUSK,N/A,UNKNOWN,NONE DETECTED,59981897-F4E5-4159-8077-39D87DDEC1BD,PEDESTRIAN,Walking/Cycling on Sidewalk,NO IMPROPER ACTIONS,SIDEWALK,NO PED. SIGNAL,MIXED CLOTHING,No,POSSIBLE INJURY,N/A,39.07891152,-77.07230682,"(39.07891152, -77.07230682)"
MCP29420030,170530773,Montgomery County Police,Injury Crash,09/15/2017 03:20:00 PM,,,,,3715 UNIVERSITY BLVD W PARKING LOT OF CVS,,BICYCLIST,OTHER,CLEAR,,N/A,NO CONTROLS,NONE DETECTED,NONE DETECTED,B0326D29-31D4-443D-A768-E1A3C95DA8AA,BICYCLIST,Walking/Riding w/Traffic,NO IMPROPER ACTIONS,OTHER,N/A,MIXED CLOTHING,No,POSSIBLE INJURY,MC/BIKE HELMET,39.03354,-77.073625,"(39.03354, -77.073625)"
MCP2717004R,16005393,Montgomery County Police,Injury Crash,02/02/2016 08:10:00 AM,County,MACARTHUR BLVD,County,SANGAMORE RD,,N/A,BICYCLIST,HEAD ON LEFT TURN,CLEAR,ICE,DAYLIGHT,TRAFFIC SIGNAL,NONE DETECTED,NONE DETECTED,092FE4EB-0146-47BB-9051-3578C2CD0D54,BICYCLIST,Cross/Enter at Intersection,NO IMPROPER ACTIONS,ON ROADWAY AT CROSSWALK,OBEYED PED. SIGNAL,MIXED CLOTHING,No,SUSPECTED MINOR INJURY,MC/BIKE HELMET,38.94427833,-77.11713,"(38.94427833, -77.11713)"
MCP2799003L,180003872,Montgomery County Police,Injury Crash,01/23/2018 04:00:00 PM,Maryland (State),NEW HAMPSHIRE AVE,County,NORWOOD RD,,N/A,BICYCLIST,SAME DIRECTION RIGHT TURN,CLEAR,DRY,DAYLIGHT,NO CONTROLS,UNKNOWN,NONE DETECTED,64C25598-4B73-4B4D-8224-1AC390D7DDC9,BICYCLIST,Walking/Riding w/Traffic,N/A,IN BIKEWAY,N/A,MIXED CLOTHING,No,SUSPECTED MINOR INJURY,MC/BIKE HELMET,39.10604167,-77.001445,"(39.10604167, -77.001445)"
MCP3014001W,180054797,Montgomery County Police,Injury Crash,11/01/2018 03:01:00 PM,,,,,"SIDEWALK IN FRONT OF 14101 GEORGIA AVENUE SILVER SPRING, MARYLAND 20906",,PEDESTRIAN,OTHER,CLEAR,,DAYLIGHT,NO CONTROLS,NONE DETECTED,NONE DETECTED,9D13568A-A7DF-422B-9D9C-39EAACADE8FB,PEDESTRIAN,Other,NO IMPROPER ACTIONS,SIDEWALK,N/A,N/A,No,SUSPECTED MINOR INJURY,NONE,39.08505,-77.07823167,"(39.08505, -77.07823167)"
MCP2851002M,170545426,Montgomery County Police,Injury Crash,11/28/2017 05:33:00 PM,County,FATHER HURLEY BLVD,Unknown,BRIARCLIFF TERR,,N/A,PEDESTRIAN,SINGLE VEHICLE,CLEAR,DRY,DARK LIGHTS ON,NO CONTROLS,UNKNOWN,NONE DETECTED,E9D76539-8572-450C-A00F-1FBE3D52C8A4,PEDESTRIAN,Cross/Enter at Intersection,NO IMPROPER ACTIONS,SIDEWALK,NO PED. SIGNAL,MIXED CLOTHING,No,POSSIBLE INJURY,N/A,39.18559167,-77.26051167,"(39.18559167, -77.26051167)"
MCP2846001M,16010641,MONTGOMERY,Injury Crash,03/03/2016 02:49:00 PM,,,,,LOWER LEVEL PARKING LOT MACYS,,PEDESTRIAN,HEAD ON LEFT TURN,CLEAR,,DAYLIGHT,OTHER,NONE DETECTED,NONE DETECTED,2DD75FE3-4C78-4E71-8320-11B5BEDD234C,PEDESTRIAN,Cross/Enter at Intersection,NO IMPROPER ACTIONS,ON ROADWAY AT CROSSWALK,NO PED. SIGNAL,LIGHT CLOTHING,No,POSSIBLE INJURY,N/A,39.03802,-77.05494667,"(39.03802, -77.05494667)"
MCP2246001G,17000858,Montgomery County Police,Injury Crash,01/05/2017 07:20:00 PM,County,WAYNE AVE,County,DALE DR,,N/A,PEDESTRIAN,OTHER,CLEAR,DRY,DARK LIGHTS ON,TRAFFIC SIGNAL,NONE DETECTED,NONE DETECTED,ED4FFEB4-4702-4B3D-93CE-19CCA9B7AE9B,PEDESTRIAN,Cross/Enter at Intersection,IN ROADWAY IMPROPERLY,AT INTERSECTION MARKED CROSSWALK,DISOBEYED PED. SIGNAL,DARK CLOTHING,Yes,SUSPECTED MINOR INJURY,N/A,38.99938,-77.01772333,"(38.99938, -77.01772333)"
MCP29170040,190014236,Montgomery County Police,Injury Crash,03/27/2019 07:25:00 PM,,WHISPERING PINES DRIVE,,WHISPERING PINES COURT,,N/A,PEDESTRIAN,OTHER,CLEAR,DRY,DUSK,NO CONTROLS,NONE DETECTED,NONE DETECTED,1DF9FFA7-DB1A-4DDA-A3BE-18870273992F,PEDESTRIAN,Playing,DART DASH,ON ROADWAY NOT AT CROSSWALK,NO PED. SIGNAL,DARK CLOTHING,Yes,POSSIBLE INJURY,NONE,39.08778667,-77.06369,"(39.08778667, -77.06369)"
MCP2290001Q,180059883,Montgomery County Police,Injury Crash,11/30/2018 01:02:00 PM,,,,,PARKING LOT IFO 625 HUNGERFORD DR (GIANT),,PEDESTRIAN,SINGLE VEHICLE,CLEAR,,DAYLIGHT,N/A,NONE DETECTED,NONE DETECTED,FFD03A9E-D5FA-431B-857C-ACCD6DFD39EE,PEDESTRIAN,Other,N/A,OTHER,N/A,MIXED CLOTHING,No,SUSPECTED MINOR INJURY,N/A,39.09270667,-77.15239667,"(39.09270667, -77.15239667)"
MCP0539001G,15012440,Montgomery County Police,Injury Crash,03/18/2015 07:05:00 AM,Maryland (State),GEORGIA AVE,Other Public Roadway,ATLANTA DR,,N/A,BICYCLIST,SINGLE VEHICLE,CLEAR,DRY,DAWN,NO CONTROLS,NONE DETECTED,NONE DETECTED,164291DD-2CD3-4775-BAA5-4FA6437941CD,BICYCLIST,Walking/Riding against Traffic,NO IMPROPER ACTIONS,SIDEWALK,N/A,MIXED CLOTHING,,SUSPECTED SERIOUS INJURY,MC/BIKE HELMET,39.065665,-77.05803167,"(39.065665, -77.05803167)"
MCP30380015,17055073,Montgomery County Police,Injury Crash,12/24/2017 05:52:00 PM,Maryland (State),CONNECTICUT AVE,Municipality,NEWLANDS ST,,CHEVY CHASE VILLAGE,PEDESTRIAN,OTHER,RAINING,WET,DARK LIGHTS ON,OTHER,N/A,N/A,D024CC40-B355-4BAE-AF63-EF1D4F34D4C3,PEDESTRIAN,Cross/Enter at Intersection,NO IMPROPER ACTIONS,AT INTERSECTION MARKED CROSSWALK,NO PED. SIGNAL,DARK CLOTHING,No,SUSPECTED MINOR INJURY,N/A,38.97367,-77.07696,"(38.97367, -77.07696)"
DD5605003M,170508663,Rockville Police Departme,Injury Crash,05/19/2017 12:35:00 PM,Municipality,N WASHINGTON ST,Municipality,MARTINS LA,,ROCKVILLE,PEDESTRIAN,OTHER,CLEAR,DRY,DAYLIGHT,TRAFFIC SIGNAL,NONE DETECTED,NONE DETECTED,C6E84E59-1114-49DE-9C65-4823196E1D1B,PEDESTRIAN,Cross/Enter at Intersection,NO IMPROPER ACTIONS,ON ROADWAY AT CROSSWALK,OBEYED PED. SIGNAL,MIXED CLOTHING,No,POSSIBLE INJURY,N/A,39.09087417,-77.15379283,"(39.09087417, -77.15379283)"
MCP2960000L,15033506,MONTGOMERY,Injury Crash,07/08/2015 10:32:00 PM,Maryland (State),GEORGIA AVE,County,SHOREFIELD RD,,N/A,PEDESTRIAN,OTHER,N/A,N/A,DARK -- UNKNOWN LIGHTING,NO CONTROLS,NONE DETECTED,ALCOHOL PRESENT,8E4CCC65-383F-4029-A15C-07E6B1EBA23D,PEDESTRIAN,Cross/Enter not at Intersection,IN ROADWAY IMPROPERLY,ON ROADWAY NOT AT CROSSWALK,DISOBEYED PED. SIGNAL,DARK CLOTHING,Yes,POSSIBLE INJURY,NONE,39.05325562,-77.05094397,"(39.05325562, -77.05094397)"
MCP2195001H,170533775,Montgomery County Police,Injury Crash,09/29/2017 06:23:00 AM,County,E GUDE DR,Unknown,CALHOUN DR,,N/A,BICYCLIST,STRAIGHT MOVEMENT ANGLE,CLEAR,DRY,DARK -- UNKNOWN LIGHTING,FLASHING TRAFFIC SIGNAL,UNKNOWN,NONE DETECTED,764D5733-7515-4E06-AAC4-168C3FFC3A83,BICYCLIST,Cross/Enter at Intersection,NO IMPROPER ACTIONS,AT INTERSECTION MARKED CROSSWALK,UNKNOWN,MIXED CLOTHING,No,SUSPECTED SERIOUS INJURY,NONE,39.10571942,-77.14476429,"(39.10571942, -77.14476429)"
MCP3061000L,170539614,Montgomery County Police,Property Damage Crash,10/29/2017 10:10:00 AM,County,CLARKSBURG RD,County,BARNES RD,,N/A,OTHER,SINGLE VEHICLE,CLOUDY,WET,DAYLIGHT,NO CONTROLS,NONE DETECTED,N/A,D57108B8-B3A2-421E-A34F-ED15F77E7FEE,OTHER,N/A,N/A,N/A,N/A,N/A,No,NO APPARENT INJURY,N/A,39.18431102,-77.3125425,"(39.18431102, -77.3125425)"
DD5606003J,16033858,Rockville Police Departme,Property Damage Crash,07/04/2016 07:21:00 PM,Municipality,BRADLEY AVE,Municipality,BRADLEY CT,,ROCKVILLE,OTHER,OTHER,RAINING,WET,DUSK,NO CONTROLS,NONE DETECTED,N/A,0803FF75-B862-44F4-A455-F90D349CE0EB,OTHER,N/A,NO IMPROPER ACTIONS,N/A,N/A,N/A,No,NO APPARENT INJURY,N/A,39.07888311,-77.11747885,"(39.07888311, -77.11747885)"
MCP271700K4,180041691,Montgomery County Police,Injury Crash,08/21/2018 09:40:00 PM,County,SOUTHAMPTON DR,County,BEACON RD,,N/A,PEDESTRIAN,OTHER,CLEAR,WET,DARK LIGHTS ON,NO CONTROLS,UNKNOWN,NONE DETECTED,E4A9914F-97A3-40A2-A110-516C9E1071FF,PEDESTRIAN,Cross/Enter not at Intersection,IN ROADWAY IMPROPERLY,ON ROADWAY NOT AT CROSSWALK,NO PED. SIGNAL,MIXED CLOTHING,No,SUSPECTED MINOR INJURY,NONE,39.00533483,-76.98210633,"(39.00533483, -76.98210633)"
DD5623000C,170529119,Rockville Police Departme,Injury Crash,09/07/2017 07:49:00 AM,Maryland (State),ROCKVILLE PIKE,Municipality,RICHARD MONTGOMERY DR,,ROCKVILLE,PEDESTRIAN,OTHER,CLEAR,DRY,DAYLIGHT,TRAFFIC SIGNAL,NONE DETECTED,NONE DETECTED,7E3591CB-62F8-491C-A6A9-E34AA61A3084,PEDESTRIAN,Cross/Enter at Intersection,NO IMPROPER ACTIONS,AT INTERSECTION MARKED CROSSWALK,N/A,DARK CLOTHING,No,POSSIBLE INJURY,NONE,39.08063033,-77.14393733,"(39.08063033, -77.14393733)"
MCP9113000W,15045980,MONTGOMERY,Injury Crash,09/11/2015 03:58:00 PM,County,MORNINGWOOD DR,Maryland (State),GEORGIA AVE,,N/A,PEDESTRIAN,OTHER,CLEAR,DRY,DAYLIGHT,NO CONTROLS,NONE DETECTED,N/A,D8D6801D-5D14-4F00-8AED-C7682CAD11C6,PEDESTRIAN,Cross/Enter not at Intersection,DART DASH,ON ROADWAY NOT AT CROSSWALK,NO PED. SIGNAL,LIGHT CLOTHING,Yes,SUSPECTED MINOR INJURY,N/A,39.15043833,-77.06744833,"(39.15043833, -77.06744833)"
DD5595004C,170516151,Rockville Police Departme,Injury Crash,06/28/2017 07:48:00 AM,Municipality,E MIDDLE LA,Municipality,MONROE ST,,ROCKVILLE,PEDESTRIAN,SINGLE VEHICLE,CLEAR,DRY,DAYLIGHT,OTHER,NONE DETECTED,NONE DETECTED,E528197E-1AB6-48F5-8A0D-E59768D89E9E,PEDESTRIAN,Cross/Enter at Intersection,NO IMPROPER ACTIONS,ON ROADWAY AT CROSSWALK,NO PED. SIGNAL,DARK CLOTHING,No,SUSPECTED MINOR INJURY,NONE,39.0853365,-77.14972233,"(39.0853365, -77.14972233)"
MCP26670017,15050547,MONTGOMERY,Injury Crash,10/06/2015 07:24:00 AM,County,WASHINGTON GROVE LA,County,FLOWER HILL WAY,,N/A,PEDESTRIAN,SINGLE VEHICLE,CLEAR,DRY,DAYLIGHT,NO CONTROLS,NONE DETECTED,NONE DETECTED,CA4E4198-32AC-43F4-BD16-466469A3F174,PEDESTRIAN,Cross/Enter not at Intersection,IN ROADWAY IMPROPERLY,ON ROADWAY NOT AT CROSSWALK,N/A,DARK CLOTHING,Yes,SUSPECTED MINOR INJURY,NONE,39.15103,-77.16846667,"(39.15103, -77.16846667)"
MCP2348000M,15003441,Montgomery County Police,Injury Crash,01/21/2015 07:30:00 PM,Maryland (State),UNIVERSITY BLVD W,County,INWOOD AVE,,N/A,PEDESTRIAN,SINGLE VEHICLE,OTHER,WET,DARK LIGHTS ON,TRAFFIC SIGNAL,NONE DETECTED,NONE DETECTED,46E778DA-A668-46ED-A447-576A216AAA15,PEDESTRIAN,Other,NO IMPROPER ACTIONS,OTHER,N/A,N/A,,SUSPECTED SERIOUS INJURY,N/A,39.03602,-77.03609333,"(39.03602, -77.03609333)"
MCP0487000C,15015704,Montgomery County Police,Injury Crash,04/05/2015 01:00:00 PM,Maryland (State),MUNCASTER MILL RD,Unknown,ENT TO ST. FRANCIS OF ASSISI CHURCH,,N/A,PEDESTRIAN,OTHER,CLEAR,DRY,DAYLIGHT,PERSON,N/A,NONE DETECTED,4A242512-AB4F-4736-9AAC-6F80BFF5D971,PEDESTRIAN,Standing,OTHER,AT INTERSECTION BUT NO CROSSWALK,N/A,REFLECTIVE MATERIAL,,SUSPECTED MINOR INJURY,REFLECTIVE CLOTHING,39.14059577,-77.13608265,"(39.14059577, -77.13608265)"
MCP2968002P,180050155,Montgomery County Police,Property Damage Crash,10/07/2018 02:55:00 PM,County,GAINSBOROUGH RD,County,TUCKERMAN LA,,N/A,BICYCLIST,SINGLE VEHICLE,CLEAR,DRY,DAYLIGHT,N/A,N/A,N/A,72DF500A-C0EC-4FC9-9CAE-F4564049797F,BICYCLIST,Hitchhiking,NO IMPROPER ACTIONS,AT INTERSECTION BUT NO CROSSWALK,NO PED. SIGNAL,MIXED CLOTHING,No,NO APPARENT INJURY,MC/BIKE HELMET,39.042665,-77.173025,"(39.042665, -77.173025)"
EJ7877000F,190022435,Gaithersburg Police Depar,Injury Crash,05/12/2019 09:20:00 PM,County,ODENDHAL AVE,County,CONTOUR RD,,N/A,PEDESTRIAN,SINGLE VEHICLE,RAINING,WET,DARK LIGHTS ON,TRAFFIC SIGNAL,N/A,N/A,5822239A-F508-4B41-A406-7051C7F2E0CA,PEDESTRIAN,Cross/Enter at Intersection,NO IMPROPER ACTIONS,ON ROADWAY AT CROSSWALK,OBEYED PED. SIGNAL,LIGHT CLOTHING,Unknown,SUSPECTED MINOR INJURY,NONE,39.15230667,-77.19588167,"(39.15230667, -77.19588167)"
EJ7826002G,17052,Gaithersburg Police Depar,Injury Crash,08/29/2017 05:30:00 AM,Maryland (State),QUINCE ORCHARD RD,Maryland (State),W DIAMOND AVE,,N/A,BICYCLIST,STRAIGHT MOVEMENT ANGLE,RAINING,WET,DARK LIGHTS ON,TRAFFIC SIGNAL,N/A,N/A,3A1D28AE-D653-452C-88BA-38CB89E9C50A,BICYCLIST,Other,FAILURE TO OBEY TRAFFIC SIGNS SIGNALS OR OFFICER,ON ROADWAY AT CROSSWALK,DISOBEYED PED. SIGNAL,MIXED CLOTHING,Yes,POSSIBLE INJURY,NONE,39.14306167,-77.22071333,"(39.14306167, -77.22071333)"
MCP9379000G,15000697,Montgomery County Police,Injury Crash,01/05/2015 12:23:00 PM,Maryland (State),FREDERICK RD,Municipality,KING FARM BLVD,,ROCKVILLE,PEDESTRIAN,HEAD ON LEFT TURN,CLEAR,DRY,DAYLIGHT,TRAFFIC SIGNAL,N/A,NONE DETECTED,FDEDF7D9-E358-49EC-9552-FA61069E098A,PEDESTRIAN,Cross/Enter at Intersection,NO IMPROPER ACTIONS,ON ROADWAY AT CROSSWALK,OBEYED PED. SIGNAL,DARK CLOTHING,,POSSIBLE INJURY,N/A,39.116905,-77.16849167,"(39.116905, -77.16849167)"