Report Number,Local Case Number,Agency Name,ACRS Report Type,Crash Date/Time,Route Type,Road Name,Cross-Street Type,Cross-Street Name,Off-Road Description,Municipality,Related Non-Motorist,Collision Type,Weather,Surface Condition,Light,Traffic Control,Driver Substance Abuse,Non-Motorist Substance Abuse,Person ID,Pedestrian Type,Pedestrian Movement,Pedestrian Actions,Pedestrian Location,Pedestrian Obeyed Traffic Signal,Pedestrian Visibility,At Fault,Injury Severity,Safety Equipment,Latitude,Longitude,Location
MCP2439000D,14064779,Montgomery County Police,Injury Crash,01/01/2015 06:00:00 PM,County,CONTOUR RD,County,HORIZON RUN RD,,N/A,PEDESTRIAN,N/A,CLEAR,DRY,DARK NO LIGHTS,NO CONTROLS,N/A,N/A,9E175636-4D5C-4C5D-A2E8-B03CD962B532,PEDESTRIAN,N/A,INATTENTIVE,ON ROADWAY AT CROSSWALK,NO PED. SIGNAL,DARK CLOTHING,,POSSIBLE INJURY,N/A,39.1552397,-77.197752,"(39.1552397, -77.197752)"
MCP9321001J,170522720,Montgomery County Police,Injury Crash,08/03/2017 11:09:00 AM,County,RANDOLPH RD,Other Public Roadway,GLENMONT CIR #1,,N/A,PEDESTRIAN,SINGLE VEHICLE,CLEAR,DRY,DAYLIGHT,TRAFFIC SIGNAL,NONE DETECTED,NONE DETECTED,4D55F6AB-9505-416F-BC1B-3535CB32CD74,PEDESTRIAN,Cross/Enter at Intersection,NO IMPROPER ACTIONS,ON ROADWAY AT CROSSWALK,OBEYED PED. SIGNAL,MIXED CLOTHING,No,SUSPECTED SERIOUS INJURY,N/A,39.05913833,-77.047445,"(39.05913833, -77.047445)"
MCP29740029,190012698,Montgomery County Police,Injury Crash,03/19/2019 05:29:00 PM,Maryland (State),NEW HAMPSHIRE AVE,County,DILSTON RD,,N/A,PEDESTRIAN,OTHER,CLEAR,DRY,DAYLIGHT,N/A,NONE DETECTED,NONE DETECTED,37E5E796-5B9D-4B6F-9A26-0B44FBD2E05B,PEDESTRIAN,Cross/Enter at Intersection,UNKNOWN,AT INTERSECTION MARKED CROSSWALK,UNKNOWN,N/A,Unknown,POSSIBLE INJURY,NONE,39.01135722,-76.97907602,"(39.01135722, -76.97907602)"
MCP2717001V,15036144,MONTGOMERY,Injury Crash,07/22/2015 04:02:00 PM,County,ROCKLEDGE DR,County,WESTLAKE TERR,,N/A,PEDESTRIAN,OTHER,CLEAR,DRY,DAYLIGHT,NO CONTROLS,NONE DETECTED,NONE DETECTED,C76BC3F4-410F-4194-92D6-C06CF7262D78,PEDESTRIAN,Cross/Enter at Intersection,INATTENTIVE,AT INTERSECTION BUT NO CROSSWALK,NO PED. SIGNAL,MIXED CLOTHING,Yes,SUSPECTED MINOR INJURY,NONE,39.029205,-77.136655,"(39.029205, -77.136655)"
MCP2931003C,190020167,Montgomery County Police,Injury Crash,04/29/2019 08:22:00 PM,Maryland (State),FREDERICK RD,Unknown,CROSSOVER,,N/A,PEDESTRIAN,SINGLE VEHICLE,N/A,DRY,DARK LIGHTS ON,N/A,,N/A,4080B128-59FE-43E3-92F0-E29BCE1F4FA1,PEDESTRIAN,Push/Work on Vehicle,DISABLED VEHICLE RELATED,N/A,N/A,N/A,Unknown,SUSPECTED MINOR INJURY,N/A,39.12138464,-77.1761312,"(39.12138464, -77.1761312)"
MCP2936001Y,170531382,Montgomery County Police,Injury Crash,09/18/2017 08:01:00 PM,Maryland (State),16TH ST,Maryland (State),EAST WEST HWY,,N/A,PEDESTRIAN,SINGLE VEHICLE,CLEAR,DRY,DARK LIGHTS ON,TRAFFIC SIGNAL,NONE DETECTED,NONE DETECTED,AFB390C9-DCFE-4BD9-819B-BF513066762C,PEDESTRIAN,Cross/Enter at Intersection,NO IMPROPER ACTIONS,ON ROADWAY AT CROSSWALK,OBEYED PED. SIGNAL,N/A,No,SUSPECTED SERIOUS INJURY,N/A,38.99465667,-77.036715,"(38.99465667, -77.036715)"
MCP3190000M,190021462,Montgomery County Police,Injury Crash,05/07/2019 10:00:00 AM,,N LEISUREWORLD BLVD,,INTERLACHEN DR,,N/A,PEDESTRIAN,OTHER,CLEAR,DRY,DAYLIGHT,STOP SIGN,NONE DETECTED,NONE DETECTED,EAA596BF-091B-4A11-A4E6-F627772F0508,PEDESTRIAN,Cross/Enter at Intersection,NO IMPROPER ACTIONS,ON ROADWAY AT CROSSWALK,NO PED. SIGNAL,DARK CLOTHING,No,SUSPECTED SERIOUS INJURY,NONE,39.10920667,-77.06784,"(39.10920667, -77.06784)"
MCP2740003L,170526849,Montgomery County Police,Property Damage Crash,08/25/2017 05:20:00 PM,,,,,PARKING LOT OF 10753 COLUMBIA PIKE,,BICYCLIST,STRAIGHT MOVEMENT ANGLE,CLEAR,,DAYLIGHT,NO CONTROLS,NONE DETECTED,NONE DETECTED,1575BA22-9088-4CD7-A12B-0F344659BD12,BICYCLIST,Other,NO IMPROPER ACTIONS,SIDEWALK,N/A,LIGHT CLOTHING,No,NO APPARENT INJURY,MC/BIKE HELMET,39.03207667,-77.00383333,"(39.03207667, -77.00383333)"
DD5615003D,170508051,Rockville Police Departme,Injury Crash,05/16/2017 09:44:00 AM,Maryland (State),HUNGERFORD DR,Municipality,FREDERICK AVE #2,,ROCKVILLE,PEDESTRIAN,OTHER,CLEAR,DRY,DAYLIGHT,NO CONTROLS,NONE DETECTED,NONE DETECTED,C13115A6-3D85-4FFD-ADB1-FA97086F90C0,PEDESTRIAN,Cross/Enter not at Intersection,FAILURE TO YIELD RIGHT OF WAY,OUTSIDE RIGHT OF WAY,NO PED. SIGNAL,LIGHT CLOTHING,Yes,POSSIBLE INJURY,NONE,39.09451,-77.15309667,"(39.09451, -77.15309667)"
MCP2757001K,17005896,Montgomery County Police,Injury Crash,02/03/2017 04:57:00 AM,Maryland (State),GEORGIA AVE,County,RANDOLPH RD,,N/A,PEDESTRIAN,SINGLE VEHICLE,CLEAR,DRY,DARK LIGHTS ON,TRAFFIC SIGNAL,NONE DETECTED,NONE DETECTED,B09B25D9-5D5C-429C-B39E-FC5AE27013E4,PEDESTRIAN,Cross/Enter at Intersection,DART DASH,ON ROADWAY NOT AT CROSSWALK,DISOBEYED PED. SIGNAL,MIXED CLOTHING,Yes,SUSPECTED MINOR INJURY,NONE,39.0580305,-77.04965785,"(39.0580305, -77.04965785)"
MCP2756002T,190016961,Montgomery County Police,Injury Crash,04/11/2019 07:50:00 PM,Maryland (State),GEORGIA AVE,Maryland (State),UNIVERSITY BLVD W,,N/A,PEDESTRIAN,SINGLE VEHICLE,CLEAR,DRY,DARK LIGHTS ON,TRAFFIC SIGNAL,NONE DETECTED,NONE DETECTED,738442F1-4DA8-4D06-9FE6-BA8210DE3220,PEDESTRIAN,Cross/Enter at Intersection,NO IMPROPER ACTIONS,ON ROADWAY AT CROSSWALK,OBEYED PED. SIGNAL,MIXED CLOTHING,No,POSSIBLE INJURY,NONE,39.04159498,-77.05204488,"(39.04159498, -77.05204488)"
MCP2796002C,15056537,MONTGOMERY,Injury Crash,11/06/2015 11:15:00 AM,,,,,"Parking lot in front of entrance to Best Buy located at 10901 Georgia Avenue, Silver Spring",,PEDESTRIAN,SINGLE VEHICLE,CLEAR,,DAYLIGHT,N/A,UNKNOWN,NONE DETECTED,83ABAFF8-23B0-45CC-819C-6D05504C3CE6,PEDESTRIAN,Other,NO IMPROPER ACTIONS,OTHER,N/A,MIXED CLOTHING,No,SUSPECTED MINOR INJURY,N/A,39.03438333,-77.04835667,"(39.03438333, -77.04835667)"
MCP9130006K,180060238,Montgomery County Police,Injury Crash,12/02/2018 02:28:00 PM,,,,,"PARKING LOT OF 807 DALEVIEW DRIVE
MONTGOMERY KNOLLS ELEMENTARY SCHOOL",,PEDESTRIAN,OTHER,CLOUDY,,DAYLIGHT,N/A,NONE DETECTED,NONE DETECTED,F1E3C5A3-21D1-4AED-AABD-4FDFAC07B2DF,PEDESTRIAN,Other,OTHER,OTHER,NO PED. SIGNAL,MIXED CLOTHING,No,POSSIBLE INJURY,NONE,39.0056,-76.99393333,"(39.0056, -76.99393333)"
MCP1397000T,170532168,Montgomery County Police,Injury Crash,09/22/2017 02:05:00 PM,Maryland (State),GERMANTOWN RD,County,MIDDLEBROOK RD,,N/A,PEDESTRIAN,OTHER,CLOUDY,DRY,DAYLIGHT,TRAFFIC SIGNAL,NONE DETECTED,NONE DETECTED,0F078856-AD68-4781-BCE6-8E4C0E921487,PEDESTRIAN,Cross/Enter at Intersection,NO IMPROPER ACTIONS,AT INTERSECTION MARKED CROSSWALK,OBEYED PED. SIGNAL,MIXED CLOTHING,No,SUSPECTED SERIOUS INJURY,NONE,39.1787151,-77.26738617,"(39.1787151, -77.26738617)"
MCP2991000M,16009802,Montgomery County Police,Injury Crash,02/27/2016 02:38:00 PM,Maryland (State),GEORGIA AVE,Maryland (State),CONNECTICUT AVE,,N/A,PEDESTRIAN,SINGLE VEHICLE,CLEAR,DRY,DAYLIGHT,NO CONTROLS,NONE DETECTED,UNKNOWN,C52B7295-F525-48BF-B928-353E6F71F655,PEDESTRIAN,Cross/Enter not at Intersection,N/A,OTHER,NO PED. SIGNAL,MIXED CLOTHING,Unknown,SUSPECTED MINOR INJURY,NONE,39.08438183,-77.07791626,"(39.08438183, -77.07791626)"
MCP2008001L,15059160,MONTGOMERY,Injury Crash,11/19/2015 05:47:00 PM,Maryland (State),CONNECTICUT AVE,Maryland (State),PLYERS MILL RD,,N/A,PEDESTRIAN,OTHER,RAINING,WET,DARK LIGHTS ON,TRAFFIC SIGNAL,NONE DETECTED,NONE DETECTED,38F0F74D-6826-4A57-A079-F32FD1AFE20E,PEDESTRIAN,Cross/Enter at Intersection,NO IMPROPER ACTIONS,ON ROADWAY AT CROSSWALK,OBEYED PED. SIGNAL,DARK CLOTHING,No,SUSPECTED SERIOUS INJURY,N/A,39.03023,-77.07536,"(39.03023, -77.07536)"
MCP1212000S,16049295,Montgomery County Police,Injury Crash,09/25/2016 09:34:00 AM,Maryland (State),LAYTONSVILLE RD,Maryland (State),DAMASCUS RD,,N/A,BICYCLIST,ANGLE MEETS LEFT TURN,N/A,DRY,DAYLIGHT,STOP SIGN,UNKNOWN,N/A,5BF820E6-A322-4176-9B80-A240649A780A,BICYCLIST,Walking/Riding w/Traffic,NO IMPROPER ACTIONS,SHOULDER,N/A,N/A,No,SUSPECTED MINOR INJURY,MC/BIKE HELMET,39.276787,-77.16084,"(39.276787, -77.16084)"
MCP29860030,190021210,Montgomery County Police,Injury Crash,05/05/2019 10:34:00 PM,US (State),COLESVILLE RD,Maryland (State),UNIVERSITY BLVD E,,N/A,PEDESTRIAN,SINGLE VEHICLE,CLEAR,DRY,DARK LIGHTS ON,TRAFFIC SIGNAL,NONE DETECTED,NONE DETECTED,A8C85898-390F-435B-A15F-B8E9A6CF0995,PEDESTRIAN,Cross/Enter at Intersection,DART DASH,AT INTERSECTION MARKED CROSSWALK,DISOBEYED PED. SIGNAL,DARK CLOTHING,Yes,SUSPECTED MINOR INJURY,N/A,39.020502,-77.01264583,"(39.020502, -77.01264583)"
MCP1438003V,16062994,Montgomery County Police,Injury Crash,12/08/2016 10:50:00 AM,County,WIGHTMAN RD,County,MONTGOMERY VILLAGE AVE,,N/A,PEDESTRIAN,SAME DIRECTION LEFT TURN,CLOUDY,DRY,DAYLIGHT,TRAFFIC SIGNAL,NONE DETECTED,NONE DETECTED,A5E792A7-5C2A-4146-8D8D-8C8B63223E69,PEDESTRIAN,Standing,NO IMPROPER ACTIONS,SIDEWALK,N/A,N/A,No,POSSIBLE INJURY,N/A,39.19005167,-77.19190167,"(39.19005167, -77.19190167)"
MCP2971001B,16025851,Montgomery County Police,Injury Crash,05/24/2016 05:54:00 PM,,,,,"PARKING LOT IN FRONT OF 11507 FEBRUARY CIRCLE, SILVER SPRING, MARYLAND",,BICYCLIST,HEAD ON,CLEAR,,DAYLIGHT,NO CONTROLS,NONE DETECTED,NONE DETECTED,F4CC3E12-5FAA-4C2F-B969-F678B45DB89E,BICYCLIST,Cross/Enter not at Intersection,FAILURE TO YIELD RIGHT OF WAY,ON ROADWAY NOT AT CROSSWALK,N/A,MIXED CLOTHING,Yes,POSSIBLE INJURY,NONE,39.04771489,-76.97713494,"(39.04771489, -76.97713494)"
MCP27520015,15062939,MONTGOMERY,Injury Crash,12/09/2015 06:28:00 PM,County,BROOKDALE RD,Maryland (State),RIVER RD,,N/A,BICYCLIST,STRAIGHT MOVEMENT ANGLE,CLEAR,DRY,DARK LIGHTS ON,STOP SIGN,NONE DETECTED,NONE DETECTED,6A04F885-D91A-4972-ADA2-DC8E1760D21E,BICYCLIST,Cross/Enter at Intersection,NO IMPROPER ACTIONS,SIDEWALK,NO PED. SIGNAL,MIXED CLOTHING,No,SUSPECTED MINOR INJURY,MC/BIKE HELMET,38.96303167,-77.09431667,"(38.96303167, -77.09431667)"
MCP2722002S,170550433,Montgomery County Police,Injury Crash,12/23/2017 08:08:00 PM,Maryland (State),GEORGIA AVE,Unknown,ENT TO APTS,,N/A,PEDESTRIAN,SINGLE VEHICLE,N/A,WET,DARK LIGHTS ON,STOP SIGN,N/A,N/A,04D3E27F-2A9F-4A12-9B9A-2E1DF1C1BB34,PEDESTRIAN,Cross/Enter at Intersection,NO IMPROPER ACTIONS,AT INTERSECTION BUT NO CROSSWALK,NO PED. SIGNAL,LIGHT CLOTHING,No,POSSIBLE INJURY,NONE,39.09050167,-77.07965,"(39.09050167, -77.07965)"
MCP28500016,180048206,Montgomery County Police,Injury Crash,09/27/2018 03:35:00 AM,County,STEDWICK RD,County,WATKINS MILL RD,,N/A,PEDESTRIAN,OPPOSITE DIRECTION SIDESWIPE,RAINING,WET,DARK LIGHTS ON,NO CONTROLS,ALCOHOL PRESENT,N/A,707122F7-1DEE-4141-A28F-498AD4C87383,PEDESTRIAN,Standing,NO IMPROPER ACTIONS,ON ROADWAY NOT AT CROSSWALK,N/A,MIXED CLOTHING,No,SUSPECTED MINOR INJURY,N/A,39.170935,-77.21022167,"(39.170935, -77.21022167)"
MCP2667002H,16003974,Montgomery County Police,Injury Crash,01/22/2016 11:40:00 AM,,,,,PARKING LOT OF 19294 MONTGOMERY VILLAGE AVE,,PEDESTRIAN,SINGLE VEHICLE,CLOUDY,,DAYLIGHT,N/A,UNKNOWN,NONE DETECTED,0A3573D1-5E2A-4918-A101-B62C3F4A837A,PEDESTRIAN,Other,NO IMPROPER ACTIONS,OTHER,N/A,DARK CLOTHING,No,SUSPECTED MINOR INJURY,NONE,39.1703,-77.19467667,"(39.1703, -77.19467667)"
MCP28910022,16012593,MONTGOMERY,Injury Crash,03/14/2016 01:24:00 PM,,,,,"PARKING LOT OF 1939 SEMINARY RD, SILVER SPRING, MD 20910",,PEDESTRIAN,SINGLE VEHICLE,CLEAR,,DAYLIGHT,N/A,NONE DETECTED,NONE DETECTED,06A91E98-553E-4571-92EF-B15540BC355C,PEDESTRIAN,Getting off/on Vehicle,NO IMPROPER ACTIONS,OTHER,N/A,MIXED CLOTHING,No,POSSIBLE INJURY,N/A,39.00904269,-77.04148382,"(39.00904269, -77.04148382)"
MCP30760018,180006535,Montgomery County Police,Injury Crash,02/07/2018 02:25:00 PM,Maryland (State),GEORGIA AVE,County,FENWICK LA,,N/A,BICYCLIST,STRAIGHT MOVEMENT ANGLE,RAINING,WET,DAYLIGHT,NO CONTROLS,NONE DETECTED,NONE DETECTED,63DCCDF7-4C19-4625-A50C-29E8A1B43E89,BICYCLIST,Cross/Enter at Intersection,FAILURE TO YIELD RIGHT OF WAY,ON ROADWAY NOT AT CROSSWALK,NO PED. SIGNAL,LIGHT CLOTHING,Yes,POSSIBLE INJURY,REFLECTIVE CLOTHING,38.99823833,-77.0304035,"(38.99823833, -77.0304035)"
MCP2664003X,170549210,Montgomery County Police,Injury Crash,12/18/2017 07:40:00 AM,County,VALLEYWOOD DR,Maryland (State),VEIRS MILL RD,,N/A,PEDESTRIAN,SINGLE VEHICLE,CLEAR,WET,DAYLIGHT,STOP SIGN,NONE DETECTED,NONE DETECTED,D2DC6816-E25D-43B4-96A5-A97D621C22F2,PEDESTRIAN,Cross/Enter at Intersection,NO IMPROPER ACTIONS,ON ROADWAY AT CROSSWALK,NO PED. SIGNAL,LIGHT CLOTHING,No,POSSIBLE INJURY,NONE,39.049585,-77.07058333,"(39.049585, -77.07058333)"
MCP30030022,180032541,Montgomery County Police,Injury Crash,07/02/2018 09:33:00 AM,Maryland (State),WISCONSIN AVE,Maryland (State),BRADLEY LA,,N/A,BICYCLIST,OTHER,CLEAR,DRY,DAYLIGHT,TRAFFIC SIGNAL,NONE DETECTED,NONE DETECTED,364A0FD6-6D32-41F9-99F6-CAFA0E34BE14,BICYCLIST,Cross/Enter at Intersection,NO IMPROPER ACTIONS,ON ROADWAY AT CROSSWALK,UNKNOWN,LIGHT CLOTHING,No,NO APPARENT INJURY,N/A,38.97706799,-77.09062457,"(38.97706799, -77.09062457)"
MCP2725000R,15017405,Montgomery County Police,Injury Crash,04/14/2015 10:24:00 PM,Maryland (State),GEORGIA AVE,Maryland (State),CONNECTICUT AVE,,N/A,PEDESTRIAN,SINGLE VEHICLE,RAINING,WET,DARK LIGHTS ON,TRAFFIC SIGNAL,NONE DETECTED,N/A,6A79250F-7477-46C6-9A87-CF9D8490FB22,PEDESTRIAN,Cross/Enter at Intersection,DART DASH,AT INTERSECTION MARKED CROSSWALK,OBEYED PED. SIGNAL,DARK CLOTHING,,SUSPECTED MINOR INJURY,N/A,39.08391667,-77.07775833,"(39.08391667, -77.07775833)"
MCP27980038,170517119,Montgomery County Police,Injury Crash,07/03/2017 03:43:00 PM,Maryland (State),NEW HAMPSHIRE AVE,Unknown,ENT TO WHITE OAK SHOPPING CENTER,,N/A,BICYCLIST,OTHER,CLEAR,DRY,DAYLIGHT,NO CONTROLS,NONE DETECTED,NONE DETECTED,F1B24995-0268-4ECA-AE66-38536050D41F,BICYCLIST,Walking/Riding against Traffic,WRONG WAY RIDING OR WALKING,SIDEWALK,N/A,MIXED CLOTHING,Yes,POSSIBLE INJURY,NONE,39.03917695,-76.99018523,"(39.03917695, -76.99018523)"
DD5605005Q,180045675,Rockville Police Departme,Property Damage Crash,09/13/2018 07:45:00 AM,Municipality,GREAT FALLS RD,Municipality,MONUMENT ST,,ROCKVILLE,PEDESTRIAN,OTHER,CLEAR,DRY,DAYLIGHT,OTHER,NONE DETECTED,NONE DETECTED,4CECB962-DB8B-4EFD-91AF-D5541D7BAA52,PEDESTRIAN,Cross/Enter at Intersection,NO IMPROPER ACTIONS,AT INTERSECTION MARKED CROSSWALK,NO PED. SIGNAL,MIXED CLOTHING,No,NO APPARENT INJURY,NONE,39.08011633,-77.16110017,"(39.08011633, -77.16110017)"
MCP2874001B,16019861,Montgomery County Police,Injury Crash,04/22/2016 04:47:00 PM,Maryland (State),GEORGIA AVE,County,RANDOLPH RD,,N/A,PEDESTRIAN,OTHER,N/A,DRY,DAYLIGHT,TRAFFIC SIGNAL,NONE DETECTED,NONE DETECTED,36396FBE-A778-4904-8D7A-D5728E5CC236,PEDESTRIAN,Cross/Enter at Intersection,DART DASH,ON ROADWAY NOT AT CROSSWALK,DISOBEYED PED. SIGNAL,LIGHT CLOTHING,Yes,SUSPECTED MINOR INJURY,N/A,39.05656333,-77.05006667,"(39.05656333, -77.05006667)"
MCP9442000X,170510900,Montgomery County Police,Injury Crash,05/31/2017 02:06:00 PM,County,REDLAND RD,Maryland (State),MUNCASTER MILL RD,,N/A,PEDESTRIAN,OTHER,CLEAR,DRY,DAYLIGHT,NO CONTROLS,NONE DETECTED,NONE DETECTED,A9C17BD1-E070-418D-A149-7358DC3AEF0F,PEDESTRIAN,Other,IN ROADWAY IMPROPERLY,ON ROADWAY NOT AT CROSSWALK,NO PED. SIGNAL,DARK CLOTHING,Yes,POSSIBLE INJURY,N/A,39.167925,-77.20516333,"(39.167925, -77.20516333)"
MCP2831000Y,15053895,MONTGOMERY,Injury Crash,10/23/2015 07:13:00 PM,County,CENTURY BLVD,County,CRYSTAL ROCK DR,,N/A,PEDESTRIAN,SINGLE VEHICLE,CLEAR,DRY,DARK LIGHTS ON,TRAFFIC SIGNAL,N/A,N/A,7EFC9613-C2BD-4E9C-958F-30C0ADE68F71,PEDESTRIAN,Cross/Enter at Intersection,NO IMPROPER ACTIONS,ON ROADWAY AT CROSSWALK,OBEYED PED. SIGNAL,DARK CLOTHING,No,SUSPECTED MINOR INJURY,NONE,39.182685,-77.263615,"(39.182685, -77.263615)"
MCP28500016,180048206,Montgomery County Police,Injury Crash,09/27/2018 03:35:00 AM,County,STEDWICK RD,County,WATKINS MILL RD,,N/A,PEDESTRIAN,OPPOSITE DIRECTION SIDESWIPE,RAINING,WET,DARK LIGHTS ON,NO CONTROLS,ALCOHOL PRESENT,N/A,322684B3-1FD0-4042-A9FF-C82BC23FB40A,PEDESTRIAN,Standing,NO IMPROPER ACTIONS,ON ROADWAY NOT AT CROSSWALK,N/A,MIXED CLOTHING,No,SUSPECTED SERIOUS INJURY,N/A,39.170935,-77.21022167,"(39.170935, -77.21022167)"
MCP2783000M,15031359,MONTGOMERY,Injury Crash,06/27/2015 02:41:00 AM,County,RANDOLPH RD,County,DENLEY RD,,N/A,PEDESTRIAN,OTHER,CLEAR,DRY,DARK LIGHTS ON,NO CONTROLS,,ALCOHOL PRESENT,6BEED241-AEB0-4634-BA1F-2059B4A1A510,PEDESTRIAN,Unknown,UNKNOWN,ON ROADWAY NOT AT CROSSWALK,UNKNOWN,MIXED CLOTHING,No,SUSPECTED MINOR INJURY,NONE,39.05930167,-77.06207833,"(39.05930167, -77.06207833)"
MCP3069000Z,190003886,Montgomery County Police,Injury Crash,01/25/2019 04:13:00 AM,County,PARKLAWN DR,County,RANDOLPH RD,,N/A,PEDESTRIAN,OTHER,CLEAR,DRY,DARK LIGHTS ON,NO CONTROLS,UNKNOWN,NONE DETECTED,6BE4F743-4664-4348-8165-6E52964601FC,PEDESTRIAN,Walking/Riding w/Traffic,IN ROADWAY IMPROPERLY,ON ROADWAY NOT AT CROSSWALK,NO PED. SIGNAL,DARK CLOTHING,Yes,SUSPECTED SERIOUS INJURY,NONE,39.0167002,-76.98613548,"(39.0167002, -76.98613548)"
MCP2818003F,180004247,Montgomery County Police,Injury Crash,01/25/2018 12:40:00 PM,County,FENTON ST,County,CAMERON ST,,N/A,BICYCLIST,OTHER,CLEAR,DRY,DAYLIGHT,N/A,NONE DETECTED,NONE DETECTED,25215552-59BB-4434-A407-945FE0EB9473,BICYCLIST,Other,NO IMPROPER ACTIONS,SIDEWALK,OBEYED PED. SIGNAL,MIXED CLOTHING,No,POSSIBLE INJURY,N/A,38.99934333,-77.03268,"(38.99934333, -77.03268)"
MCP2941001M,16066054,Montgomery County Police,Injury Crash,12/23/2016 08:36:00 PM,,,,,PARKING LOT ENTRANCE,,PEDESTRIAN,OTHER,N/A,,DARK LIGHTS ON,NO CONTROLS,NONE DETECTED,NONE DETECTED,5D81A99A-3419-4C8A-BAFB-7006A428443E,PEDESTRIAN,Getting off/on Vehicle,ENTERING EXITING PARKED STANDING VEHICLE,SIDEWALK,NO PED. SIGNAL,DARK CLOTHING,No,SUSPECTED MINOR INJURY,NONE,38.99832283,-77.02860385,"(38.99832283, -77.02860385)"
DD5610000V,15016000,Rockville Police Departme,Injury Crash,04/07/2015 07:53:00 AM,Maryland (State),ROCKVILLE PIKE,Maryland (State),VEIRS MILL RD,,N/A,BICYCLIST,SINGLE VEHICLE,RAINING,WET,DAYLIGHT,YIELD SIGN,N/A,N/A,CF5B8CFF-2B1E-48BC-B24B-7000ED9E408A,BICYCLIST,Cross/Enter at Intersection,UNKNOWN,AT INTERSECTION MARKED CROSSWALK,OBEYED PED. SIGNAL,MIXED CLOTHING,,SUSPECTED SERIOUS INJURY,N/A,39.07707333,-77.13926333,"(39.07707333, -77.13926333)"
MCP29910025,170545523,Montgomery County Police,Injury Crash,11/29/2017 07:50:00 AM,County,THORNHURST DR,County,BOWIE MILL RD,,N/A,PEDESTRIAN,SINGLE VEHICLE,CLEAR,DRY,DAYLIGHT,N/A,UNKNOWN,NONE DETECTED,A7618B5A-395C-45C7-843E-9A5186DC1C3A,PEDESTRIAN,Walking/Riding w/Traffic,UNKNOWN,ON ROADWAY NOT AT CROSSWALK,UNKNOWN,UNKNOWN,Yes,POSSIBLE INJURY,N/A,39.15675333,-77.08854167,"(39.15675333, -77.08854167)"
MCP2108000N,180063847,Montgomery County Police,Injury Crash,12/21/2018 04:15:00 PM,County,VICTORY LA,County,GAINSBOROUGH RD,,N/A,PEDESTRIAN,SINGLE VEHICLE,CLOUDY,WET,DAYLIGHT,STOP SIGN,,NONE DETECTED,CCDE8A05-8D11-4EBB-B534-86B0DF4E4750,PEDESTRIAN,Cross/Enter at Intersection,NO IMPROPER ACTIONS,ON ROADWAY AT CROSSWALK,OBEYED PED. SIGNAL,LIGHT CLOTHING,No,SUSPECTED MINOR INJURY,NONE,39.0445,-77.17115833,"(39.0445, -77.17115833)"
MCP2351002B,180039734,Montgomery County Police,Injury Crash,08/10/2018 10:47:00 AM,County,BOU AVE,Unknown,SPUR TO CHAPMAN AVE,,N/A,BICYCLIST,OTHER,CLEAR,DRY,DAYLIGHT,YIELD SIGN,UNKNOWN,NONE DETECTED,268A5B02-7AB2-4A12-8CAF-A5EB4500125D,BICYCLIST,Walking/Riding w/Traffic,NO IMPROPER ACTIONS,ON ROADWAY AT CROSSWALK,OTHER,MIXED CLOTHING,No,SUSPECTED MINOR INJURY,UNKNOWN,39.05727446,-77.11769342,"(39.05727446, -77.11769342)"
MCP2792000C,15013088,Montgomery County Police,Injury Crash,03/21/2015 08:30:00 PM,Municipality,QUINCE ORCHARD BLVD,Municipality,FIRSTFIELD RD,,GAITHERSBURG,PEDESTRIAN,STRAIGHT MOVEMENT ANGLE,CLEAR,DRY,DARK LIGHTS ON,STOP SIGN,UNKNOWN,NONE DETECTED,3D7BAEF1-F1F1-4B6D-93D7-F586EB61E566,PEDESTRIAN,Cross/Enter at Intersection,INATTENTIVE,N/A,NO PED. SIGNAL,MIXED CLOTHING,,SUSPECTED MINOR INJURY,N/A,39.141885,-77.224545,"(39.141885, -77.224545)"
MCP28710034,16031610,Montgomery County Police,Injury Crash,06/22/2016 06:13:00 PM,County,WESTLAKE DR,County,WESTLAKE TERR,,N/A,BICYCLIST,OTHER,CLEAR,DRY,DAYLIGHT,STOP SIGN,NONE DETECTED,NONE DETECTED,0C80022B-DBBE-4944-B706-83F0F81E2A7F,BICYCLIST,Walking/Cycling on Sidewalk,NO IMPROPER ACTIONS,SIDEWALK,N/A,N/A,No,SUSPECTED MINOR INJURY,NONE,39.02851,-77.14758667,"(39.02851, -77.14758667)"
MCP30300012,170541923,Montgomery County Police,Injury Crash,11/09/2017 06:27:00 PM,County,BEECH AVE,Maryland (State),OLD GEORGETOWN RD,,N/A,PEDESTRIAN,STRAIGHT MOVEMENT ANGLE,RAINING,WET,DARK LIGHTS ON,TRAFFIC SIGNAL,NONE DETECTED,NONE DETECTED,D763C3ED-3A2B-422D-B9BA-1E81A865BB04,PEDESTRIAN,Cross/Enter at Intersection,NO IMPROPER ACTIONS,ON ROADWAY AT CROSSWALK,OBEYED PED. SIGNAL,MIXED CLOTHING,No,SUSPECTED MINOR INJURY,NONE,39.01027333,-77.11488667,"(39.01027333, -77.11488667)"