Report Number,Local Case Number,Agency Name,ACRS Report Type,Crash Date/Time,Route Type,Road Name,Cross-Street Type,Cross-Street Name,Off-Road Description,Municipality,Related Non-Motorist,Collision Type,Weather,Surface Condition,Light,Traffic Control,Driver Substance Abuse,Non-Motorist Substance Abuse,Person ID,Pedestrian Type,Pedestrian Movement,Pedestrian Actions,Pedestrian Location,Pedestrian Obeyed Traffic Signal,Pedestrian Visibility,At Fault,Injury Severity,Safety Equipment,Latitude,Longitude,Location
MCP93650014,180045668,Montgomery County Police,Injury Crash,09/13/2018 07:19:00 AM,County,GREENCASTLE RD,County,OLD COLUMBIA PIKE,,N/A,PEDESTRIAN,SINGLE VEHICLE,CLEAR,DRY,DAYLIGHT,TRAFFIC SIGNAL,NONE DETECTED,NONE DETECTED,B0B561EE-1E9F-47EA-AD43-4C04C04A4D2F,PEDESTRIAN,Cross/Enter at Intersection,NO IMPROPER ACTIONS,ON ROADWAY AT CROSSWALK,OBEYED PED. SIGNAL,LIGHT CLOTHING,No,SUSPECTED MINOR INJURY,NONE,39.09837054,-76.94428749,"(39.09837054, -76.94428749)"
MCP2564000D,15028672,Montgomery County Police,Property Damage Crash,06/12/2015 06:19:00 PM,County,MONTGOMERY VILLAGE AVE,County,CLUB HOUSE RD,,N/A,BICYCLIST,STRAIGHT MOVEMENT ANGLE,CLOUDY,DRY,DAYLIGHT,TRAFFIC SIGNAL,NONE DETECTED,UNKNOWN,3E57E7F7-43F6-4A85-ADA9-E413319AC081,BICYCLIST,Cross/Enter at Intersection,DART DASH,AT INTERSECTION MARKED CROSSWALK,UNKNOWN,UNKNOWN,,NO APPARENT INJURY,UNKNOWN,39.17453008,-77.2037065,"(39.17453008, -77.2037065)"
MCP23940023,16007106,Montgomery County Police,Injury Crash,02/11/2016 03:07:00 PM,Municipality,EDMONSTON DR,Maryland (State),VEIRS MILL RD,,N/A,PEDESTRIAN,OTHER,CLEAR,DRY,DAYLIGHT,TRAFFIC SIGNAL,NONE DETECTED,NONE DETECTED,CAE9D29F-EA8D-49AA-9653-76EC852868F2,PEDESTRIAN,Cross/Enter not at Intersection,FAILURE TO YIELD RIGHT OF WAY,ON ROADWAY NOT AT CROSSWALK,NO PED. SIGNAL,MIXED CLOTHING,Yes,SUSPECTED MINOR INJURY,NONE,39.053355,-77.12371333,"(39.053355, -77.12371333)"
MCP2182000D,15061921,MONTGOMERY,Injury Crash,12/03/2015 07:30:00 AM,,,,,"Rear parking lot of Sherwood High School
300 Olney Sandy Spring Rd. Olney, MD 20860",,PEDESTRIAN,SINGLE VEHICLE,CLEAR,,DAYLIGHT,N/A,NONE DETECTED,NONE DETECTED,0F5F17EB-81A4-476A-9B08-845FB9C85A73,PEDESTRIAN,Playing,OTHER,CURB,NO PED. SIGNAL,LIGHT CLOTHING,No,SUSPECTED MINOR INJURY,N/A,39.04169,-77.05867833,"(39.04169, -77.05867833)"
MCP1334007D,190003328,Montgomery County Police,Injury Crash,01/22/2019 08:50:00 AM,County,CONTOUR RD,County,HORIZON RUN RD,,N/A,PEDESTRIAN,SINGLE VEHICLE,CLEAR,DRY,DAYLIGHT,NO CONTROLS,NONE DETECTED,NONE DETECTED,A65C97FD-C685-46BE-9350-2E50CFBB59A8,PEDESTRIAN,Cross/Enter not at Intersection,DART DASH,ON ROADWAY NOT AT CROSSWALK,NO PED. SIGNAL,MIXED CLOTHING,Yes,SUSPECTED MINOR INJURY,NONE,39.155385,-77.19765667,"(39.155385, -77.19765667)"
MCP9321001J,170522720,Montgomery County Police,Injury Crash,08/03/2017 11:09:00 AM,County,RANDOLPH RD,Other Public Roadway,GLENMONT CIR #1,,N/A,PEDESTRIAN,SINGLE VEHICLE,CLEAR,DRY,DAYLIGHT,TRAFFIC SIGNAL,NONE DETECTED,NONE DETECTED,74A8726B-ABD9-4831-8419-6C363D99780F,PEDESTRIAN,Cross/Enter at Intersection,NO IMPROPER ACTIONS,ON ROADWAY AT CROSSWALK,OBEYED PED. SIGNAL,LIGHT CLOTHING,No,SUSPECTED SERIOUS INJURY,N/A,39.05913833,-77.047445,"(39.05913833, -77.047445)"
MCP3078002K,180061458,Montgomery County Police,Injury Crash,12/08/2018 09:35:00 PM,Maryland (State),GEORGIA AVE,Maryland (State),CONNECTICUT AVE,,N/A,PEDESTRIAN,SINGLE VEHICLE,CLEAR,DRY,DARK LIGHTS ON,TRAFFIC SIGNAL,NONE DETECTED,NONE DETECTED,D6B33432-EC18-4174-B174-97DAD4F10B26,PEDESTRIAN,Cross/Enter at Intersection,NO IMPROPER ACTIONS,ON ROADWAY AT CROSSWALK,OBEYED PED. SIGNAL,MIXED CLOTHING,No,SUSPECTED MINOR INJURY,N/A,39.08388,-77.077535,"(39.08388, -77.077535)"
DD56050026,16009465,Rockville Police Departme,Injury Crash,02/25/2016 06:26:00 PM,Maryland (State),HUNGERFORD DR,Municipality,N WASHINGTON ST,,ROCKVILLE,PEDESTRIAN,OTHER,CLEAR,DRY,DARK LIGHTS ON,NO CONTROLS,NONE DETECTED,NONE DETECTED,D734021A-D952-46C1-9756-00335B9B2515,PEDESTRIAN,Cross/Enter at Intersection,NO IMPROPER ACTIONS,SIDEWALK,NO PED. SIGNAL,DARK CLOTHING,No,SUSPECTED MINOR INJURY,NONE,39.08986,-77.15252333,"(39.08986, -77.15252333)"
MCP271700MF,190004985,Montgomery County Police,Injury Crash,01/31/2019 07:30:00 PM,,,,,5301 TUCKERMAN LANE (PARKING LOT OF STRATHMORE CONCERT HALL),,PEDESTRIAN,OTHER,N/A,,DARK LIGHTS ON,NO CONTROLS,NONE DETECTED,NONE DETECTED,AC2F2222-F347-4259-BBAC-D79C34C091CD,PEDESTRIAN,Standing,NO IMPROPER ACTIONS,OTHER,N/A,N/A,No,SUSPECTED MINOR INJURY,NONE,39.03139367,-77.10239017,"(39.03139367, -77.10239017)"
DD56040018,16008027,Rockville Police Departme,Injury Crash,02/17/2016 06:35:00 PM,Municipality,VEIRS MILL SERV RD,Municipality,BROADWOOD DR,,ROCKVILLE,PEDESTRIAN,OTHER,CLEAR,DRY,DARK LIGHTS ON,TRAFFIC SIGNAL,NONE DETECTED,NONE DETECTED,BA0ACA24-C608-48CE-8035-6235ECA26CFE,PEDESTRIAN,Cross/Enter not at Intersection,IN ROADWAY IMPROPERLY,ON ROADWAY NOT AT CROSSWALK,UNKNOWN,DARK CLOTHING,Yes,SUSPECTED MINOR INJURY,NONE,39.07730667,-77.12410667,"(39.07730667, -77.12410667)"
MCP22860015,16031224,Montgomery County Police,Injury Crash,06/20/2016 07:06:00 PM,,,,,"16501 SHADY GROVE RD, ROCKVILLE, MD 20850, US POST OFFICE",,PEDESTRIAN,OTHER,N/A,,DAYLIGHT,OTHER,NONE DETECTED,NONE DETECTED,1A5F2681-DEF2-4023-B3E7-715590856EF0,PEDESTRIAN,Cross/Enter not at Intersection,NO IMPROPER ACTIONS,OTHER,NO PED. SIGNAL,LIGHT CLOTHING,No,POSSIBLE INJURY,N/A,39.12679833,-77.17284833,"(39.12679833, -77.17284833)"
DD5595004X,170537601,Rockville Police Departme,Injury Crash,10/19/2017 03:50:00 PM,Municipality,PARK RD,Municipality,N STONESTREET AVE,,ROCKVILLE,PEDESTRIAN,SINGLE VEHICLE,CLEAR,DRY,DAYLIGHT,TRAFFIC SIGNAL,NONE DETECTED,NONE DETECTED,988116AC-0564-4599-A3B4-ED4415B11667,PEDESTRIAN,Cross/Enter at Intersection,DART DASH,AT INTERSECTION BUT NO CROSSWALK,DISOBEYED PED. SIGNAL,LIGHT CLOTHING,Yes,SUSPECTED MINOR INJURY,N/A,39.0851545,-77.146674,"(39.0851545, -77.146674)"
DD5630001D,190022958,Rockville Police Departme,Injury Crash,05/15/2019 04:35:00 PM,County,HALPINE RD,County,PIER DR,,N/A,PEDESTRIAN,OTHER,CLEAR,DRY,DAYLIGHT,NO CONTROLS,NONE DETECTED,NONE DETECTED,7B495280-DE72-491A-A09A-9C81AA2C05D2,PEDESTRIAN,Cross/Enter at Intersection,NO IMPROPER ACTIONS,AT INTERSECTION BUT NO CROSSWALK,NO PED. SIGNAL,MIXED CLOTHING,No,SUSPECTED MINOR INJURY,NONE,39.0663,-77.11594833,"(39.0663, -77.11594833)"
MCP2654000V,15057183,MONTGOMERY,Injury Crash,11/21/2015 06:22:00 PM,County,SILVER SPRING AVE,County,FENTON ST,,N/A,PEDESTRIAN,SINGLE VEHICLE,RAINING,WET,DARK LIGHTS ON,TRAFFIC SIGNAL,UNKNOWN,NONE DETECTED,5418369F-8951-446F-BE21-1B3AEA94CDB8,PEDESTRIAN,Cross/Enter at Intersection,NO IMPROPER ACTIONS,ON ROADWAY AT CROSSWALK,OBEYED PED. SIGNAL,MIXED CLOTHING,No,SUSPECTED MINOR INJURY,NONE,38.99169584,-77.02401996,"(38.99169584, -77.02401996)"
MCP2087000D,16054878,Montgomery County Police,Injury Crash,10/25/2016 11:11:00 AM,County,RANDOLPH RD,County,BUSHEY DR,,N/A,PEDESTRIAN,SINGLE VEHICLE,CLEAR,DRY,DAYLIGHT,NO CONTROLS,NONE DETECTED,NONE DETECTED,DBB10406-E1A0-4687-A577-6C6A3FE9C8D6,PEDESTRIAN,Cross/Enter at Intersection,NO IMPROPER ACTIONS,AT INTERSECTION MARKED CROSSWALK,NO PED. SIGNAL,MIXED CLOTHING,No,SUSPECTED MINOR INJURY,N/A,39.05741713,-77.07781434,"(39.05741713, -77.07781434)"
MCP2436006F,180056096,Montgomery County Police,Injury Crash,11/08/2018 12:30:00 PM,,,,,"REAR PARKING LOT OF 2 UNIVERSITY BLVD W, SILVER SPRING, MD 20903",,PEDESTRIAN,SINGLE VEHICLE,CLEAR,,DAYLIGHT,N/A,NONE DETECTED,NONE DETECTED,CA956A20-A196-4722-BF00-FA9E53440606,PEDESTRIAN,Standing,N/A,OTHER,N/A,LIGHT CLOTHING,No,POSSIBLE INJURY,N/A,39.01997033,-77.01366017,"(39.01997033, -77.01366017)"
MCP2046009D,190000543,Montgomery County Police,Injury Crash,01/04/2019 07:12:00 AM,,,,,REAR PARKING LOT OF 2 UNIVERSITY BLVD E,,PEDESTRIAN,STRAIGHT MOVEMENT ANGLE,CLEAR,,DAWN,STOP SIGN,NONE DETECTED,NONE DETECTED,FD7B509F-A204-4464-A076-B5CBEF844200,PEDESTRIAN,Walking/Cycling on Sidewalk,NO IMPROPER ACTIONS,SIDEWALK,N/A,MIXED CLOTHING,No,POSSIBLE INJURY,NONE,39.02014667,-77.01345833,"(39.02014667, -77.01345833)"
MCP26930027,170539688,Montgomery County Police,Injury Crash,10/29/2017 06:25:00 PM,Maryland (State),GEORGIA AVE,County,HEWITT AVE,,N/A,PEDESTRIAN,SINGLE VEHICLE,RAINING,WET,DARK LIGHTS ON,TRAFFIC SIGNAL,NONE DETECTED,NONE DETECTED,17F66616-1EAB-4E9E-918C-BA808236038B,PEDESTRIAN,Cross/Enter at Intersection,NO IMPROPER ACTIONS,ON ROADWAY AT CROSSWALK,OBEYED PED. SIGNAL,DARK CLOTHING,No,POSSIBLE INJURY,N/A,39.07737167,-77.07084833,"(39.07737167, -77.07084833)"
MCP2866000W,15008034,Montgomery County Police,Injury Crash,02/18/2015 03:33:00 PM,,,,,"PARKING LOT OF 4968 WYACONDA ROAD, ROCKVILLE, MD",,PEDESTRIAN,OTHER,CLEAR,,DAYLIGHT,NO CONTROLS,NONE DETECTED,NONE DETECTED,60E0E977-F1BD-4412-B92C-C27CC8DABF68,PEDESTRIAN,Push/Work on Vehicle,OTHER,OTHER,N/A,DARK CLOTHING,,SUSPECTED MINOR INJURY,NONE,39.044955,-77.099185,"(39.044955, -77.099185)"
DD55950015,15014635,Rockville Police Departme,Property Damage Crash,03/30/2015 05:09:00 PM,,,,,The parking lot exit located at 1450 Rockville Pike,,"OTHER, OTHER CONVEYANCE",SINGLE VEHICLE,SEVERE WINDS,,DAYLIGHT,N/A,N/A,N/A,1B20D794-839A-4334-8524-17D1B6331D1E,OTHER CONVEYANCE,N/A,OTHER,SIDEWALK,N/A,N/A,,NO APPARENT INJURY,N/A,39.06661406,-77.12771416,"(39.06661406, -77.12771416)"
MCP2639001R,17003191,Montgomery County Police,Injury Crash,01/18/2017 10:06:00 PM,Maryland (State),GEORGIA AVE,County,PRICE AVE,,N/A,PEDESTRIAN,STRAIGHT MOVEMENT ANGLE,CLOUDY,DRY,DARK LIGHTS ON,OTHER,NONE DETECTED,ALCOHOL CONTRIBUTED,44664C05-1C5F-4610-860C-E4EFAFF9259E,PEDESTRIAN,Cross/Enter at Intersection,NOT VISIBLE,ON ROADWAY AT CROSSWALK,NO PED. SIGNAL,DARK CLOTHING,No,POSSIBLE INJURY,NONE,39.03984167,-77.05149333,"(39.03984167, -77.05149333)"
MCP2008003R,170509660,Montgomery County Police,Injury Crash,05/24/2017 05:18:00 PM,County,LONE OAK DR,Maryland (State),OLD GEORGETOWN RD,,N/A,BICYCLIST,STRAIGHT MOVEMENT ANGLE,CLOUDY,DRY,DAYLIGHT,TRAFFIC SIGNAL,NONE DETECTED,NONE DETECTED,A6849E6F-4821-41AD-912A-2820802F5CBC,BICYCLIST,Cross/Enter at Intersection,FAILURE TO OBEY TRAFFIC SIGNS SIGNALS OR OFFICER,AT INTERSECTION MARKED CROSSWALK,DISOBEYED PED. SIGNAL,LIGHT CLOTHING,Yes,SUSPECTED MINOR INJURY,NONE,39.020575,-77.12265667,"(39.020575, -77.12265667)"
MCP3011001W,170538367,Montgomery County Police,Injury Crash,10/23/2017 05:02:00 PM,Maryland (State),BRADLEY BLVD,County,RAYBURN RD,,N/A,BICYCLIST,STRAIGHT MOVEMENT ANGLE,CLEAR,N/A,DAYLIGHT,TRAFFIC SIGNAL,NONE DETECTED,NONE DETECTED,7838D842-AD2B-402D-9EEA-69FA73AFF9B1,BICYCLIST,Cross/Enter at Intersection,NO IMPROPER ACTIONS,SHOULDER,N/A,LIGHT CLOTHING,No,SUSPECTED MINOR INJURY,MC/BIKE HELMET,38.99330333,-77.12057667,"(38.99330333, -77.12057667)"
MCP3029002G,190006893,Montgomery County Police,Injury Crash,02/12/2019 05:00:00 PM,,,,,IHOP PARKING LOT,,PEDESTRIAN,N/A,RAINING,,DAYLIGHT,NO CONTROLS,N/A,NONE DETECTED,60321D68-6F98-479D-B81B-3103086FC32A,PEDESTRIAN,Other,NO IMPROPER ACTIONS,OTHER,NO PED. SIGNAL,LIGHT CLOTHING,No,POSSIBLE INJURY,NONE,39.05631223,-76.96647021,"(39.05631223, -76.96647021)"
MCP27370032,180025601,Montgomery County Police,Injury Crash,05/24/2018 09:15:00 PM,County,BRIGHTWOOD RD,County,BOWIE MILL RD,,N/A,PEDESTRIAN,SINGLE VEHICLE,CLEAR,DRY,DARK LIGHTS ON,NO CONTROLS,NONE DETECTED,NONE DETECTED,936C9D41-EB4C-4B61-93D5-9A3763353318,PEDESTRIAN,Other,DART DASH,ON ROADWAY NOT AT CROSSWALK,NO PED. SIGNAL,UNKNOWN,Yes,SUSPECTED MINOR INJURY,NONE,39.156335,-77.09096333,"(39.156335, -77.09096333)"
EJ7847000V,15008084,Gaithersburg Police Depar,Injury Crash,02/18/2015 09:09:00 PM,Maryland (State),FREDERICK RD,Unknown,SPUR FR MD 124,,N/A,PEDESTRIAN,OTHER,CLOUDY,WET,DARK LIGHTS ON,NO CONTROLS,N/A,ALCOHOL CONTRIBUTED,D7365F4F-19AA-4007-B7D5-EA4CD68DDC02,PEDESTRIAN,Walking/Riding w/Traffic,IN ROADWAY IMPROPERLY,ON ROADWAY NOT AT CROSSWALK,NO PED. SIGNAL,DARK CLOTHING,,SUSPECTED MINOR INJURY,NONE,39.15197167,-77.21152833,"(39.15197167, -77.21152833)"
MCP15500018,15020472,Montgomery County Police,Injury Crash,04/30/2015 07:19:00 PM,Municipality,FREDERICK PL,Municipality,FREDERICK AVE,,KENSINGTON,PEDESTRIAN,SINGLE VEHICLE,CLOUDY,N/A,DAYLIGHT,N/A,NONE DETECTED,NONE DETECTED,77710985-FE06-4BE3-B3C4-F1C8408BAB45,PEDESTRIAN,Standing,N/A,OTHER,N/A,N/A,,SUSPECTED SERIOUS INJURY,N/A,39.020775,-77.07114333,"(39.020775, -77.07114333)"
DD56100032,170522986,Rockville Police Departme,Injury Crash,08/04/2017 03:39:00 PM,Municipality,WATKINS POND BLVD,Maryland (State),FREDERICK RD,,N/A,BICYCLIST,OTHER,CLEAR,DRY,DAYLIGHT,TRAFFIC SIGNAL,N/A,N/A,A5E40AB6-98D1-4600-8763-4AD354E2AF79,BICYCLIST,Cross/Enter at Intersection,UNKNOWN,ON ROADWAY AT CROSSWALK,UNKNOWN,LIGHT CLOTHING,Unknown,POSSIBLE INJURY,NONE,39.11211,-77.161845,"(39.11211, -77.161845)"
MCP30890020,180063667,Montgomery County Police,Injury Crash,12/20/2018 08:33:00 PM,County,BROADBIRCH DR,Other Public Roadway,CALVERTON BLVD (AHEAD),,N/A,PEDESTRIAN,SINGLE VEHICLE,RAINING,WET,DARK LIGHTS ON,TRAFFIC SIGNAL,UNKNOWN,N/A,1B7528F8-1F65-4815-91F3-A832818DC315,PEDESTRIAN,Cross/Enter at Intersection,N/A,AT INTERSECTION MARKED CROSSWALK,NO PED. SIGNAL,DARK CLOTHING,No,SUSPECTED MINOR INJURY,N/A,39.05601667,-76.95441167,"(39.05601667, -76.95441167)"
MCP27120011,16032514,Montgomery County Police,Injury Crash,06/27/2016 12:49:00 PM,US (State),COLUMBIA PIKE,Unknown,END BRIDGE,,N/A,PEDESTRIAN,OTHER,CLEAR,DRY,DAYLIGHT,N/A,NONE DETECTED,NONE DETECTED,29DE9B31-84EB-4E28-B120-BEADAED637B9,PEDESTRIAN,Standing,NO IMPROPER ACTIONS,SHOULDER,N/A,REFLECTIVE MATERIAL,No,POSSIBLE INJURY,REFLECTIVE CLOTHING,39.05207833,-76.978015,"(39.05207833, -76.978015)"
EJ7839001S,16057167,Gaithersburg Police Depar,Property Damage Crash,11/05/2016 10:40:00 PM,Municipality,W DEER PARK RD,Municipality,BUTTRY RD,,GAITHERSBURG,BICYCLIST,OTHER,N/A,DRY,DARK LIGHTS ON,STOP SIGN,NONE DETECTED,NONE DETECTED,257CB38D-45F6-421A-B543-7C46D56522C0,BICYCLIST,Cross/Enter at Intersection,UNKNOWN,UNKNOWN,N/A,DARK CLOTHING,Unknown,NO APPARENT INJURY,NONE,39.13404333,-77.20415333,"(39.13404333, -77.20415333)"
MCP29760024,16050199,Montgomery County Police,Injury Crash,09/30/2016 02:15:00 AM,,,,,PARKING LOT OF 12281 TECH RD,,PEDESTRIAN,OTHER,RAINING,,DARK LIGHTS ON,N/A,ALCOHOL PRESENT,NONE DETECTED,2D29F4DB-70FE-4170-BBD7-3062B89F9124,PEDESTRIAN,Standing,NO IMPROPER ACTIONS,OTHER,N/A,MIXED CLOTHING,No,SUSPECTED MINOR INJURY,N/A,39.05669961,-76.96690366,"(39.05669961, -76.96690366)"
MCP30050009,16001307,Montgomery County Police,Injury Crash,01/08/2016 06:51:00 AM,County,FLACK ST,County,WELLER RD,,N/A,PEDESTRIAN,OTHER,CLOUDY,N/A,DAWN,NO CONTROLS,UNKNOWN,NONE DETECTED,2EC90A5A-E967-4589-84B1-4871A7AA6D2E,PEDESTRIAN,Cross/Enter at Intersection,IN ROADWAY IMPROPERLY,AT INTERSECTION BUT NO CROSSWALK,DISOBEYED PED. SIGNAL,MIXED CLOTHING,Yes,POSSIBLE INJURY,N/A,39.06619131,-77.06094325,"(39.06619131, -77.06094325)"
MCP2398001D,17016355,Montgomery County Police,Injury Crash,03/31/2017 01:13:00 PM,,,,,PARKING LOT 9136 GAITHER RD,,PEDESTRIAN,OTHER,RAINING,,DAYLIGHT,NO CONTROLS,NONE DETECTED,NONE DETECTED,FCDDF913-5814-4DF4-B36E-BC4DE3689CE7,PEDESTRIAN,Other Working,OTHER,OTHER,NO PED. SIGNAL,MIXED CLOTHING,Unknown,POSSIBLE INJURY,NONE,39.11607178,-77.18831862,"(39.11607178, -77.18831862)"
MCP29340017,15062309,MONTGOMERY,Injury Crash,12/06/2015 11:40:00 AM,County,MACARTHUR BLVD,Maryland (State),WILSON LA,,N/A,BICYCLIST,OTHER,CLEAR,DRY,DAYLIGHT,NO CONTROLS,NONE DETECTED,NONE DETECTED,BC06799B-20C3-460D-929C-A764C619F901,BICYCLIST,Walking/Riding w/Traffic,NO IMPROPER ACTIONS,SHOULDER,NO PED. SIGNAL,LIGHT CLOTHING,No,POSSIBLE INJURY,MC/BIKE HELMET,38.972745,-77.14698667,"(38.972745, -77.14698667)"
MCP2982000S,16010869,MONTGOMERY,Injury Crash,03/04/2016 06:28:00 PM,County,FENTON ST,County,WAYNE AVE,,N/A,PEDESTRIAN,SINGLE VEHICLE,CLEAR,DRY,DARK LIGHTS ON,NO CONTROLS,NONE DETECTED,NONE DETECTED,324EAB86-20DF-46F1-B04C-2E9046D98DD8,PEDESTRIAN,Cross/Enter at Intersection,NO IMPROPER ACTIONS,ON ROADWAY AT CROSSWALK,NO PED. SIGNAL,LIGHT CLOTHING,No,SUSPECTED MINOR INJURY,N/A,38.99610696,-77.02476025,"(38.99610696, -77.02476025)"
MCP1475000Q,16015424,Montgomery County Police,Injury Crash,03/29/2016 06:00:00 PM,,,,,PARKING LOT OF 9659 LOST KNIFE ROAD,,PEDESTRIAN,OTHER,CLEAR,,DAYLIGHT,N/A,NONE DETECTED,UNKNOWN,5B9D77E5-AA15-4692-8600-B4C466C77A47,PEDESTRIAN,Cross/Enter not at Intersection,IN ROADWAY IMPROPERLY,ON ROADWAY NOT AT CROSSWALK,NO PED. SIGNAL,UNKNOWN,Yes,SUSPECTED MINOR INJURY,N/A,39.153467,-77.198422,"(39.153467, -77.198422)"
MCP2675000S,15031652,Montgomery County Police,Injury Crash,06/28/2015 09:19:00 PM,County,RANDOLPH RD,County,BLUHILL RD,,N/A,BICYCLIST,HEAD ON LEFT TURN,CLEAR,DRY,DARK LIGHTS ON,NO CONTROLS,NONE DETECTED,NONE DETECTED,EC72741F-4797-441E-A6F3-8FFAA117D007,BICYCLIST,Cross/Enter not at Intersection,IN ROADWAY IMPROPERLY,ON ROADWAY NOT AT CROSSWALK,NO PED. SIGNAL,DARK CLOTHING,,SUSPECTED MINOR INJURY,NONE,39.05903667,-77.06514167,"(39.05903667, -77.06514167)"
DD55220024,15034857,ROCKVILLE,Injury Crash,07/15/2015 09:39:00 PM,Municipality,EDMONSTON DR,Municipality,VEIRS MILL SERV RD,,ROCKVILLE,BICYCLIST,STRAIGHT MOVEMENT ANGLE,CLEAR,DRY,DARK LIGHTS ON,TRAFFIC SIGNAL,ALCOHOL CONTRIBUTED,NONE DETECTED,BEB68C76-406B-4D45-A441-41F606725691,BICYCLIST,Cross/Enter at Intersection,UNKNOWN,MIDBLOCK MARKED CROSSWALK,UNKNOWN,MIXED CLOTHING,No,SUSPECTED MINOR INJURY,NONE,39.07821833,-77.13039667,"(39.07821833, -77.13039667)"
MCP137800LD,180027452,Montgomery County Police,Injury Crash,06/04/2018 01:58:00 PM,,,,,PARKING LOT OF 701 RUSSELL AVE NEXT TO SEARS AUTOMOTIVE,,PEDESTRIAN,SINGLE VEHICLE,CLOUDY,,DAYLIGHT,NO CONTROLS,NONE DETECTED,NONE DETECTED,3BCA003A-B908-46EA-8837-0B2226B10A28,PEDESTRIAN,Other,OTHER,OTHER,N/A,DARK CLOTHING,Yes,POSSIBLE INJURY,N/A,39.15233,-77.20239833,"(39.15233, -77.20239833)"
MCP30160018,170517188,Montgomery County Police,Injury Crash,07/03/2017 10:13:00 PM,Maryland (State),GREAT SENECA HWY,Maryland (State),CLOPPER RD,,N/A,PEDESTRIAN,SINGLE VEHICLE,CLEAR,DRY,DARK LIGHTS ON,TRAFFIC SIGNAL,NONE DETECTED,NONE DETECTED,C735DF1B-EBE4-4BA6-95C5-524DC7105534,PEDESTRIAN,Cross/Enter at Intersection,NO IMPROPER ACTIONS,AT INTERSECTION MARKED CROSSWALK,OBEYED PED. SIGNAL,DARK CLOTHING,No,SUSPECTED MINOR INJURY,N/A,39.15955467,-77.27509717,"(39.15955467, -77.27509717)"
MCP2639000T,15021005,Montgomery County Police,Injury Crash,05/03/2015 11:41:00 PM,Maryland (State),GEORGIA AVE,County,REEDIE DR,,N/A,PEDESTRIAN,STRAIGHT MOVEMENT ANGLE,CLEAR,DRY,DARK LIGHTS ON,NO CONTROLS,NONE DETECTED,NONE DETECTED,ACDCCFCE-699A-492C-AFC0-29E0A22F7EF3,PEDESTRIAN,Cross/Enter not at Intersection,FAILURE TO YIELD RIGHT OF WAY,ON ROADWAY NOT AT CROSSWALK,NO PED. SIGNAL,MIXED CLOTHING,,SUSPECTED SERIOUS INJURY,N/A,39.03910167,-77.05091,"(39.03910167, -77.05091)"
MCP30710013,180062823,Montgomery County Police,Property Damage Crash,12/16/2018 06:01:00 PM,,,,,IN FRONT OF 11408 BROOK RUN DR,,PEDESTRIAN,OTHER,CLEAR,,DARK LIGHTS ON,NO CONTROLS,,NONE DETECTED,309B8CEE-3CB5-4976-8A54-C72814BFAEAF,PEDESTRIAN,Other,NO IMPROPER ACTIONS,SIDEWALK,N/A,N/A,Yes,NO APPARENT INJURY,NONE,39.19364333,-77.23738333,"(39.19364333, -77.23738333)"
MCP9422001H,180025275,Montgomery County Police,Injury Crash,05/23/2018 10:30:00 AM,County,PLUM ORCHARD DR,County,CHERRY HILL RD,,N/A,PEDESTRIAN,STRAIGHT MOVEMENT ANGLE,CLEAR,DRY,DAYLIGHT,TRAFFIC SIGNAL,NONE DETECTED,NONE DETECTED,DD7C0E17-B122-4EB7-B8CE-ACB3341B9240,PEDESTRIAN,Cross/Enter at Intersection,NO IMPROPER ACTIONS,AT INTERSECTION MARKED CROSSWALK,OBEYED PED. SIGNAL,MIXED CLOTHING,No,POSSIBLE INJURY,N/A,39.052505,-76.953375,"(39.052505, -76.953375)"
MCP2966000Z,15043905,MONTGOMERY,Injury Crash,09/01/2015 10:23:00 AM,County,OLD BALTIMORE RD,Maryland (State),GEORGIA AVE,,N/A,BICYCLIST,OTHER,CLEAR,DRY,DAYLIGHT,TRAFFIC SIGNAL,NONE DETECTED,NONE DETECTED,613AB5F9-8B3B-4787-AB53-87D2FEA813F2,BICYCLIST,Cross/Enter at Intersection,N/A,ON ROADWAY AT CROSSWALK,UNKNOWN,DARK CLOTHING,No,SUSPECTED MINOR INJURY,MC/BIKE HELMET,39.13700921,-77.06881285,"(39.13700921, -77.06881285)"
MCP2395000Z,180027653,Montgomery County Police,Property Damage Crash,06/05/2018 12:00:00 AM,,,,,"UNKNOWN LOCATION, POSSIBLY IN PARKING LOT OF REFERENCED ADDRESS",,OTHER,UNKNOWN,N/A,,UNKNOWN,N/A,,N/A,DC6E55CB-3863-42B9-8E4F-FCCF88AE40A9,OTHER,N/A,N/A,N/A,N/A,N/A,No,NO APPARENT INJURY,N/A,39.18042,-77.41190667,"(39.18042, -77.41190667)"