Report Number,Local Case Number,Agency Name,ACRS Report Type,Crash Date/Time,Route Type,Road Name,Cross-Street Type,Cross-Street Name,Off-Road Description,Municipality,Related Non-Motorist,Collision Type,Weather,Surface Condition,Light,Traffic Control,Driver Substance Abuse,Non-Motorist Substance Abuse,Person ID,Pedestrian Type,Pedestrian Movement,Pedestrian Actions,Pedestrian Location,Pedestrian Obeyed Traffic Signal,Pedestrian Visibility,At Fault,Injury Severity,Safety Equipment,Latitude,Longitude,Location
MCP2162000Y,15015053,Montgomery County Police,Injury Crash,04/01/2015 06:51:00 PM,County,ARCOLA AVE,Maryland (State),GEORGIA AVE,,N/A,BICYCLIST,SAME DIR REAR END,CLEAR,DRY,DAYLIGHT,N/A,N/A,N/A,0908D283-F8AA-4555-966B-B311E0E9C11F,BICYCLIST,Walking/Riding w/Traffic,NO IMPROPER ACTIONS,ON ROADWAY NOT AT CROSSWALK,N/A,LIGHT CLOTHING,,SUSPECTED MINOR INJURY,MC/BIKE HELMET,39.04718167,-77.05067833,"(39.04718167, -77.05067833)"
MCP2358003T,170524612,Montgomery County Police,Injury Crash,08/13/2017 12:07:00 PM,,,,,DRIVEWAY 10501 DEMOCRACY LANE,,PEDESTRIAN,SINGLE VEHICLE,CLEAR,,DAYLIGHT,NO CONTROLS,,NONE DETECTED,2F08BA98-195A-413E-8A60-32D049D5D361,PEDESTRIAN,Other,OTHER,OTHER,N/A,N/A,Yes,SUSPECTED SERIOUS INJURY,N/A,39.027483,-77.166076,"(39.027483, -77.166076)"
MCP2850000S,15034760,MONTGOMERY,Injury Crash,07/15/2015 01:07:00 PM,,,,,"Wheaton Plaza Ring Rd, between Target and Giant",,PEDESTRIAN,SINGLE VEHICLE,CLEAR,,DAYLIGHT,N/A,N/A,N/A,895990FA-1CC4-453E-BC13-8705CB20F8E7,PEDESTRIAN,Cross/Enter at Intersection,NO IMPROPER ACTIONS,ON ROADWAY AT CROSSWALK,N/A,MIXED CLOTHING,No,POSSIBLE INJURY,N/A,39.03736333,-77.05747333,"(39.03736333, -77.05747333)"
DD5595002X,16042686,Rockville Police Departme,Injury Crash,08/22/2016 09:51:00 AM,Maryland (State),HUNGERFORD DR,Unknown,ENT TO BUSINESSES,,N/A,PEDESTRIAN,SINGLE VEHICLE,CLEAR,DRY,DARK LIGHTS ON,TRAFFIC SIGNAL,NONE DETECTED,UNKNOWN,E285F94E-2C02-440A-837B-35F0909B33D0,PEDESTRIAN,Cross/Enter at Intersection,FAILURE TO YIELD RIGHT OF WAY,AT INTERSECTION MARKED CROSSWALK,DISOBEYED PED. SIGNAL,UNKNOWN,Yes,SUSPECTED SERIOUS INJURY,NONE,39.08950867,-77.15169083,"(39.08950867, -77.15169083)"
MCP27540018,170505519,Montgomery County Police,Injury Crash,05/02/2017 06:21:00 PM,Maryland (State),PINEY BRANCH RD,Unknown,ENT TO APTS,,N/A,PEDESTRIAN,OTHER,OTHER,DRY,DAYLIGHT,N/A,NONE DETECTED,N/A,775922F7-4D73-41D3-900C-8B9A6E082A50,PEDESTRIAN,Walking/Cycling on Sidewalk,NO IMPROPER ACTIONS,SIDEWALK,N/A,LIGHT CLOTHING,No,POSSIBLE INJURY,N/A,38.99862667,-77.00000667,"(38.99862667, -77.00000667)"
MCP9128000D,16004931,Montgomery County Police,Injury Crash,01/30/2016 01:13:00 PM,,,,,PARKING LOT OF 10901 GEORGIA AVE,,PEDESTRIAN,OTHER,CLEAR,,DAYLIGHT,NO CONTROLS,NONE DETECTED,NONE DETECTED,60FEB910-B12B-429E-ABBC-5183813C1C38,PEDESTRIAN,Other,NO IMPROPER ACTIONS,OTHER,N/A,DARK CLOTHING,No,SUSPECTED MINOR INJURY,N/A,39.03390833,-77.04842,"(39.03390833, -77.04842)"
MCP2948000D,15030901,Montgomery County Police,Injury Crash,06/24/2015 10:00:00 PM,,,,,"exiting the shopping plaza onto Georgia Avenue. Off road, just before Georgia Avenue.",,PEDESTRIAN,OTHER,CLEAR,,DARK LIGHTS ON,NO CONTROLS,NONE DETECTED,NONE DETECTED,9C47C16B-B17A-4E1E-B39D-D1F5AABF932E,PEDESTRIAN,Walking/Cycling on Sidewalk,NO IMPROPER ACTIONS,SIDEWALK,NO PED. SIGNAL,MIXED CLOTHING,,POSSIBLE INJURY,N/A,39.15259507,-77.06695274,"(39.15259507, -77.06695274)"
MCP2969004G,180006100,Montgomery County Police,Injury Crash,02/05/2018 07:25:00 AM,County,TUCKER LA,County,STRILEY DR,,N/A,PEDESTRIAN,SAME DIRECTION SIDESWIPE,SLEET,ICE,DAYLIGHT,NO CONTROLS,NONE DETECTED,NONE DETECTED,75666C6A-CDE6-467C-8638-304A4AE3507E,PEDESTRIAN,Getting off/on Vehicle,NO IMPROPER ACTIONS,ON ROADWAY NOT AT CROSSWALK,N/A,MIXED CLOTHING,No,SUSPECTED SERIOUS INJURY,NONE,39.145495,-76.99159167,"(39.145495, -76.99159167)"
MCP27530027,170504937,Montgomery County Police,Injury Crash,04/29/2017 01:42:00 PM,,,,,IN FRONT OF 3834 INTERNATIONAL DRIVE,,PEDESTRIAN,OTHER,CLEAR,,DAYLIGHT,NO CONTROLS,NONE DETECTED,NONE DETECTED,53376429-D91A-4848-B6C8-E9B2E4D8047B,PEDESTRIAN,Cross/Enter not at Intersection,UNKNOWN,ON ROADWAY NOT AT CROSSWALK,NO PED. SIGNAL,DARK CLOTHING,No,SUSPECTED MINOR INJURY,N/A,39.10255333,-77.07530833,"(39.10255333, -77.07530833)"
MCP27880018,170536709,Montgomery County Police,Injury Crash,10/17/2017 11:23:00 PM,Maryland (State),GEORGIA AVE,Maryland (State),UNIVERSITY BLVD W,,N/A,BICYCLIST,SAME DIRECTION RIGHT TURN,CLEAR,DRY,DARK LIGHTS ON,NO CONTROLS,UNKNOWN,NONE DETECTED,1C49A5D9-5810-4E45-9BD2-D566EA5BF6A1,BICYCLIST,Walking/Riding w/Traffic,UNKNOWN,SHOULDER,NO PED. SIGNAL,DARK CLOTHING,No,SUSPECTED MINOR INJURY,N/A,39.04193729,-77.05223545,"(39.04193729, -77.05223545)"
MCP2964001B,16010290,Montgomery County Police,Injury Crash,03/01/2016 04:47:00 PM,,,,,PARKING LOT AT 19515 FREDERICK RD 20876,,BICYCLIST,STRAIGHT MOVEMENT ANGLE,CLEAR,,DAYLIGHT,STOP SIGN,NONE DETECTED,NONE DETECTED,E1BD3013-7228-42E9-A571-C0022985672B,BICYCLIST,Other,FAILURE TO OBEY TRAFFIC SIGNS SIGNALS OR OFFICER,OUTSIDE RIGHT OF WAY,N/A,MIXED CLOTHING,Yes,POSSIBLE INJURY,NONE,39.17857631,-77.23516345,"(39.17857631, -77.23516345)"
DD5615002Q,16056048,Rockville Police Departme,Injury Crash,10/31/2016 11:41:00 AM,Municipality,WOOTTON PKWY,Maryland (State),ROCKVILLE PIKE,,N/A,PEDESTRIAN,SINGLE VEHICLE,CLEAR,DRY,DAYLIGHT,NO CONTROLS,NONE DETECTED,NONE DETECTED,25D61784-FD7C-4580-8F90-EB99937EF3CB,PEDESTRIAN,Walking to/from school,IN ROADWAY IMPROPERLY,ON ROADWAY NOT AT CROSSWALK,NO PED. SIGNAL,DARK CLOTHING,Yes,POSSIBLE INJURY,NONE,39.076525,-77.13979167,"(39.076525, -77.13979167)"
MCP2348002J,17016091,Montgomery County Police,Injury Crash,03/30/2017 01:20:00 AM,Interstate (State),EISENHOWER MEMORIAL HWY,Ramp,RAMP 7 FR MD 121 WB TO IS 270 SB,,N/A,PEDESTRIAN,SINGLE VEHICLE,CLEAR,DRY,DARK NO LIGHTS,NO CONTROLS,NONE DETECTED,NONE DETECTED,4356AFCA-3494-45C8-9588-4B7EECF6B8FC,PEDESTRIAN,Other,NO IMPROPER ACTIONS,ON ROADWAY NOT AT CROSSWALK,N/A,DARK CLOTHING,No,SUSPECTED SERIOUS INJURY,N/A,39.22098667,-77.27935667,"(39.22098667, -77.27935667)"
MCP2798002Y,170507244,Montgomery County Police,Property Damage Crash,05/11/2017 03:39:00 PM,County,CHERRY HILL RD,County,PLUM ORCHARD DR,,N/A,PEDESTRIAN,SINGLE VEHICLE,RAINING,WET,DAYLIGHT,TRAFFIC SIGNAL,NONE DETECTED,NONE DETECTED,48F63274-57BE-4CC8-BA52-B1A2B340CCC5,PEDESTRIAN,Cross/Enter at Intersection,FAILURE TO OBEY TRAFFIC SIGNS SIGNALS OR OFFICER,AT INTERSECTION MARKED CROSSWALK,DISOBEYED PED. SIGNAL,MIXED CLOTHING,Yes,NO APPARENT INJURY,NONE,39.05293167,-76.95316333,"(39.05293167, -76.95316333)"
MCP2362002S,180002423,Montgomery County Police,Injury Crash,01/16/2018 07:56:00 AM,US (State),COLESVILLE RD,County,CRESTMOOR DR,,N/A,PEDESTRIAN,STRAIGHT MOVEMENT ANGLE,CLEAR,DRY,DAYLIGHT,NO CONTROLS,N/A,N/A,B98F326E-EE7F-4B9C-9C45-1B6B946C3EBF,PEDESTRIAN,Cross/Enter at Intersection,NO IMPROPER ACTIONS,AT INTERSECTION BUT NO CROSSWALK,NO PED. SIGNAL,MIXED CLOTHING,No,POSSIBLE INJURY,N/A,39.02814967,-77.00925817,"(39.02814967, -77.00925817)"
MCP2637000X,16016717,Montgomery County Police,Injury Crash,04/06/2016 05:59:00 AM,Maryland (State),FALLS RD,Municipality,WOOTTON PKWY,,ROCKVILLE,PEDESTRIAN,OTHER,CLEAR,DRY,DARK NO LIGHTS,TRAFFIC SIGNAL,NONE DETECTED,NONE DETECTED,64F14083-39C8-4506-9AB7-0C68AE597AA3,PEDESTRIAN,Cross/Enter at Intersection,FAILURE TO OBEY TRAFFIC SIGNS SIGNALS OR OFFICER,ON ROADWAY NOT AT CROSSWALK,DISOBEYED PED. SIGNAL,DARK CLOTHING,Yes,POSSIBLE INJURY,NONE,39.06994599,-77.16995358,"(39.06994599, -77.16995358)"
MCP27940015,15053515,MONTGOMERY,Injury Crash,10/21/2015 10:13:00 PM,County,WOODMONT AVE,County,BATTERY LA,,N/A,PEDESTRIAN,OTHER,N/A,DRY,DARK NO LIGHTS,TRAFFIC SIGNAL,N/A,NONE DETECTED,B144BFE0-C830-428A-99D3-10C08ABCCC00,PEDESTRIAN,N/A,NO IMPROPER ACTIONS,AT INTERSECTION MARKED CROSSWALK,OBEYED PED. SIGNAL,MIXED CLOTHING,No,SUSPECTED MINOR INJURY,N/A,38.99270484,-77.09711552,"(38.99270484, -77.09711552)"
MCP2987000Q,16023118,Montgomery County Police,Injury Crash,05/10/2016 07:30:00 AM,,,,,"IN DRIVEWAY OF 509 HARDING DR, SILVER SPRING MD 20901",,PEDESTRIAN,SINGLE VEHICLE,CLEAR,,DAYLIGHT,NO CONTROLS,NONE DETECTED,NONE DETECTED,05240AE3-201B-43C4-8CD8-8092A6BD84F2,PEDESTRIAN,Standing,NOT VISIBLE,OTHER,N/A,MIXED CLOTHING,Yes,SUSPECTED MINOR INJURY,NONE,39.01157833,-76.98385667,"(39.01157833, -76.98385667)"
MCP3050002D,180032646,Montgomery County Police,Injury Crash,07/02/2018 07:16:00 PM,,,,,PARKING LOT NEXT TO 14339 GEORGIA AVE SILVER SPRING MD 20906,,PEDESTRIAN,OTHER,CLEAR,,DAYLIGHT,NO CONTROLS,NONE DETECTED,NONE DETECTED,14D14E8B-3539-4246-8875-2DA9A4161CF0,PEDESTRIAN,Other,OTHER,OTHER,N/A,LIGHT CLOTHING,No,SUSPECTED SERIOUS INJURY,N/A,39.09248833,-77.07799,"(39.09248833, -77.07799)"
MCP2845000X,15018338,Montgomery County Police,Injury Crash,04/19/2015 11:54:00 AM,County,LARISTON LA,County,LA GRANDE RD,,N/A,PEDESTRIAN,SINGLE VEHICLE,CLEAR,DRY,DAYLIGHT,NO CONTROLS,NONE DETECTED,NONE DETECTED,79CD1293-01BC-4835-BC78-099F288F3DF8,PEDESTRIAN,Walking/Riding against Traffic,NOT VISIBLE,ON ROADWAY NOT AT CROSSWALK,NO PED. SIGNAL,N/A,,POSSIBLE INJURY,N/A,39.02471833,-76.989235,"(39.02471833, -76.989235)"
MCP3109001S,180063350,Montgomery County Police,Injury Crash,12/19/2018 11:45:00 AM,Maryland (State),EAST WEST HWY,Maryland (State),16TH ST,,N/A,PEDESTRIAN,SAME DIR REAR END,CLEAR,DRY,DAYLIGHT,TRAFFIC SIGNAL,NONE DETECTED,NONE DETECTED,9C9CB870-5BB6-4277-B76C-AF4DD0EBFA2C,PEDESTRIAN,Cross/Enter at Intersection,IN ROADWAY IMPROPERLY,ON ROADWAY AT CROSSWALK,OBEYED PED. SIGNAL,N/A,No,POSSIBLE INJURY,N/A,38.994154,-77.03639133,"(38.994154, -77.03639133)"
MCP1020003M,180044050,Montgomery County Police,Injury Crash,09/04/2018 08:06:00 AM,,,,,DRIVEWAY TO 19910 FREDERICK ROAD,,PEDESTRIAN,OTHER,CLEAR,,DAYLIGHT,NO CONTROLS,NONE DETECTED,NONE DETECTED,ECB9C2FE-25E3-4896-9303-22165E060BE1,PEDESTRIAN,Cross/Enter not at Intersection,DART DASH,OTHER,NO PED. SIGNAL,MIXED CLOTHING,Yes,SUSPECTED MINOR INJURY,N/A,39.1831895,-77.23926717,"(39.1831895, -77.23926717)"
MCP2843000G,15055270,MONTGOMERY,Injury Crash,10/30/2015 07:43:00 PM,Municipality,GIRARD ST,Municipality,VICTORY FARM DR,,GAITHERSBURG,BICYCLIST,STRAIGHT MOVEMENT ANGLE,CLEAR,DRY,DARK LIGHTS ON,NO CONTROLS,NONE DETECTED,NONE DETECTED,D61892CA-144D-452B-AA3F-4D42E184157C,BICYCLIST,Cross/Enter at Intersection,FAILURE TO YIELD RIGHT OF WAY,AT INTERSECTION MARKED CROSSWALK,NO PED. SIGNAL,MIXED CLOTHING,Yes,POSSIBLE INJURY,NONE,39.14664092,-77.18492568,"(39.14664092, -77.18492568)"
MCP2923002F,17004482,Montgomery County Police,Injury Crash,01/26/2017 06:59:00 AM,County,ARCOLA AVE,Maryland (State),GEORGIA AVE,,N/A,BICYCLIST,OTHER,CLOUDY,DRY,DARK LIGHTS ON,FLASHING TRAFFIC SIGNAL,NONE DETECTED,NONE DETECTED,663618DF-3A43-4448-9CD6-95A957A65B08,BICYCLIST,Cross/Enter at Intersection,NO IMPROPER ACTIONS,ON ROADWAY AT CROSSWALK,OBEYED PED. SIGNAL,DARK CLOTHING,No,POSSIBLE INJURY,UNKNOWN,39.04694,-77.05190333,"(39.04694, -77.05190333)"
MCP29710044,180046537,Montgomery County Police,Injury Crash,09/17/2018 03:30:00 PM,,SNOWDEN FARM PARKWAY,,NEWCUT ROAD,,N/A,PEDESTRIAN,OTHER,RAINING,WET,DAYLIGHT,FLASHING TRAFFIC SIGNAL,NONE DETECTED,NONE DETECTED,112BF015-CAFB-4308-8544-489401E51195,PEDESTRIAN,Cross/Enter at Intersection,NO IMPROPER ACTIONS,ON ROADWAY AT CROSSWALK,NO PED. SIGNAL,UNKNOWN,No,POSSIBLE INJURY,NONE,39.22835497,-77.2502234,"(39.22835497, -77.2502234)"
EJ7852001X,180016641,Gaithersburg Police Depar,Injury Crash,04/05/2018 11:20:00 PM,Maryland (State),QUINCE ORCHARD RD,Municipality,FIRSTFIELD RD,,GAITHERSBURG,PEDESTRIAN,N/A,CLEAR,DRY,DARK LIGHTS ON,N/A,NONE DETECTED,NONE DETECTED,AB684A85-0DF5-4498-9605-FBFD361B6EF0,PEDESTRIAN,Unknown,UNKNOWN,N/A,UNKNOWN,DARK CLOTHING,Unknown,POSSIBLE INJURY,N/A,39.14602935,-77.21957445,"(39.14602935, -77.21957445)"
MCP1020001T,16058598,Montgomery County Police,Injury Crash,11/14/2016 07:37:00 AM,County,TAPWOOD RD,County,SCHAEFFER RD,,N/A,PEDESTRIAN,SAME DIR REAR END,CLEAR,DRY,DAYLIGHT,NO CONTROLS,NONE DETECTED,NONE DETECTED,C92D0957-62FF-48F3-B128-03473B80CD68,PEDESTRIAN,Walking/Riding w/Traffic,NO IMPROPER ACTIONS,ON ROADWAY NOT AT CROSSWALK,N/A,MIXED CLOTHING,No,SUSPECTED MINOR INJURY,N/A,39.15917333,-77.29155167,"(39.15917333, -77.29155167)"
MCP31090013,180039559,Montgomery County Police,Injury Crash,08/09/2018 02:15:00 PM,Maryland (State),GEORGIA AVE,Unknown,THE MD NATIONAL CAPITAL PARK & PLANNING,,N/A,PEDESTRIAN,SINGLE VEHICLE,CLEAR,DRY,DAYLIGHT,NO CONTROLS,NONE DETECTED,NONE DETECTED,4F1C357E-EBF4-4A18-8951-3EC1C6209001,PEDESTRIAN,Cross/Enter not at Intersection,IN ROADWAY IMPROPERLY,ON ROADWAY NOT AT CROSSWALK,NO PED. SIGNAL,LIGHT CLOTHING,Yes,POSSIBLE INJURY,NONE,38.99909202,-77.03131557,"(38.99909202, -77.03131557)"
MCP94300001,16055044,Montgomery County Police,Injury Crash,10/26/2016 07:45:00 AM,,,,,DRIVEWAY TO GIANT 10400 OLD GEORGETOWN ROAD,,BICYCLIST,OTHER,CLEAR,,DAYLIGHT,STOP SIGN,NONE DETECTED,NONE DETECTED,0E895861-5CD2-434F-85D1-129CEB820520,BICYCLIST,Cross/Enter at Intersection,N/A,ON ROADWAY NOT AT CROSSWALK,N/A,N/A,No,SUSPECTED MINOR INJURY,MC/BIKE HELMET,39.02618833,-77.12957167,"(39.02618833, -77.12957167)"
MCP10200031,180009851,Montgomery County Police,Injury Crash,02/26/2018 09:04:00 AM,County,BOLAND FARM RD,Maryland (State),FREDERICK RD,,N/A,BICYCLIST,OTHER,CLEAR,DRY,DAYLIGHT,OTHER,NONE DETECTED,NONE DETECTED,431C6187-045B-45A6-9A44-E8243F9A54BD,BICYCLIST,Cross/Enter at Intersection,NO IMPROPER ACTIONS,ON ROADWAY AT CROSSWALK,NO PED. SIGNAL,DARK CLOTHING,No,SUSPECTED SERIOUS INJURY,UNKNOWN,39.195328,-77.2446005,"(39.195328, -77.2446005)"
MCP2935001G,170545545,Montgomery County Police,Injury Crash,11/28/2017 08:18:00 PM,County,FENTON ST,US (State),COLESVILLE RD,,N/A,PEDESTRIAN,SINGLE VEHICLE,CLEAR,DRY,DARK LIGHTS ON,TRAFFIC SIGNAL,NONE DETECTED,NONE DETECTED,A879CB6B-7134-4C1F-8EEF-1C8F17F2A833,PEDESTRIAN,Cross/Enter at Intersection,NO IMPROPER ACTIONS,AT INTERSECTION MARKED CROSSWALK,OBEYED PED. SIGNAL,DARK CLOTHING,No,SUSPECTED MINOR INJURY,NONE,38.98209667,-77.02003833,"(38.98209667, -77.02003833)"
MCP2600001F,15055481,MONTGOMERY,Injury Crash,10/31/2015 10:35:00 PM,Maryland (State),NEW HAMPSHIRE AVE,County,POWDER MILL RD,,N/A,PEDESTRIAN,OTHER,CLEAR,DRY,DARK LIGHTS ON,TRAFFIC SIGNAL,NONE DETECTED,UNKNOWN,BB0B789B-27B4-42A6-8D2A-F56FD7CDDAE4,PEDESTRIAN,Cross/Enter at Intersection,UNKNOWN,ON ROADWAY NOT AT CROSSWALK,DISOBEYED PED. SIGNAL,MIXED CLOTHING,Yes,POSSIBLE INJURY,N/A,39.02158667,-76.97838,"(39.02158667, -76.97838)"
MCP2986002D,180007293,Montgomery County Police,Injury Crash,02/12/2018 04:56:00 AM,Maryland (State),16TH ST,County,SECOND AVE,,N/A,PEDESTRIAN,SINGLE VEHICLE,CLEAR,DRY,DARK LIGHTS ON,TRAFFIC SIGNAL,NONE DETECTED,NONE DETECTED,005E5857-5951-4599-AC12-AE7C78D18820,PEDESTRIAN,Cross/Enter at Intersection,NO IMPROPER ACTIONS,AT INTERSECTION MARKED CROSSWALK,OBEYED PED. SIGNAL,DARK CLOTHING,No,SUSPECTED MINOR INJURY,NONE,39.00330167,-77.040185,"(39.00330167, -77.040185)"
DD5595000V,15001558,Rockville Police Departme,Property Damage Crash,01/10/2015 01:03:00 PM,,,,,THE REAR OF THE PARKING LOT AT 820 BALTIMORE RD,,OTHER,SINGLE VEHICLE,CLEAR,,DAYLIGHT,N/A,NONE DETECTED,N/A,8BACDC76-CE55-4369-A71F-2AA8325ADF0F,OTHER,N/A,N/A,OTHER,N/A,N/A,,NO APPARENT INJURY,N/A,39.08497103,-77.13515997,"(39.08497103, -77.13515997)"
MCP2837000X,16017506,Montgomery County Police,Injury Crash,04/10/2016 12:10:00 PM,Maryland (State),DARNESTOWN RD,Maryland (State),SENECA RD,,N/A,BICYCLIST,HEAD ON LEFT TURN,N/A,DRY,DAYLIGHT,NO CONTROLS,NONE DETECTED,NONE DETECTED,AD3701A4-C2C2-46FA-8607-49DEC5037B98,BICYCLIST,Cross/Enter not at Intersection,NO IMPROPER ACTIONS,ON ROADWAY NOT AT CROSSWALK,NO PED. SIGNAL,N/A,No,POSSIBLE INJURY,MC/BIKE HELMET,39.103765,-77.292745,"(39.103765, -77.292745)"
DD5614001H,16053728,Rockville Police Departme,Injury Crash,10/19/2016 07:12:00 AM,Municipality,PICCARD DR,Municipality,GAITHER RD,,ROCKVILLE,BICYCLIST,STRAIGHT MOVEMENT ANGLE,CLEAR,DRY,DAWN,TRAFFIC SIGNAL,NONE DETECTED,NONE DETECTED,F3CFE3CC-DF18-464D-BA04-4A80CBA42653,BICYCLIST,Walking/Riding against Traffic,FAILURE TO OBEY TRAFFIC SIGNS SIGNALS OR OFFICER,ON ROADWAY AT CROSSWALK,DISOBEYED PED. SIGNAL,MIXED CLOTHING,Yes,SUSPECTED MINOR INJURY,NONE,39.08375333,-77.15305,"(39.08375333, -77.15305)"
MCP28050015,15003440,Montgomery County Police,Injury Crash,01/21/2015 07:14:00 PM,,,,,20110 ROTHBURY LANE (PARKING LOT),,PEDESTRIAN,OTHER,CLOUDY,,DARK NO LIGHTS,N/A,NONE DETECTED,NONE DETECTED,5A6E218A-7453-4EF9-B2BE-212A7B893853,PEDESTRIAN,Unknown,UNKNOWN,ON ROADWAY AT CROSSWALK,UNKNOWN,MIXED CLOTHING,,POSSIBLE INJURY,N/A,39.18607,-77.19134333,"(39.18607, -77.19134333)"
MCP29820026,170547437,Montgomery County Police,Injury Crash,12/08/2017 06:53:00 PM,US (State),COLESVILLE RD,County,SPRING ST,,N/A,PEDESTRIAN,OTHER,CLEAR,DRY,DARK LIGHTS ON,UNKNOWN,UNKNOWN,NONE DETECTED,1D617DB5-AEA5-49B6-9969-B0DEB24DD89C,PEDESTRIAN,Cross/Enter at Intersection,NO IMPROPER ACTIONS,AT INTERSECTION MARKED CROSSWALK,OBEYED PED. SIGNAL,MIXED CLOTHING,No,SUSPECTED MINOR INJURY,N/A,38.9990128,-77.02622473,"(38.9990128, -77.02622473)"
MCP1550002B,16044387,Montgomery County Police,Injury Crash,08/31/2016 07:30:00 AM,County,ROCK SPRING DR,Maryland (State),OLD GEORGETOWN RD,,N/A,BICYCLIST,OTHER,CLEAR,DRY,DAYLIGHT,NO CONTROLS,NONE DETECTED,NONE DETECTED,4794EEFE-FAEF-40BC-9940-D0CC8F984239,BICYCLIST,Other,NO IMPROPER ACTIONS,OTHER,N/A,MIXED CLOTHING,Yes,SUSPECTED MINOR INJURY,UNKNOWN,38.98124,-77.12732833,"(38.98124, -77.12732833)"
MCP20870028,180041953,Montgomery County Police,Injury Crash,08/23/2018 09:09:00 AM,County,RANDOLPH RD,County,JUDSON RD,,N/A,OTHER,SINGLE VEHICLE,CLEAR,DRY,DAYLIGHT,STOP SIGN,NONE DETECTED,NONE DETECTED,53EC57BF-0314-4B6A-8A09-77474858A9CC,OTHER,Standing,NO IMPROPER ACTIONS,AT INTERSECTION BUT NO CROSSWALK,N/A,REFLECTIVE MATERIAL,No,SUSPECTED SERIOUS INJURY,REFLECTIVE CLOTHING,39.05770833,-77.05182833,"(39.05770833, -77.05182833)"
MCP137800GW,170507434,Montgomery County Police,Injury Crash,05/12/2017 04:56:00 PM,County,SNOUFFERS SCHOOL RD,County,WELBECK WAY,,N/A,PEDESTRIAN,SINGLE VEHICLE,RAINING,WET,DAYLIGHT,NO CONTROLS,NONE DETECTED,NONE DETECTED,4EB65E5A-E3FF-49FC-BD9E-F6104FB70A19,PEDESTRIAN,Cross/Enter not at Intersection,DART DASH,ON ROADWAY NOT AT CROSSWALK,NO PED. SIGNAL,DARK CLOTHING,Yes,SUSPECTED MINOR INJURY,NONE,39.18528667,-77.183645,"(39.18528667, -77.183645)"
MCP2921001G,16064255,Montgomery County Police,Injury Crash,12/14/2016 08:04:00 PM,,,,,IN AREA BETWEEN THE BEST BUY STORE (20914 FREDERICK RD) AND THE BEST BUY PARKING LOT.,,PEDESTRIAN,SINGLE VEHICLE,CLEAR,,DARK LIGHTS ON,N/A,NONE DETECTED,NONE DETECTED,457CCBB6-CB41-4FAF-BD14-55CCA2E200ED,PEDESTRIAN,Cross/Enter at Intersection,NO IMPROPER ACTIONS,ON ROADWAY AT CROSSWALK,N/A,LIGHT CLOTHING,No,POSSIBLE INJURY,N/A,39.25777667,-77.20923333,"(39.25777667, -77.20923333)"
HA22880003,16001149,Maryland-National Capital,Injury Crash,09/08/2016 07:20:00 AM,,LITTLE FALLS PKWY,,ARLINGTON ROAD,,N/A,BICYCLIST,STRAIGHT MOVEMENT ANGLE,N/A,DRY,DAYLIGHT,YIELD SIGN,N/A,N/A,3AACDD70-A5CB-4803-9704-8E40DA7353F8,BICYCLIST,Cross/Enter at Intersection,NO IMPROPER ACTIONS,AT INTERSECTION MARKED CROSSWALK,OBEYED PED. SIGNAL,N/A,No,SUSPECTED MINOR INJURY,N/A,39.00101833,-77.08166833,"(39.00101833, -77.08166833)"
MCP28460019,15057967,MONTGOMERY,Injury Crash,11/13/2015 02:50:00 PM,County,GRANDVIEW AVE,County,BLUERIDGE AVE,,N/A,PEDESTRIAN,OTHER,CLEAR,DRY,DAYLIGHT,NO CONTROLS,NONE DETECTED,NONE DETECTED,5E5194E6-475A-4A36-B2E4-BE60B2FBC644,PEDESTRIAN,Cross/Enter at Intersection,INATTENTIVE,ON ROADWAY AT CROSSWALK,NO PED. SIGNAL,MIXED CLOTHING,No,POSSIBLE INJURY,NONE,39.04284167,-77.05323167,"(39.04284167, -77.05323167)"
MCP3130000W,180057950,Montgomery County Police,Injury Crash,11/19/2018 06:15:00 AM,,,,,PARKING LOT LOCATED AT 3740 BEL PRE ROAD,,PEDESTRIAN,OTHER,CLEAR,,DARK NO LIGHTS,N/A,NONE DETECTED,NONE DETECTED,9CFFFC15-01E9-4238-A99E-67FE45135041,PEDESTRIAN,Cross/Enter at Intersection,NO IMPROPER ACTIONS,OTHER,NO PED. SIGNAL,MIXED CLOTHING,No,SUSPECTED MINOR INJURY,NONE,39.092615,-77.07494,"(39.092615, -77.07494)"
MCP3014000M,16017776,Montgomery County Police,Injury Crash,04/11/2016 06:00:00 PM,,,,,PEDESTRIAN STRUCK ON SIDEWALK IN THE ENTRANCE TO PARKING LOT OF 13205 TWINBROOK PKWY.,,PEDESTRIAN,STRAIGHT MOVEMENT ANGLE,UNKNOWN,,UNKNOWN,NO CONTROLS,UNKNOWN,NONE DETECTED,F4623942-C3AD-47C9-B843-DB8A17587FC0,PEDESTRIAN,Walking/Cycling on Sidewalk,N/A,SIDEWALK,N/A,UNKNOWN,No,SUSPECTED MINOR INJURY,N/A,39.07276031,-77.11248726,"(39.07276031, -77.11248726)"