Report Number,Local Case Number,Agency Name,ACRS Report Type,Crash Date/Time,Route Type,Road Name,Cross-Street Type,Cross-Street Name,Off-Road Description,Municipality,Related Non-Motorist,Collision Type,Weather,Surface Condition,Light,Traffic Control,Driver Substance Abuse,Non-Motorist Substance Abuse,Person ID,Pedestrian Type,Pedestrian Movement,Pedestrian Actions,Pedestrian Location,Pedestrian Obeyed Traffic Signal,Pedestrian Visibility,At Fault,Injury Severity,Safety Equipment,Latitude,Longitude,Location
MCP2679001Z,170500609,Montgomery County Police,Injury Crash,04/05/2017 06:15:00 PM,County,REDLAND RD,Other Public Roadway,SOMERVILLE DR,,N/A,PEDESTRIAN,OTHER,CLEAR,DRY,DAYLIGHT,NO CONTROLS,N/A,NONE DETECTED,B3280ADF-D445-4077-A35B-4386164BF6B0,PEDESTRIAN,Cross/Enter not at Intersection,FAILURE TO YIELD RIGHT OF WAY,ON ROADWAY NOT AT CROSSWALK,NO PED. SIGNAL,MIXED CLOTHING,Yes,POSSIBLE INJURY,NONE,39.11714094,-77.16470249,"(39.11714094, -77.16470249)"
MCP2546002J,180046952,Montgomery County Police,Property Damage Crash,09/19/2018 01:25:00 PM,County,E JEFFERSON ST,County,MONTROSE RD,,N/A,OTHER,OTHER,CLEAR,DRY,DAYLIGHT,OTHER,NONE DETECTED,NONE DETECTED,B96521D3-1975-4BF3-8681-1EFD8BE77771,OTHER,Other,OTHER,MEDIAN,OTHER,REFLECTIVE MATERIAL,No,NO APPARENT INJURY,REFLECTIVE CLOTHING,39.04965789,-77.126099,"(39.04965789, -77.126099)"
MCP29860013,16047292,Montgomery County Police,Injury Crash,09/15/2016 07:05:00 AM,County,SPRING ST,US (State),COLESVILLE RD,,N/A,PEDESTRIAN,STRAIGHT MOVEMENT ANGLE,N/A,DRY,DAYLIGHT,TRAFFIC SIGNAL,NONE DETECTED,NONE DETECTED,4BB88918-2414-4644-B56C-8B6EC6C70219,PEDESTRIAN,Other,NO IMPROPER ACTIONS,AT INTERSECTION MARKED CROSSWALK,OBEYED PED. SIGNAL,LIGHT CLOTHING,No,POSSIBLE INJURY,NONE,38.9989,-77.025975,"(38.9989, -77.025975)"
MCP2717001X,15036606,MONTGOMERY,Injury Crash,07/24/2015 06:28:00 PM,,,,,Rear Parking Lot of 8600 16th Street (Suburban Towers apartment building),,BICYCLIST,OTHER,CLEAR,,DAYLIGHT,NO CONTROLS,NONE DETECTED,NONE DETECTED,11C5BF32-AFE4-4C8C-9D43-054E3B69AEE7,BICYCLIST,Playing,INATTENTIVE,OTHER,NO PED. SIGNAL,MIXED CLOTHING,Yes,SUSPECTED MINOR INJURY,MC/BIKE HELMET,39.04637,-77.112665,"(39.04637, -77.112665)"
MCP1575005H,170522067,Montgomery County Police,Injury Crash,07/31/2017 09:06:00 AM,Maryland (State),FREDERICK RD,County,REDLAND RD,,N/A,BICYCLIST,OTHER,CLEAR,DRY,DAYLIGHT,NO CONTROLS,NONE DETECTED,NONE DETECTED,26C5B1FE-CAFE-4B52-A8A1-BF8627917602,BICYCLIST,Other,NO IMPROPER ACTIONS,SIDEWALK,NO PED. SIGNAL,MIXED CLOTHING,No,POSSIBLE INJURY,NONE,39.11558333,-77.16568667,"(39.11558333, -77.16568667)"
MCP91130033,170537370,Montgomery County Police,Injury Crash,10/18/2017 01:13:00 PM,County,GRENOBLE DR,County,HALLET PL,,N/A,PEDESTRIAN,OTHER,CLEAR,DRY,DAYLIGHT,NO CONTROLS,,NONE DETECTED,A74F4E30-0191-412B-AD0D-E27303113A8D,PEDESTRIAN,Other,OTHER,OTHER,NO PED. SIGNAL,OTHER,No,POSSIBLE INJURY,N/A,39.073068,-77.091561,"(39.073068, -77.091561)"
MCP2954002D,16050910,Montgomery County Police,Injury Crash,10/04/2016 06:50:00 AM,Maryland (State),PINEY BRANCH RD,Other Public Roadway,CARROLL AVE,,N/A,PEDESTRIAN,N/A,N/A,DRY,DAWN,NO CONTROLS,UNKNOWN,NONE DETECTED,05956368-F29F-4E48-B0C5-884D662A78DD,PEDESTRIAN,Other,NO IMPROPER ACTIONS,ON ROADWAY AT CROSSWALK,NO PED. SIGNAL,MIXED CLOTHING,No,SUSPECTED MINOR INJURY,NONE,39.00130988,-76.98708057,"(39.00130988, -76.98708057)"
DD55830051,190011114,Rockville Police Departme,Injury Crash,03/10/2019 03:50:00 PM,County,TWINBROOK PKWY,Municipality,PIER DR,,ROCKVILLE,PEDESTRIAN,SINGLE VEHICLE,CLEAR,DRY,DAYLIGHT,NO CONTROLS,NONE DETECTED,NONE DETECTED,B5DB103A-C7B9-477B-85DA-E996F1D46608,PEDESTRIAN,Cross/Enter at Intersection,NO IMPROPER ACTIONS,ON ROADWAY AT CROSSWALK,NO PED. SIGNAL,MIXED CLOTHING,No,SUSPECTED SERIOUS INJURY,N/A,39.0690275,-77.11411817,"(39.0690275, -77.11411817)"
HA22800007,15001176,MCPARK,Injury Crash,10/20/2015 08:46:00 AM,Government,LITTLE FALLS PKWY,County,ARLINGTON RD,,N/A,BICYCLIST,STRAIGHT MOVEMENT ANGLE,CLEAR,DRY,DAYLIGHT,STOP SIGN,NONE DETECTED,NONE DETECTED,A0BE7736-BAC3-484B-81C2-EF547E091878,BICYCLIST,Cross/Enter at Intersection,FAILURE TO OBEY TRAFFIC SIGNS SIGNALS OR OFFICER,AT INTERSECTION MARKED CROSSWALK,OTHER,REFLECTIVE MATERIAL,Yes,SUSPECTED MINOR INJURY,MC/BIKE HELMET,38.97343975,-77.10134268,"(38.97343975, -77.10134268)"
MCP29480029,180009623,Montgomery County Police,Injury Crash,02/24/2018 05:10:00 PM,Maryland (State),GEORGIA AVE,County,PRICE AVE,,N/A,PEDESTRIAN,OTHER,RAINING,WET,DAYLIGHT,N/A,NONE DETECTED,NONE DETECTED,833B8594-1005-4A97-93F2-BCF2E1BFCB06,PEDESTRIAN,Cross/Enter at Intersection,NO IMPROPER ACTIONS,AT INTERSECTION MARKED CROSSWALK,NO PED. SIGNAL,N/A,No,SUSPECTED MINOR INJURY,NONE,39.04027,-77.05134167,"(39.04027, -77.05134167)"
MCP2659001H,17010628,Montgomery County Police,Injury Crash,02/28/2017 05:13:00 AM,County,BELVEDERE BLVD,County,FOREST GROVE DR,,N/A,PEDESTRIAN,OTHER,CLEAR,DRY,DARK LIGHTS ON,NO CONTROLS,ALCOHOL PRESENT,NONE DETECTED,20D0B011-BB19-4AB3-B53D-2735AE7EF83E,PEDESTRIAN,Cross/Enter at Intersection,NO IMPROPER ACTIONS,ON ROADWAY AT CROSSWALK,NO PED. SIGNAL,REFLECTIVE MATERIAL,No,SUSPECTED MINOR INJURY,REFLECTIVE CLOTHING,39.01979,-77.03893833,"(39.01979, -77.03893833)"
MCP2534000M,15019024,Montgomery County Police,Injury Crash,04/23/2015 03:20:00 AM,US (State),COLESVILLE RD,Maryland (State),UNIVERSITY BLVD E,,N/A,PEDESTRIAN,SINGLE VEHICLE,CLEAR,DRY,DARK LIGHTS ON,TRAFFIC SIGNAL,NONE DETECTED,NONE DETECTED,1A4B4494-92C9-4509-BB99-32930BCF3B41,PEDESTRIAN,Cross/Enter at Intersection,DART DASH,AT INTERSECTION MARKED CROSSWALK,DISOBEYED PED. SIGNAL,REFLECTIVE MATERIAL,,SUSPECTED SERIOUS INJURY,N/A,39.020365,-77.01277,"(39.020365, -77.01277)"
MCP3134001J,190009493,Montgomery County Police,Injury Crash,02/28/2019 11:07:00 AM,Maryland (State),UNIVERSITY BLVD W,County,LORAIN AVE,,N/A,PEDESTRIAN,OTHER,CLEAR,DRY,DAYLIGHT,NO CONTROLS,N/A,N/A,21DC5759-448A-4630-AA90-58953EAFA986,PEDESTRIAN,Cross/Enter not at Intersection,N/A,SIDEWALK,N/A,MIXED CLOTHING,No,SUSPECTED MINOR INJURY,NONE,39.02138333,-77.01427833,"(39.02138333, -77.01427833)"
MCP271700HP,180026454,Montgomery County Police,Injury Crash,05/29/2018 08:10:00 PM,County,LOCKWOOD DR,County,LOCKWOOD DR,,N/A,BICYCLIST,OTHER,CLEAR,DRY,DARK LIGHTS ON,NO CONTROLS,NONE DETECTED,NONE DETECTED,721DF811-037E-4B4A-B3B0-3BAD36865D9B,BICYCLIST,Walking/Riding w/Traffic,NO IMPROPER ACTIONS,ON ROADWAY NOT AT CROSSWALK,NO PED. SIGNAL,MIXED CLOTHING,No,SUSPECTED MINOR INJURY,MC/BIKE HELMET,39.04246367,-76.9859235,"(39.04246367, -76.9859235)"
MCP13340045,16045767,Montgomery County Police,Injury Crash,09/07/2016 01:06:00 PM,Maryland (State),WOODFIELD RD,County,HADLEY FARMS DR,,N/A,PEDESTRIAN,SINGLE VEHICLE,CLEAR,DRY,DAYLIGHT,TRAFFIC SIGNAL,NONE DETECTED,NONE DETECTED,BFE79DEE-E76B-495C-9911-8156EB0CE3C7,PEDESTRIAN,Cross/Enter at Intersection,IN ROADWAY IMPROPERLY,ON ROADWAY AT CROSSWALK,DISOBEYED PED. SIGNAL,MIXED CLOTHING,Yes,SUSPECTED SERIOUS INJURY,N/A,39.18002446,-77.15061218,"(39.18002446, -77.15061218)"
MCP30060034,180032582,Montgomery County Police,Injury Crash,07/02/2018 01:38:00 PM,Maryland (State),GEORGIA AVE,County,ARCOLA AVE,,N/A,PEDESTRIAN,SINGLE VEHICLE,CLEAR,DRY,DAYLIGHT,TRAFFIC SIGNAL,NONE DETECTED,NONE DETECTED,6FF07046-04B6-4555-A139-A0E43C397759,PEDESTRIAN,Cross/Enter at Intersection,FAILURE TO OBEY TRAFFIC SIGNS SIGNALS OR OFFICER,ON ROADWAY AT CROSSWALK,DISOBEYED PED. SIGNAL,MIXED CLOTHING,Yes,SUSPECTED MINOR INJURY,N/A,39.0471358,-77.05195718,"(39.0471358, -77.05195718)"
DD56210011,170508352,Rockville Police Departme,Injury Crash,05/17/2017 02:30:00 PM,Municipality,CHURCH ST,Maryland (State),ROCKVILLE PIKE,,N/A,PEDESTRIAN,SINGLE VEHICLE,CLEAR,DRY,DAYLIGHT,TRAFFIC SIGNAL,UNKNOWN,NONE DETECTED,849B78CA-57BF-4B0A-A915-3780EF224F57,PEDESTRIAN,Cross/Enter at Intersection,UNKNOWN,AT INTERSECTION MARKED CROSSWALK,UNKNOWN,MIXED CLOTHING,Unknown,SUSPECTED MINOR INJURY,NONE,39.08354633,-77.14731067,"(39.08354633, -77.14731067)"
MCP2087000B,16054837,Montgomery County Police,Injury Crash,10/25/2016 06:58:00 AM,County,RANDOLPH RD,County,TIVOLI LAKE BLVD,,N/A,PEDESTRIAN,OTHER,CLEAR,DRY,DARK LIGHTS ON,TRAFFIC SIGNAL,UNKNOWN,NONE DETECTED,BB4E5E69-0616-4188-A7B5-60C6FDC95D4B,PEDESTRIAN,Cross/Enter at Intersection,NO IMPROPER ACTIONS,AT INTERSECTION MARKED CROSSWALK,UNKNOWN,DARK CLOTHING,No,SUSPECTED SERIOUS INJURY,NONE,39.06611114,-77.03449532,"(39.06611114, -77.03449532)"
MCP2330000T,17012076,Montgomery County Police,Injury Crash,03/07/2017 07:18:00 PM,Maryland (State),GEORGIA AVE,County,PLYERS MILL RD,,N/A,PEDESTRIAN,OTHER,RAINING,WET,DARK NO LIGHTS,TRAFFIC SIGNAL,NONE DETECTED,NONE DETECTED,60712B9A-34E7-4F24-90C4-6F25ED6750E1,PEDESTRIAN,Cross/Enter at Intersection,NO IMPROPER ACTIONS,ON ROADWAY AT CROSSWALK,OBEYED PED. SIGNAL,DARK CLOTHING,No,POSSIBLE INJURY,NONE,39.03002749,-77.04771996,"(39.03002749, -77.04771996)"
MCP0942000X,16052055,Montgomery County Police,Injury Crash,10/10/2016 11:25:00 AM,County,WOODMONT AVE,County,BATTERY LA,,N/A,PEDESTRIAN,SINGLE VEHICLE,CLEAR,DRY,DAYLIGHT,TRAFFIC SIGNAL,NONE DETECTED,NONE DETECTED,3C60B3FF-2DCB-4445-BA07-FB39102494B3,PEDESTRIAN,Cross/Enter at Intersection,N/A,ON ROADWAY AT CROSSWALK,OBEYED PED. SIGNAL,DARK CLOTHING,No,POSSIBLE INJURY,NONE,38.99224833,-77.09697833,"(38.99224833, -77.09697833)"
MCP1119000Q,15007211,Montgomery County Police,Injury Crash,02/12/2015 07:14:00 PM,County,RANDOLPH RD,Other Public Roadway,GLENMONT CIR #1,,N/A,PEDESTRIAN,OTHER,N/A,DRY,DARK LIGHTS ON,NO CONTROLS,NONE DETECTED,ALCOHOL PRESENT,6D3ED77E-31BB-4B78-88BA-8E6EDA8A1CB5,PEDESTRIAN,Cross/Enter not at Intersection,FAILURE TO YIELD RIGHT OF WAY,ON ROADWAY NOT AT CROSSWALK,DISOBEYED PED. SIGNAL,DARK CLOTHING,,SUSPECTED MINOR INJURY,NONE,39.05905417,-77.04756975,"(39.05905417, -77.04756975)"
MCP2627000M,15045966,MONTGOMERY,Injury Crash,09/11/2015 03:31:00 PM,Maryland (State),WISCONSIN AVE,Unknown,ENT TO SHOPPING CENTER,,N/A,PEDESTRIAN,SINGLE VEHICLE,CLEAR,DRY,DAYLIGHT,NO CONTROLS,NONE DETECTED,NONE DETECTED,0AF6DE51-2D17-4209-B2E3-B12C13EEA976,PEDESTRIAN,Cross/Enter at Intersection,NO IMPROPER ACTIONS,DRIVEWAY ACCESS MARKED CROSSWALK,NO PED. SIGNAL,MIXED CLOTHING,No,POSSIBLE INJURY,NONE,38.96293667,-77.08654,"(38.96293667, -77.08654)"
MCP2659000W,15056739,MONTGOMERY,Injury Crash,11/07/2015 03:30:00 AM,County,GRANDVIEW AVE,County,REEDIE DR,,N/A,PEDESTRIAN,OTHER,CLEAR,DRY,DARK LIGHTS ON,NO CONTROLS,UNKNOWN,ALCOHOL PRESENT,79B7E095-6A46-4534-98B7-9F0EC2D97F44,PEDESTRIAN,Other,INATTENTIVE,ON ROADWAY NOT AT CROSSWALK,NO PED. SIGNAL,DARK CLOTHING,Yes,POSSIBLE INJURY,NONE,39.03918167,-77.05237833,"(39.03918167, -77.05237833)"
DD5610001J,15066436,Rockville Police Departme,Injury Crash,12/27/2015 05:43:00 PM,County,TWINBROOK PKWY,Other Public Roadway,HALPINE RD,,N/A,PEDESTRIAN,SINGLE VEHICLE,CLEAR,DRY,DARK LIGHTS ON,N/A,N/A,N/A,9E896C50-590E-4936-B3FA-5FE42084B688,PEDESTRIAN,Cross/Enter at Intersection,NO IMPROPER ACTIONS,ON ROADWAY AT CROSSWALK,N/A,N/A,No,SUSPECTED MINOR INJURY,NONE,39.069593,-77.114073,"(39.069593, -77.114073)"
MCP27770037,16064027,Montgomery County Police,Injury Crash,12/13/2016 06:29:00 PM,Maryland (State),ROCKVILLE PIKE,County,MARINELLI RD,,N/A,PEDESTRIAN,OTHER,CLEAR,DRY,DARK LIGHTS ON,TRAFFIC SIGNAL,NONE DETECTED,NONE DETECTED,986BCF81-526F-4FCF-B059-640579442BF3,PEDESTRIAN,Cross/Enter at Intersection,IN ROADWAY IMPROPERLY,ON ROADWAY NOT AT CROSSWALK,DISOBEYED PED. SIGNAL,DARK CLOTHING,Yes,SUSPECTED SERIOUS INJURY,NONE,39.04712,-77.112839,"(39.04712, -77.112839)"
MCP26120033,180045221,Montgomery County Police,Injury Crash,09/10/2018 06:30:00 PM,,,,,IN PARKING LOT OF 13661 CONNECTICUT AVE,,PEDESTRIAN,SINGLE VEHICLE,RAINING,,DUSK,N/A,N/A,N/A,738CAA9C-F2D1-4955-BC45-A4697D33AE0A,PEDESTRIAN,Other,IN ROADWAY IMPROPERLY,OTHER,NO PED. SIGNAL,MIXED CLOTHING,Yes,POSSIBLE INJURY,N/A,39.07852167,-77.079635,"(39.07852167, -77.079635)"
MCP2665001T,16056935,Montgomery County Police,Injury Crash,11/04/2016 05:59:00 PM,County,EDSON LA,County,WOODGLEN DR,,N/A,BICYCLIST,STRAIGHT MOVEMENT ANGLE,CLEAR,DRY,DUSK,STOP SIGN,N/A,N/A,71F7982F-B373-4BCD-913B-C4BC24ED42D2,BICYCLIST,Cross/Enter at Intersection,NO IMPROPER ACTIONS,ON ROADWAY AT CROSSWALK,UNKNOWN,LIGHT CLOTHING,No,SUSPECTED MINOR INJURY,NONE,39.04021333,-77.11300833,"(39.04021333, -77.11300833)"
MCP28740024,170506089,Montgomery County Police,Injury Crash,05/05/2017 03:51:00 PM,County,AMHERST AVE,County,EVANS PKWY,,N/A,PEDESTRIAN,SINGLE VEHICLE,CLOUDY,DRY,DAYLIGHT,OTHER,NONE DETECTED,NONE DETECTED,E9853992-2AB6-4C93-9E34-3C094F53C594,PEDESTRIAN,Cross/Enter at Intersection,NO IMPROPER ACTIONS,ON ROADWAY AT CROSSWALK,OTHER,LIGHT CLOTHING,No,POSSIBLE INJURY,NONE,39.04309667,-77.047665,"(39.04309667, -77.047665)"
MCP2254001K,180010389,Montgomery County Police,Injury Crash,03/22/2018 10:13:00 AM,,LIMPKIN AVE,,DOVEKIE AVE,,N/A,PEDESTRIAN,SINGLE VEHICLE,CLEAR,WET,DAYLIGHT,NO CONTROLS,NONE DETECTED,NONE DETECTED,88EDBFBE-434D-44F8-AB8D-E13A6473B20C,PEDESTRIAN,Standing,NO IMPROPER ACTIONS,OTHER,N/A,DARK CLOTHING,No,SUSPECTED MINOR INJURY,N/A,39.227115,-77.28964667,"(39.227115, -77.28964667)"
MCP3078000V,180005122,Montgomery County Police,Injury Crash,01/30/2018 02:13:00 PM,,,,,"GIANT FOOD STORE PARKING LOT 
2900 UNIVERSITY BLVD W",,PEDESTRIAN,OTHER,CLEAR,,DAYLIGHT,NO CONTROLS,N/A,N/A,6C3C5CFD-66A4-4EAF-93B5-E3A8EDEF00FE,PEDESTRIAN,Cross/Enter not at Intersection,NO IMPROPER ACTIONS,OTHER,NO PED. SIGNAL,MIXED CLOTHING,No,SUSPECTED MINOR INJURY,N/A,39.037405,-77.058225,"(39.037405, -77.058225)"
MCP29340018,15062319,MONTGOMERY,Injury Crash,12/06/2015 12:30:00 PM,Maryland (State),WISCONSIN AVE,Maryland (State),BRADLEY LA,,N/A,PEDESTRIAN,OTHER,CLEAR,DRY,DAYLIGHT,TRAFFIC SIGNAL,NONE DETECTED,NONE DETECTED,06CAC865-308A-4F07-B3BB-A6CD9FCEDD45,PEDESTRIAN,Cross/Enter at Intersection,NO IMPROPER ACTIONS,AT INTERSECTION MARKED CROSSWALK,OBEYED PED. SIGNAL,LIGHT CLOTHING,No,POSSIBLE INJURY,NONE,38.97686667,-77.09065,"(38.97686667, -77.09065)"
DD56140045,180052503,Rockville Police Departme,Injury Crash,10/20/2018 04:53:00 PM,Municipality,N WASHINGTON ST,Municipality,BEALL AVE #2,,ROCKVILLE,PEDESTRIAN,HEAD ON LEFT TURN,CLEAR,DRY,DAYLIGHT,TRAFFIC SIGNAL,NONE DETECTED,NONE DETECTED,360CADDB-89C9-4087-A098-CBBFAC7D6EF7,PEDESTRIAN,Cross/Enter at Intersection,NO IMPROPER ACTIONS,ON ROADWAY AT CROSSWALK,OBEYED PED. SIGNAL,MIXED CLOTHING,No,SUSPECTED MINOR INJURY,NONE,39.08719883,-77.15308633,"(39.08719883, -77.15308633)"
MCP229800LT,180059934,Montgomery County Police,Injury Crash,11/30/2018 03:48:00 PM,,,,,PARKING LOT OF 26004 BRIGADIER PLACE,,OTHER,SINGLE VEHICLE,CLEAR,,N/A,NO CONTROLS,NONE DETECTED,NONE DETECTED,C085A63B-4CAF-4A45-A67B-9EEC1752DA87,OTHER,N/A,NO IMPROPER ACTIONS,N/A,N/A,N/A,No,NO APPARENT INJURY,N/A,39.28291042,-77.20547411,"(39.28291042, -77.20547411)"
MCP29710024,16062654,Montgomery County Police,Injury Crash,12/06/2016 05:47:00 PM,US (State),COLUMBIA PIKE,County,MUSGROVE RD,,N/A,PEDESTRIAN,OTHER,RAINING,WET,DARK LIGHTS ON,TRAFFIC SIGNAL,NONE DETECTED,NONE DETECTED,4B6B985C-CDFC-40CB-943B-49AC394085BE,PEDESTRIAN,Cross/Enter at Intersection,NO IMPROPER ACTIONS,ON ROADWAY AT CROSSWALK,OBEYED PED. SIGNAL,DARK CLOTHING,No,POSSIBLE INJURY,N/A,39.06778598,-76.95953496,"(39.06778598, -76.95953496)"
MCP22550002,170514349,Montgomery County Police,Injury Crash,06/18/2017 02:09:00 AM,Maryland (State),FREDERICK RD,Municipality,DALAMAR ST,,GAITHERSBURG,PEDESTRIAN,N/A,CLEAR,DRY,DARK LIGHTS ON,N/A,N/A,UNKNOWN,0D9771EA-7FD7-4587-8C57-15A886ADB8B9,PEDESTRIAN,Cross/Enter not at Intersection,IN ROADWAY IMPROPERLY,ON ROADWAY NOT AT CROSSWALK,OTHER,DARK CLOTHING,Yes,SUSPECTED SERIOUS INJURY,N/A,39.146945,-77.20524667,"(39.146945, -77.20524667)"
MCP2997000H,16033735,Montgomery County Police,Injury Crash,07/03/2016 10:40:00 PM,County,BEL PRE RD,County,GRAND PRE RD,,N/A,PEDESTRIAN,OTHER,CLEAR,DRY,DARK LIGHTS ON,STOP SIGN,NONE DETECTED,NONE DETECTED,D337CBFA-E5F8-493B-9869-54EFC9B267DC,PEDESTRIAN,Cross/Enter at Intersection,NO IMPROPER ACTIONS,AT INTERSECTION BUT NO CROSSWALK,NO PED. SIGNAL,MIXED CLOTHING,No,SUSPECTED SERIOUS INJURY,NONE,39.09353987,-77.07777679,"(39.09353987, -77.07777679)"
MCP3181000F,190021974,Montgomery County Police,Injury Crash,05/09/2019 10:10:00 PM,Maryland (State),GEORGIA AVE,County,REEDIE DR,,N/A,PEDESTRIAN,HEAD ON LEFT TURN,CLOUDY,DRY,DARK LIGHTS ON,TRAFFIC SIGNAL,UNKNOWN,N/A,E83A5495-8CD8-427C-A392-560E77AC8727,PEDESTRIAN,Cross/Enter at Intersection,NO IMPROPER ACTIONS,AT INTERSECTION MARKED CROSSWALK,OBEYED PED. SIGNAL,MIXED CLOTHING,No,SUSPECTED SERIOUS INJURY,N/A,39.03871263,-77.05079018,"(39.03871263, -77.05079018)"
MCP28460021,16032703,Montgomery County Police,Injury Crash,06/28/2016 01:15:00 PM,County,SHOREFIELD RD,Maryland (State),GEORGIA AVE,,N/A,PEDESTRIAN,OTHER,CLOUDY,DRY,DAYLIGHT,TRAFFIC SIGNAL,NONE DETECTED,NONE DETECTED,EF0287D7-31AE-4DE3-9285-A09478AD074E,PEDESTRIAN,Cross/Enter at Intersection,NO IMPROPER ACTIONS,ON ROADWAY AT CROSSWALK,OBEYED PED. SIGNAL,MIXED CLOTHING,No,NO APPARENT INJURY,NONE,39.05316667,-77.050735,"(39.05316667, -77.050735)"
MCP1563002N,16043196,Montgomery County Police,Property Damage Crash,08/25/2016 11:15:00 AM,Municipality,PINE PL,Municipality,MAPLE AVE,,CHEVY CHASE #4,BICYCLIST,STRAIGHT MOVEMENT ANGLE,CLEAR,DRY,DAYLIGHT,NO CONTROLS,NONE DETECTED,NONE DETECTED,CFC78374-98B4-4C6F-919A-5109867C124B,BICYCLIST,Walking/Cycling on Sidewalk,NO IMPROPER ACTIONS,SIDEWALK,NO PED. SIGNAL,UNKNOWN,No,NO APPARENT INJURY,MC/BIKE HELMET,38.97712167,-77.08058,"(38.97712167, -77.08058)"
DD5624002M,190023541,Rockville Police Departme,Injury Crash,05/18/2019 03:11:00 PM,Municipality,BALTIMORE RD,Municipality,WOODBURN RD,,ROCKVILLE,PEDESTRIAN,OTHER,CLEAR,DRY,DAYLIGHT,NO CONTROLS,UNKNOWN,NONE DETECTED,F639F111-9422-445F-8736-3EB9E9222845,PEDESTRIAN,Unknown,UNKNOWN,ON ROADWAY NOT AT CROSSWALK,N/A,MIXED CLOTHING,Unknown,SUSPECTED MINOR INJURY,N/A,39.08389553,-77.13346669,"(39.08389553, -77.13346669)"
MCP2231004D,180060385,Montgomery County Police,Injury Crash,12/03/2018 11:09:00 AM,Maryland (State),QUINCE ORCHARD RD,Ramp,RAMP 7 FR MD 124 WB TO IS 270 SB,,N/A,PEDESTRIAN,SINGLE VEHICLE,CLEAR,DRY,DAYLIGHT,NO CONTROLS,NONE DETECTED,NONE DETECTED,5B22DE0A-8C19-4443-B842-3B968343E6BE,PEDESTRIAN,Cross/Enter not at Intersection,IN ROADWAY IMPROPERLY,ON ROADWAY NOT AT CROSSWALK,NO PED. SIGNAL,DARK CLOTHING,Yes,POSSIBLE INJURY,N/A,39.14846667,-77.217555,"(39.14846667, -77.217555)"
MCP3093000J,180028856,Montgomery County Police,Injury Crash,06/11/2018 03:29:00 PM,Maryland (State),EAST WEST HWY,Other Public Roadway,CAREY LA,,N/A,PEDESTRIAN,SINGLE VEHICLE,CLOUDY,DRY,DAYLIGHT,N/A,N/A,N/A,2082EF03-AD73-458C-A3FC-FDE7A43A3352,PEDESTRIAN,Cross/Enter not at Intersection,IN ROADWAY IMPROPERLY,ON ROADWAY NOT AT CROSSWALK,N/A,N/A,Yes,POSSIBLE INJURY,NONE,38.995275,-77.038705,"(38.995275, -77.038705)"
MCP3050000C,17007929,Montgomery County Police,Injury Crash,02/13/2017 07:00:00 PM,Other Public Roadway,GLENMONT CIR #1,Other Public Roadway,GLENMONT CIR #2,,N/A,PEDESTRIAN,SINGLE VEHICLE,OTHER,DRY,DARK LIGHTS ON,NO CONTROLS,NONE DETECTED,NONE DETECTED,82C88819-8BAF-4971-9F79-19D468324430,PEDESTRIAN,Other,NO IMPROPER ACTIONS,OTHER,NO PED. SIGNAL,MIXED CLOTHING,No,SUSPECTED SERIOUS INJURY,N/A,39.05893754,-77.04736322,"(39.05893754, -77.04736322)"
MCP2565001S,15033708,MONTGOMERY,Injury Crash,07/09/2015 09:56:00 PM,,,,,"In Parking lot of 11710 Hunters Lane, Rockville, MD",,PEDESTRIAN,OTHER,CLEAR,,DARK LIGHTS ON,NO CONTROLS,NONE DETECTED,NONE DETECTED,DC11BE07-8B7B-4A5D-9ECA-CA97ECF17D47,PEDESTRIAN,Other,NO IMPROPER ACTIONS,OTHER,N/A,MIXED CLOTHING,No,SUSPECTED MINOR INJURY,N/A,39.04886473,-77.09873557,"(39.04886473, -77.09873557)"
MCP29190027,16064538,Montgomery County Police,Injury Crash,12/16/2016 02:22:00 PM,US (State),GEORGIA AVE,County,WAYNE AVE,,N/A,PEDESTRIAN,OTHER,CLOUDY,DRY,DAYLIGHT,OTHER,NONE DETECTED,NONE DETECTED,51E6F444-CF01-407D-B729-A5CE2B6CEF68,PEDESTRIAN,Cross/Enter at Intersection,NO IMPROPER ACTIONS,ON ROADWAY AT CROSSWALK,N/A,N/A,No,SUSPECTED SERIOUS INJURY,N/A,38.99502667,-77.02572667,"(38.99502667, -77.02572667)"
MCP2508000C,16014050,MONTGOMERY,Injury Crash,03/22/2016 02:30:00 PM,,,,,PARKING LOT OF 19840 CENTURY BLVD.,,PEDESTRIAN,OTHER,CLEAR,,DAYLIGHT,NO CONTROLS,NONE DETECTED,NONE DETECTED,52C05DB0-1E0C-4A41-A1D5-A97CF93A89E5,PEDESTRIAN,Cross/Enter not at Intersection,NO IMPROPER ACTIONS,ON ROADWAY NOT AT CROSSWALK,N/A,MIXED CLOTHING,No,POSSIBLE INJURY,NONE,39.18159167,-77.26644667,"(39.18159167, -77.26644667)"
MCP1309001Z,180047555,Montgomery County Police,Property Damage Crash,09/23/2018 02:36:00 PM,Maryland (State),WOODFIELD RD,County,LOG HOUSE RD,,N/A,OTHER,SINGLE VEHICLE,RAINING,WET,DAYLIGHT,NO CONTROLS,NONE DETECTED,NONE DETECTED,961D0619-320E-4E7C-A180-DDECB025B5AE,OTHER,N/A,NO IMPROPER ACTIONS,OTHER,N/A,N/A,No,NO APPARENT INJURY,N/A,39.25606167,-77.20020167,"(39.25606167, -77.20020167)"