Report Number,Local Case Number,Agency Name,ACRS Report Type,Crash Date/Time,Route Type,Road Name,Cross-Street Type,Cross-Street Name,Off-Road Description,Municipality,Related Non-Motorist,Collision Type,Weather,Surface Condition,Light,Traffic Control,Driver Substance Abuse,Non-Motorist Substance Abuse,Person ID,Pedestrian Type,Pedestrian Movement,Pedestrian Actions,Pedestrian Location,Pedestrian Obeyed Traffic Signal,Pedestrian Visibility,At Fault,Injury Severity,Safety Equipment,Latitude,Longitude,Location
MCP29810015,17006783,Montgomery County Police,Injury Crash,02/07/2017 11:13:00 PM,Maryland (State),ROCKVILLE PIKE,Unknown,SOUTHWOOD DR,,N/A,BICYCLIST,HEAD ON LEFT TURN,CLEAR,DRY,DARK LIGHTS ON,TRAFFIC SIGNAL,NONE DETECTED,NONE DETECTED,0EBAEACA-7EBD-458C-9786-97D2BA163527,BICYCLIST,Cross/Enter at Intersection,NOT VISIBLE,ON ROADWAY NOT AT CROSSWALK,OTHER,DARK CLOTHING,Unknown,SUSPECTED MINOR INJURY,LIGHTING,38.99963,-77.09677833,"(38.99963, -77.09677833)"
MCP9366000N,16055445,Montgomery County Police,Injury Crash,10/28/2016 02:35:00 AM,Maryland (State),GEORGIA AVE,County,EMORY CHURCH RD,,N/A,PEDESTRIAN,SAME DIR REAR END,CLEAR,WET,DARK LIGHTS ON,N/A,ALCOHOL PRESENT,NONE DETECTED,443B5E67-CF52-435D-B8F2-86FC80A9C561,PEDESTRIAN,Standing,NO IMPROPER ACTIONS,CURB,N/A,DARK CLOTHING,No,SUSPECTED MINOR INJURY,NONE,39.13212667,-77.07039667,"(39.13212667, -77.07039667)"
MCP12210021,16008834,Montgomery County Police,Injury Crash,02/22/2016 09:57:00 AM,,,,,PARKING LOT OF 17051 OAKMONT ST,,PEDESTRIAN,SINGLE VEHICLE,N/A,,DAYLIGHT,NO CONTROLS,NONE DETECTED,NONE DETECTED,460563A4-8B48-4287-8A4C-118B97FDCFD9,PEDESTRIAN,Getting off/on Vehicle,NOT VISIBLE,OTHER,N/A,MIXED CLOTHING,No,SUSPECTED MINOR INJURY,N/A,39.13657667,-77.17938833,"(39.13657667, -77.17938833)"
DD5595001M,15047799,ROCKVILLE,Injury Crash,09/18/2015 08:45:00 AM,,,,,"Parking lot # 5 located at 51 Mannakee St.

the Montogmery County Community College",,PEDESTRIAN,OTHER,UNKNOWN,,DAYLIGHT,NO CONTROLS,N/A,N/A,F94C8CBB-7805-4B2C-945F-61805539B685,PEDESTRIAN,Other,NO IMPROPER ACTIONS,OTHER,N/A,LIGHT CLOTHING,No,SUSPECTED MINOR INJURY,N/A,39.10054767,-77.15906283,"(39.10054767, -77.15906283)"
DD5527001Z,180063320,Rockville Police Departme,Injury Crash,12/19/2018 08:33:00 AM,Municipality,SUNRISE DR,Municipality,CRESTVIEW DR,,ROCKVILLE,PEDESTRIAN,OTHER,CLEAR,DRY,DAYLIGHT,NO CONTROLS,NONE DETECTED,NONE DETECTED,6C6F4640-E1F0-4ADE-8DA7-62E1B15F315C,PEDESTRIAN,Cross/Enter at Intersection,NO IMPROPER ACTIONS,N/A,NO PED. SIGNAL,MIXED CLOTHING,No,SUSPECTED MINOR INJURY,NONE,39.09916,-77.15928333,"(39.09916, -77.15928333)"
MCP0973000J,17006142,Montgomery County Police,Injury Crash,02/04/2017 11:50:00 AM,County,BATTERY LA,Maryland (State),WISCONSIN AVE,,N/A,PEDESTRIAN,SINGLE VEHICLE,CLEAR,DRY,DAYLIGHT,TRAFFIC SIGNAL,NONE DETECTED,N/A,17E5E963-ACF5-44D1-B311-281C01D83368,PEDESTRIAN,Cross/Enter at Intersection,NO IMPROPER ACTIONS,ON ROADWAY AT CROSSWALK,OBEYED PED. SIGNAL,DARK CLOTHING,No,SUSPECTED MINOR INJURY,N/A,38.99288167,-77.09630333,"(38.99288167, -77.09630333)"
MCP209400C6,180047714,Montgomery County Police,Injury Crash,09/24/2018 01:59:00 PM,County,WOODMONT AVE,County,FAIRMONT AVE,,N/A,PEDESTRIAN,OTHER,RAINING,WET,N/A,NO CONTROLS,NONE DETECTED,NONE DETECTED,E0EA97A7-E58F-4E1D-ADEE-4DC5F8389517,PEDESTRIAN,Standing,IN ROADWAY IMPROPERLY,ON ROADWAY NOT AT CROSSWALK,NO PED. SIGNAL,DARK CLOTHING,Yes,POSSIBLE INJURY,NONE,38.98929,-77.09625,"(38.98929, -77.09625)"
MCP2929001H,16029790,Montgomery County Police,Injury Crash,06/13/2016 02:36:00 PM,,,,,DRIVEWAY OF 17605 CASHELL RD,,PEDESTRIAN,SINGLE VEHICLE,CLEAR,,DAYLIGHT,N/A,,NONE DETECTED,F7B0EB46-8584-475E-9135-E6BE82671C16,PEDESTRIAN,Other,INATTENTIVE,OTHER,NO PED. SIGNAL,N/A,Yes,SUSPECTED MINOR INJURY,N/A,39.14527217,-77.09332019,"(39.14527217, -77.09332019)"
MCP2546002K,180050432,Montgomery County Police,Injury Crash,10/09/2018 06:56:00 AM,Maryland (State),GEORGIA AVE,County,WENDY LA,,N/A,PEDESTRIAN,ANGLE MEETS RIGHT TURN,CLEAR,DRY,DAWN,NO CONTROLS,NONE DETECTED,NONE DETECTED,EF09384E-517A-4BA0-9ACA-FC1CF80671BF,PEDESTRIAN,Standing,NO IMPROPER ACTIONS,SIDEWALK,N/A,UNKNOWN,No,POSSIBLE INJURY,N/A,39.078979,-77.07256,"(39.078979, -77.07256)"
MCP3031000S,170503973,Montgomery County Police,Injury Crash,04/24/2017 06:17:00 PM,County,RANDOLPH RD,Other Public Roadway,GLENMONT CIR #1,,N/A,PEDESTRIAN,SINGLE VEHICLE,CLOUDY,WET,DAYLIGHT,TRAFFIC SIGNAL,NONE DETECTED,NONE DETECTED,219E28DD-7D9E-4AD2-AE7C-CEC7778E5864,PEDESTRIAN,Cross/Enter at Intersection,DART DASH,AT INTERSECTION BUT NO CROSSWALK,DISOBEYED PED. SIGNAL,UNKNOWN,Yes,POSSIBLE INJURY,NONE,39.05928333,-77.04705833,"(39.05928333, -77.04705833)"
MCP1366002D,15005713,Montgomery County Police,Injury Crash,02/04/2015 04:24:00 PM,County,BEDFORDSHIRE AVE,County,GLEN RD,,N/A,PEDESTRIAN,OTHER,N/A,DRY,DAYLIGHT,STOP SIGN,NONE DETECTED,NONE DETECTED,46A8DB8E-75FD-4F7F-8A4E-A462706CF286,PEDESTRIAN,Standing,ENTERING EXITING PARKED STANDING VEHICLE,OTHER,N/A,MIXED CLOTHING,,SUSPECTED SERIOUS INJURY,N/A,39.04685833,-77.20383667,"(39.04685833, -77.20383667)"
MCP2116007V,180000627,Montgomery County Police,Injury Crash,01/04/2018 06:27:00 PM,Municipality,DUNDEE RD,Municipality,GUY CT,,ROCKVILLE,PEDESTRIAN,STRAIGHT MOVEMENT ANGLE,CLEAR,DRY,DARK LIGHTS ON,NO CONTROLS,NONE DETECTED,NONE DETECTED,E7014161-D4A9-4475-928E-F03BC3E391EA,PEDESTRIAN,Cross/Enter at Intersection,NO IMPROPER ACTIONS,ON ROADWAY AT CROSSWALK,NO PED. SIGNAL,DARK CLOTHING,No,SUSPECTED MINOR INJURY,NONE,39.08753167,-77.18211167,"(39.08753167, -77.18211167)"
MCP91300020,16006234,Montgomery County Police,Injury Crash,02/06/2016 01:33:00 PM,County,FLOWER AVE,County,ARLISS ST,,N/A,PEDESTRIAN,SINGLE VEHICLE,CLEAR,DRY,DAYLIGHT,NO CONTROLS,NONE DETECTED,NONE DETECTED,F3F55C14-517B-4DAF-950A-D919CAC7ECDD,PEDESTRIAN,Cross/Enter not at Intersection,NO IMPROPER ACTIONS,ON ROADWAY AT CROSSWALK,NO PED. SIGNAL,MIXED CLOTHING,No,SUSPECTED MINOR INJURY,NONE,38.999505,-77.00393333,"(38.999505, -77.00393333)"
MCP3029000N,170500472,Montgomery County Police,Injury Crash,04/05/2017 08:15:00 AM,County,HEWITT AVE,Maryland (State),GEORGIA AVE,,N/A,PEDESTRIAN,OTHER,CLEAR,DRY,DAYLIGHT,NO CONTROLS,UNKNOWN,N/A,45EBF403-7E71-49BC-AE53-9DB968368749,PEDESTRIAN,Standing,NO IMPROPER ACTIONS,OTHER,NO PED. SIGNAL,N/A,No,SUSPECTED MINOR INJURY,N/A,39.07924957,-77.06777215,"(39.07924957, -77.06777215)"
MCP2975000D,15029460,Montgomery County Police,Injury Crash,06/17/2015 07:01:00 AM,Maryland (State),GEORGIA AVE,County,SHOREFIELD RD,,N/A,PEDESTRIAN,OTHER,CLEAR,DRY,DAYLIGHT,TRAFFIC SIGNAL,NONE DETECTED,NONE DETECTED,C0390AAE-3C52-4E14-B653-C6FFF9176BA7,PEDESTRIAN,Cross/Enter not at Intersection,IN ROADWAY IMPROPERLY,ON ROADWAY NOT AT CROSSWALK,DISOBEYED PED. SIGNAL,DARK CLOTHING,,SUSPECTED SERIOUS INJURY,N/A,39.05252,-77.05076,"(39.05252, -77.05076)"
MCP29710020,16061109,Montgomery County Police,Injury Crash,11/28/2016 06:24:00 PM,,,,,"PARKING LOT OF 15618 OLD COLUMBIA PIKE, GIANT",,PEDESTRIAN,OTHER,N/A,,DARK LIGHTS ON,STOP SIGN,NONE DETECTED,NONE DETECTED,366DFBE2-23E7-44F3-89FC-D4906260D3BA,PEDESTRIAN,Cross/Enter not at Intersection,INATTENTIVE,ON ROADWAY NOT AT CROSSWALK,NO PED. SIGNAL,DARK CLOTHING,Unknown,POSSIBLE INJURY,NONE,39.11252666,-76.93456292,"(39.11252666, -76.93456292)"
HA2399000M,16000538,Maryland-National Capital,Injury Crash,05/08/2016 01:18:00 PM,Government,LITTLE FALLS PKWY,County,ARLINGTON RD,,N/A,BICYCLIST,OTHER,CLEAR,DRY,DAYLIGHT,N/A,NONE DETECTED,N/A,BB1D698A-BD1D-4008-AD66-20D87EA83B0B,BICYCLIST,Cross/Enter at Intersection,NO IMPROPER ACTIONS,MIDBLOCK MARKED CROSSWALK,UNKNOWN,N/A,Yes,POSSIBLE INJURY,UNKNOWN,38.97340833,-77.10141333,"(38.97340833, -77.10141333)"
MCP2767000P,15009788,Montgomery County Police,Property Damage Crash,03/01/2015 06:29:00 PM,County,DAWSON AVE,County,GALT AVE,,N/A,OTHER,OPPOSITE DIRECTION SIDESWIPE,WINTRY MIX,WET,DARK NO LIGHTS,NO CONTROLS,NONE DETECTED,N/A,2F5F0B6E-D010-41AE-A018-95CABCF5B77C,OTHER,N/A,N/A,N/A,N/A,N/A,,NO APPARENT INJURY,N/A,39.039475,-77.05622167,"(39.039475, -77.05622167)"
MCP2348002R,170516329,Montgomery County Police,Injury Crash,06/28/2017 09:59:00 PM,Maryland (State),VEIRS MILL RD,Unknown,CROSSOVER,,N/A,PEDESTRIAN,SINGLE VEHICLE,CLEAR,DRY,DARK LIGHTS ON,N/A,NONE DETECTED,NONE DETECTED,5510AFA1-27F9-4FA7-956F-28B73085F8A5,PEDESTRIAN,Walking/Cycling on Sidewalk,NO IMPROPER ACTIONS,SIDEWALK,NO PED. SIGNAL,MIXED CLOTHING,No,POSSIBLE INJURY,N/A,39.041405,-77.058375,"(39.041405, -77.058375)"
MCP29890015,190006619,Montgomery County Police,Injury Crash,02/11/2019 04:16:00 AM,Maryland (State),EAST WEST HWY,Maryland (State),COLESVILLE RD,,N/A,PEDESTRIAN,OTHER,RAINING,WET,DARK LIGHTS ON,TRAFFIC SIGNAL,N/A,COMBINED SUBSTANCE PRESENT,69664A32-5D14-4BB9-A745-6A7345C74BE0,PEDESTRIAN,Cross/Enter at Intersection,IN ROADWAY IMPROPERLY,ON ROADWAY AT CROSSWALK,DISOBEYED PED. SIGNAL,DARK CLOTHING,Yes,SUSPECTED MINOR INJURY,NONE,38.99380083,-77.03250967,"(38.99380083, -77.03250967)"
MCP27070014,170549959,Montgomery County Police,Injury Crash,12/21/2017 03:02:00 PM,County,MONTGOMERY VILLAGE AVE,County,WHETSTONE DR,,N/A,PEDESTRIAN,STRAIGHT MOVEMENT ANGLE,CLEAR,DRY,DAYLIGHT,STOP SIGN,NONE DETECTED,NONE DETECTED,DD133C23-CB05-4353-BDCD-AA864D8EBF2F,PEDESTRIAN,Cross/Enter at Intersection,NO IMPROPER ACTIONS,ON ROADWAY AT CROSSWALK,NO PED. SIGNAL,MIXED CLOTHING,No,SUSPECTED MINOR INJURY,NONE,39.17114833,-77.205195,"(39.17114833, -77.205195)"
MCP09420015,170504129,Montgomery County Police,Injury Crash,04/25/2017 02:54:00 PM,,,,,6930 ARLINGTON RD-BRADLEY SHOPPING CENTER,,PEDESTRIAN,OTHER,RAINING,,DAYLIGHT,TRAFFIC SIGNAL,NONE DETECTED,NONE DETECTED,58C7F0A1-6799-4FC4-80E3-AFDB4300F3AA,PEDESTRIAN,Cross/Enter at Intersection,NO IMPROPER ACTIONS,AT INTERSECTION MARKED CROSSWALK,OBEYED PED. SIGNAL,MIXED CLOTHING,No,SUSPECTED MINOR INJURY,NONE,38.9795885,-77.09880167,"(38.9795885, -77.09880167)"
EJ7818000B,16027164,Gaithersburg Police Depar,Injury Crash,05/31/2016 04:05:00 PM,County,MUDDY BRANCH RD,County,DIAMONDBACK DR,,N/A,PEDESTRIAN,N/A,N/A,DRY,DAYLIGHT,TRAFFIC SIGNAL,NONE DETECTED,NONE DETECTED,C24AFF9B-3EE9-4305-9449-79A413BD9ED6,PEDESTRIAN,Cross/Enter at Intersection,NO IMPROPER ACTIONS,ON ROADWAY AT CROSSWALK,NO PED. SIGNAL,N/A,No,SUSPECTED SERIOUS INJURY,N/A,39.11528667,-77.21586333,"(39.11528667, -77.21586333)"
MCP21180009,170539100,Montgomery County Police,Property Damage Crash,10/27/2017 04:33:00 AM,County,JOHNSON DR,County,BETHESDA CHURCH RD,,N/A,OTHER,SINGLE VEHICLE,CLEAR,DRY,DARK LIGHTS ON,N/A,NONE DETECTED,N/A,7F57979E-F00F-4B6B-A47C-7BD504FA61AF,OTHER,N/A,NO IMPROPER ACTIONS,N/A,N/A,N/A,No,NO APPARENT INJURY,N/A,39.29061167,-77.22294333,"(39.29061167, -77.22294333)"
MCP2790000V,16002885,Montgomery County Police,Injury Crash,01/15/2016 08:40:00 PM,County,GERMANTOWN RD,Unknown,SHAKESPEARE BLVD,,N/A,PEDESTRIAN,SINGLE VEHICLE,RAINING,WET,DARK NO LIGHTS,N/A,NONE DETECTED,NONE DETECTED,721001E5-A29D-42ED-A78A-15D03E5DE345,PEDESTRIAN,Cross/Enter at Intersection,NO IMPROPER ACTIONS,AT INTERSECTION MARKED CROSSWALK,NO PED. SIGNAL,DARK CLOTHING,No,SUSPECTED MINOR INJURY,NONE,39.183875,-77.26271833,"(39.183875, -77.26271833)"
MCP27650015,15000583,Montgomery County Police,Injury Crash,01/04/2015 02:55:00 PM,,,,,Parking lot of Giant Food (12051 Rockville Pike),,PEDESTRIAN,SINGLE VEHICLE,RAINING,,DAYLIGHT,NO CONTROLS,NONE DETECTED,NONE DETECTED,B0192567-A332-44AA-B745-26DEC4046E9B,PEDESTRIAN,Cross/Enter at Intersection,NO IMPROPER ACTIONS,ON ROADWAY AT CROSSWALK,NO PED. SIGNAL,DARK CLOTHING,,POSSIBLE INJURY,NONE,38.96282667,-77.08798333,"(38.96282667, -77.08798333)"
MCP1505000C,15006635,Montgomery County Police,Injury Crash,02/09/2015 08:32:00 PM,County,RIDGE RD,County,OBSERVATION DR,,N/A,PEDESTRIAN,SINGLE VEHICLE,WINTRY MIX,WET,DARK LIGHTS ON,TRAFFIC SIGNAL,N/A,N/A,6BA3E2D6-7FA3-4E24-8157-6E903DB4A9B6,PEDESTRIAN,Cross/Enter at Intersection,DART DASH,ON ROADWAY AT CROSSWALK,DISOBEYED PED. SIGNAL,DARK CLOTHING,,SUSPECTED MINOR INJURY,NONE,39.201185,-77.253145,"(39.201185, -77.253145)"
MCP2946002X,180056753,Montgomery County Police,Injury Crash,11/12/2018 02:07:00 PM,,,,,9936 MAIN STREET,,PEDESTRIAN,SINGLE VEHICLE,CLOUDY,,DAYLIGHT,NO CONTROLS,NONE DETECTED,NONE DETECTED,4ECAB87B-955F-4431-9862-E07135F4BDC4,PEDESTRIAN,Cross/Enter at Intersection,UNKNOWN,AT INTERSECTION BUT NO CROSSWALK,NO PED. SIGNAL,DARK CLOTHING,No,POSSIBLE INJURY,N/A,39.2883,-77.20557333,"(39.2883, -77.20557333)"
MCP3019001D,170543446,Montgomery County Police,Injury Crash,11/17/2017 05:15:00 PM,County,SANGAMORE RD,County,MADAWASKA RD,,N/A,BICYCLIST,OTHER,CLEAR,DRY,DUSK,NO CONTROLS,UNKNOWN,NONE DETECTED,6046258E-F858-4594-9B04-BD5D7D065201,BICYCLIST,Walking/Riding w/Traffic,NO IMPROPER ACTIONS,ON ROADWAY NOT AT CROSSWALK,NO PED. SIGNAL,HEAD LIGHT AND REFLECTORS,No,SUSPECTED SERIOUS INJURY,MC/BIKE HELMET,38.99764667,-77.10964,"(38.99764667, -77.10964)"
MCP1305001D,17505422,Montgomery County Police,Injury Crash,04/01/2017 08:15:00 PM,,,,,PARKING LOT OF 18250 FLOWER HILL WAY (GIANT),,PEDESTRIAN,SINGLE VEHICLE,UNKNOWN,,DARK LIGHTS ON,N/A,N/A,N/A,7ED882B2-5095-4C1F-B532-4B3F5049D171,PEDESTRIAN,Getting off/on Vehicle,NO IMPROPER ACTIONS,OTHER,N/A,UNKNOWN,No,POSSIBLE INJURY,N/A,39.15526153,-77.1655789,"(39.15526153, -77.1655789)"
MCP13970012,180004072,Montgomery County Police,Injury Crash,01/24/2018 02:58:00 PM,Maryland (State),FREDERICK RD,County,SHAKESPEARE BLVD,,N/A,PEDESTRIAN,SAME DIRECTION LEFT TURN,CLOUDY,DRY,DAYLIGHT,OTHER,NONE DETECTED,NONE DETECTED,3C7D1894-F0F4-42C2-8EFE-BE72BD8558DD,PEDESTRIAN,Cross/Enter at Intersection,INATTENTIVE,AT INTERSECTION MARKED CROSSWALK,OBEYED PED. SIGNAL,DARK CLOTHING,No,POSSIBLE INJURY,N/A,39.19812948,-77.24464372,"(39.19812948, -77.24464372)"
MCP1233002C,180027204,Montgomery County Police,Injury Crash,06/02/2018 07:44:00 PM,,,,,DRIVE WAY OF 10625 CONNECTICUT AVE.,,PEDESTRIAN,N/A,CLOUDY,,DAYLIGHT,NO CONTROLS,NONE DETECTED,NONE DETECTED,0606246C-B190-49DC-8EF5-5971C0163C4F,PEDESTRIAN,Walking/Cycling on Sidewalk,NO IMPROPER ACTIONS,SIDEWALK,N/A,N/A,No,POSSIBLE INJURY,N/A,39.03041167,-77.07531,"(39.03041167, -77.07531)"
MCP3068000L,170541552,Montgomery County Police,Injury Crash,11/07/2017 07:12:00 PM,Maryland (State),BROOKVILLE RD,Municipality,TAYLOR ST,,CHEVY CHASE #3,PEDESTRIAN,OTHER,RAINING,WET,DARK LIGHTS ON,STOP SIGN,N/A,N/A,71E240BD-CF0F-4B23-A727-C1EE9104BB23,PEDESTRIAN,Cross/Enter at Intersection,NO IMPROPER ACTIONS,ON ROADWAY AT CROSSWALK,NO PED. SIGNAL,MIXED CLOTHING,No,SUSPECTED MINOR INJURY,NONE,38.98126833,-77.07143333,"(38.98126833, -77.07143333)"
MCP2848003N,16063214,Montgomery County Police,Injury Crash,12/09/2016 01:16:00 PM,County,NORFOLK AVE,County,DEL RAY AVE,,N/A,PEDESTRIAN,OTHER,CLEAR,DRY,DAYLIGHT,NO CONTROLS,NONE DETECTED,NONE DETECTED,3777A764-0A0B-427C-80F3-7E4C43A409C1,PEDESTRIAN,Cross/Enter not at Intersection,NO IMPROPER ACTIONS,ON ROADWAY AT CROSSWALK,NO PED. SIGNAL,LIGHT CLOTHING,No,POSSIBLE INJURY,NONE,38.98961833,-77.09863833,"(38.98961833, -77.09863833)"
MCP23960026,170519725,Montgomery County Police,Injury Crash,07/18/2017 10:10:00 AM,County,BEL PRE RD,County,HOMECREST RD,,N/A,PEDESTRIAN,HEAD ON LEFT TURN,CLEAR,DRY,DAYLIGHT,TRAFFIC SIGNAL,NONE DETECTED,NONE DETECTED,21D1978F-14AF-4C43-A1BC-80636F70DEE4,PEDESTRIAN,Cross/Enter at Intersection,NO IMPROPER ACTIONS,ON ROADWAY AT CROSSWALK,OBEYED PED. SIGNAL,MIXED CLOTHING,No,SUSPECTED MINOR INJURY,NONE,39.09161167,-77.06272,"(39.09161167, -77.06272)"
MCP2789000K,15003826,Montgomery County Police,Injury Crash,01/23/2015 08:10:00 PM,Maryland (State),COLESVILLE RD,Maryland (State),GEORGIA AVE,,N/A,PEDESTRIAN,SINGLE VEHICLE,RAINING,WET,DARK LIGHTS ON,TRAFFIC SIGNAL,N/A,N/A,BE95E8A5-2271-404B-9A7E-665E6DAF897F,PEDESTRIAN,Cross/Enter at Intersection,NO IMPROPER ACTIONS,AT INTERSECTION MARKED CROSSWALK,OBEYED PED. SIGNAL,DARK CLOTHING,,SUSPECTED MINOR INJURY,N/A,38.99734667,-77.029575,"(38.99734667, -77.029575)"
MCP10480015,16001954,Montgomery County Police,Injury Crash,01/11/2016 03:20:00 PM,County,SHADY GROVE RD,Municipality,GAITHER RD,,ROCKVILLE,PEDESTRIAN,SINGLE VEHICLE,CLEAR,DRY,DAYLIGHT,TRAFFIC SIGNAL,NONE DETECTED,NONE DETECTED,AE31FB1B-2200-4977-BE05-546F0AF4FDE6,PEDESTRIAN,Cross/Enter at Intersection,NO IMPROPER ACTIONS,AT INTERSECTION MARKED CROSSWALK,OBEYED PED. SIGNAL,LIGHT CLOTHING,No,POSSIBLE INJURY,N/A,39.11768833,-77.18371,"(39.11768833, -77.18371)"
MCP25460027,16066612,Montgomery County Police,Injury Crash,12/27/2016 03:15:00 PM,County,PARKLAND DR,County,INDEPENDENCE ST,,N/A,PEDESTRIAN,OTHER,CLEAR,DRY,DAYLIGHT,STOP SIGN,NONE DETECTED,NONE DETECTED,3BC2AE6A-5DB0-4C59-88FA-8E0BDBA5AC62,PEDESTRIAN,Getting off/on Vehicle,NO IMPROPER ACTIONS,SHOULDER,N/A,LIGHT CLOTHING,Unknown,SUSPECTED SERIOUS INJURY,NONE,39.07271167,-77.08702,"(39.07271167, -77.08702)"
MCP2849001H,15042321,MONTGOMERY,Injury Crash,08/23/2015 07:30:00 PM,Maryland (State),GEORGIA AVE,Unknown,ENT TO BUSINESS,,N/A,OTHER CONVEYANCE,OTHER,N/A,DRY,DAYLIGHT,NO CONTROLS,UNKNOWN,ALCOHOL PRESENT,9CE6EF98-A052-47E9-857A-61BF349FB095,OTHER CONVEYANCE,Other,NO IMPROPER ACTIONS,DRIVEWAY ACCESS MARKED CROSSWALK,NO PED. SIGNAL,UNKNOWN,No,SUSPECTED MINOR INJURY,N/A,39.08513759,-77.07868874,"(39.08513759, -77.07868874)"
MCP27190017,16047966,Montgomery County Police,Injury Crash,09/18/2016 05:41:00 PM,County,PRICE AVE,County,FERN ST,,N/A,PEDESTRIAN,OTHER,CLEAR,DRY,DAYLIGHT,NO CONTROLS,NONE DETECTED,NONE DETECTED,7D5A9ECA-05FC-4276-9DEF-97E20AB3B73D,PEDESTRIAN,Cross/Enter at Intersection,NO IMPROPER ACTIONS,AT INTERSECTION MARKED CROSSWALK,NO PED. SIGNAL,LIGHT CLOTHING,No,SUSPECTED SERIOUS INJURY,NONE,39.0414,-77.048655,"(39.0414, -77.048655)"
MCP9424000H,15050537,MONTGOMERY,Injury Crash,10/06/2015 04:45:00 AM,Maryland (State),WOODFIELD RD,County,CHURCHILL DOWNS RD,,N/A,PEDESTRIAN,SAME DIR REAR END,CLEAR,DRY,DARK LIGHTS ON,N/A,NONE DETECTED,NONE DETECTED,AC96F3E9-E134-42EE-BBA8-2CF7B0725088,PEDESTRIAN,Walking/Riding w/Traffic,NOT VISIBLE,ON ROADWAY NOT AT CROSSWALK,N/A,MIXED CLOTHING,No,POSSIBLE INJURY,N/A,39.21696333,-77.17322,"(39.21696333, -77.17322)"
MCP2773001B,15035200,MONTGOMERY,Property Damage Crash,07/17/2015 02:50:00 PM,,,,,parking lot of 7821 eastern avenue,,OTHER,SINGLE VEHICLE,CLEAR,,DAYLIGHT,NO CONTROLS,NONE DETECTED,NONE DETECTED,3F3021E1-8370-46B1-95EA-9C0E74FCC644,OTHER,Other,NO IMPROPER ACTIONS,INSIDE BUILDING,N/A,N/A,No,NO APPARENT INJURY,N/A,38.98522,-77.027395,"(38.98522, -77.027395)"
MCP1221004S,180013625,Montgomery County Police,Injury Crash,03/19/2018 08:48:00 AM,,,,,PARKING LOT OF 100 TSCHIFFELY SQUARE RD,,PEDESTRIAN,SINGLE VEHICLE,CLEAR,,DAYLIGHT,NO CONTROLS,NONE DETECTED,NONE DETECTED,C6EBDEAA-6365-4BF8-82DB-C73A9E3EEFF7,PEDESTRIAN,Walking to/from school,NO IMPROPER ACTIONS,OTHER,NO PED. SIGNAL,MIXED CLOTHING,No,SUSPECTED MINOR INJURY,N/A,39.11766833,-77.24671667,"(39.11766833, -77.24671667)"
MCP2986000Z,16040906,Montgomery County Police,Injury Crash,08/12/2016 12:20:00 PM,County,CAMERON ST,County,FENTON ST,,N/A,PEDESTRIAN,SINGLE VEHICLE,CLEAR,DRY,DAYLIGHT,TRAFFIC SIGNAL,NONE DETECTED,NONE DETECTED,12313B9D-C120-4EEE-83AC-AFBDEF3E170A,PEDESTRIAN,Cross/Enter at Intersection,UNKNOWN,AT INTERSECTION MARKED CROSSWALK,UNKNOWN,DARK CLOTHING,Unknown,SUSPECTED MINOR INJURY,NONE,38.99834667,-77.02863167,"(38.99834667, -77.02863167)"
MCP3050000N,170502919,Montgomery County Police,Injury Crash,04/19/2017 08:41:00 AM,,,,,DUNKIN DONUTS 13810 CONNECTICUT AVE SILVER SPRING 20906,,OTHER,SINGLE VEHICLE,CLEAR,,DAYLIGHT,N/A,NONE DETECTED,NONE DETECTED,17C4F97E-A440-4304-8218-21F7D6276ED3,OTHER,Other,N/A,INSIDE BUILDING,N/A,MIXED CLOTHING,No,SUSPECTED MINOR INJURY,N/A,39.08526833,-77.07725333,"(39.08526833, -77.07725333)"
MCP30210019,170531310,Montgomery County Police,Injury Crash,09/18/2017 02:55:00 PM,,,,,PARKING LOT OF GIANT / SEARS     11200 NEW HAMPSHIRE AVE,,OTHER CONVEYANCE,SINGLE VEHICLE,CLEAR,,DAYLIGHT,NO CONTROLS,NONE DETECTED,NONE DETECTED,FB894BCC-2431-4173-9F0A-288583808629,OTHER CONVEYANCE,Unknown,UNKNOWN,N/A,N/A,MIXED CLOTHING,No,SUSPECTED MINOR INJURY,NONE,39.04118167,-76.99018833,"(39.04118167, -76.99018833)"
MCP29170021,170538180,Montgomery County Police,Injury Crash,10/22/2017 04:38:00 PM,County,LONGMEAD CROSSING DR,County,VILLAGE GATE DR,,N/A,BICYCLIST,STRAIGHT MOVEMENT ANGLE,CLEAR,DRY,DAYLIGHT,NO CONTROLS,NONE DETECTED,NONE DETECTED,86D45BF4-CC4A-4762-AFE7-89D494B3DBA2,BICYCLIST,Cross/Enter at Intersection,FAILURE TO YIELD RIGHT OF WAY,ON ROADWAY NOT AT CROSSWALK,OTHER,UNKNOWN,Unknown,SUSPECTED MINOR INJURY,MC/BIKE HELMET,39.09674333,-77.04594833,"(39.09674333, -77.04594833)"