Report Number,Local Case Number,Agency Name,ACRS Report Type,Crash Date/Time,Route Type,Road Name,Cross-Street Type,Cross-Street Name,Off-Road Description,Municipality,Related Non-Motorist,Collision Type,Weather,Surface Condition,Light,Traffic Control,Driver Substance Abuse,Non-Motorist Substance Abuse,Person ID,Pedestrian Type,Pedestrian Movement,Pedestrian Actions,Pedestrian Location,Pedestrian Obeyed Traffic Signal,Pedestrian Visibility,At Fault,Injury Severity,Safety Equipment,Latitude,Longitude,Location
EJ7829001N,15057386,GAITHERSBURG,Injury Crash,11/10/2015 05:40:00 PM,Municipality,PALM SPRING DR,Municipality,PALMTREE DR,,GAITHERSBURG,PEDESTRIAN,SINGLE VEHICLE,RAINING,WET,DARK LIGHTS ON,NO CONTROLS,NONE DETECTED,NONE DETECTED,56E96419-7E87-418E-9E15-E50886C20558,PEDESTRIAN,Cross/Enter at Intersection,FAILURE TO YIELD RIGHT OF WAY,ON ROADWAY AT CROSSWALK,NO PED. SIGNAL,DARK CLOTHING,No,SUSPECTED MINOR INJURY,NONE,39.12377667,-77.21204167,"(39.12377667, -77.21204167)"
MCP1301000N,16036204,Montgomery County Police,Fatal Crash,07/17/2016 01:23:00 PM,Maryland (State),VEIRS MILL RD,County,TURKEY BRANCH PKWY,,N/A,BICYCLIST,SINGLE VEHICLE,CLEAR,DRY,DAYLIGHT,OTHER,NONE DETECTED,UNKNOWN,DD07E95B-EF89-4715-A848-564A11BE6CF9,BICYCLIST,Cross/Enter at Intersection,FAILURE TO OBEY TRAFFIC SIGNS SIGNALS OR OFFICER,ON ROADWAY AT CROSSWALK,DISOBEYED PED. SIGNAL,MIXED CLOTHING,Yes,FATAL INJURY,MC/BIKE HELMET,39.05998514,-77.08942294,"(39.05998514, -77.08942294)"
MCP10640043,16013352,Montgomery County Police,Injury Crash,03/18/2016 10:47:00 AM,,,,,"DRIVEWAY- 8728 COLESVILLE RD
SILVER SPRING, MD 20910",,PEDESTRIAN,OTHER,CLEAR,,DAYLIGHT,N/A,N/A,N/A,29AF22AB-D5D8-43BA-92B2-920D707EBE79,PEDESTRIAN,Standing,NO IMPROPER ACTIONS,OTHER,N/A,DARK CLOTHING,No,SUSPECTED SERIOUS INJURY,N/A,38.99820167,-77.02671333,"(38.99820167, -77.02671333)"
MCP2717008V,16065025,Montgomery County Police,Injury Crash,12/19/2016 12:45:00 PM,,,,,10400 OLD GEORGETOWN ROAD (GIANT FOOD PARKING LOT),,PEDESTRIAN,OTHER,CLEAR,,DAYLIGHT,NO CONTROLS,NONE DETECTED,NONE DETECTED,BCFFB152-7A45-4A35-8B48-2C86C1780C74,PEDESTRIAN,Cross/Enter not at Intersection,DART DASH,OUTSIDE RIGHT OF WAY,NO PED. SIGNAL,MIXED CLOTHING,Yes,SUSPECTED MINOR INJURY,NONE,39.02603667,-77.126905,"(39.02603667, -77.126905)"
MCP9386001V,15007255,Montgomery County Police,Injury Crash,02/13/2015 08:52:00 AM,County,WESTPATH WAY,County,SANGAMORE RD,,N/A,PEDESTRIAN,OTHER,CLEAR,DRY,DAYLIGHT,NO CONTROLS,NONE DETECTED,NONE DETECTED,E157C002-7598-4FEA-BB79-2FB54F2B2362,PEDESTRIAN,Cross/Enter not at Intersection,DART DASH,ON ROADWAY NOT AT CROSSWALK,NO PED. SIGNAL,REFLECTIVE MATERIAL,,POSSIBLE INJURY,N/A,38.95641667,-77.12204833,"(38.95641667, -77.12204833)"
DD55950026,16005179,Rockville Police Departme,Injury Crash,02/01/2016 07:15:00 AM,Municipality,MONROE PL,Municipality,MONROE ST,,ROCKVILLE,PEDESTRIAN,SINGLE VEHICLE,CLOUDY,WET,DAYLIGHT,STOP SIGN,UNKNOWN,NONE DETECTED,002E2887-17C8-4249-AF48-F857FB9A2C42,PEDESTRIAN,Cross/Enter at Intersection,NO IMPROPER ACTIONS,ON ROADWAY AT CROSSWALK,N/A,MIXED CLOTHING,No,SUSPECTED MINOR INJURY,N/A,39.08350323,-77.14896128,"(39.08350323, -77.14896128)"
MCP1174002B,170522951,Montgomery County Police,Injury Crash,08/04/2017 12:40:00 PM,Maryland (State),WISCONSIN AVE,County,ELM ST,,N/A,MACHINE OPERATOR/RIDER,SINGLE VEHICLE,CLEAR,DRY,DAYLIGHT,TRAFFIC SIGNAL,NONE DETECTED,NONE DETECTED,2A632BE1-2F27-4423-8DF6-C2228D658E5B,MACHINE OPERATOR/RIDER,Cross/Enter at Intersection,FAILURE TO OBEY TRAFFIC SIGNS SIGNALS OR OFFICER,AT INTERSECTION MARKED CROSSWALK,OTHER,DARK CLOTHING,Yes,POSSIBLE INJURY,NONE,38.98222227,-77.09306002,"(38.98222227, -77.09306002)"
MCP28680026,17003671,Montgomery County Police,Injury Crash,01/21/2017 04:55:00 PM,Maryland (State),WISCONSIN AVE,County,STANFORD ST,,N/A,BICYCLIST,OTHER,CLOUDY,DRY,DUSK,TRAFFIC SIGNAL,NONE DETECTED,NONE DETECTED,1D78D795-D9BF-4C8E-B5B9-C78B6B1C6F40,BICYCLIST,Walking/Riding w/Traffic,IMPROPER PASSING,ON ROADWAY NOT AT CROSSWALK,N/A,MIXED CLOTHING,Yes,POSSIBLE INJURY,MC/BIKE HELMET,38.97847962,-77.09127232,"(38.97847962, -77.09127232)"
MCP2617003V,170519944,Montgomery County Police,Injury Crash,07/19/2017 11:44:00 AM,Municipality,DRUMMOND AVE,Maryland (State),WISCONSIN AVE,,N/A,OTHER,OTHER,CLEAR,DRY,DAYLIGHT,NO CONTROLS,,NONE DETECTED,A3984CB1-0E58-459D-AF28-6F8623D54AB7,OTHER,Getting off/on Vehicle,OTHER,ON ROADWAY NOT AT CROSSWALK,N/A,LIGHT CLOTHING,Yes,SUSPECTED SERIOUS INJURY,NONE,38.997705,-77.09671833,"(38.997705, -77.09671833)"
MCP3132000H,180051293,Montgomery County Police,Injury Crash,10/13/2018 02:18:00 PM,County,FRANKLIN ST,County,EDGEFIELD RD,,N/A,BICYCLIST,OTHER,CLEAR,DRY,DAYLIGHT,NO CONTROLS,N/A,N/A,C17D2FB4-4F86-4DD8-A3DE-D512293ACC72,BICYCLIST,Cross/Enter at Intersection,NO IMPROPER ACTIONS,ON ROADWAY AT CROSSWALK,OBEYED PED. SIGNAL,LIGHT CLOTHING,No,SUSPECTED MINOR INJURY,NONE,39.01996167,-77.09558667,"(39.01996167, -77.09558667)"
MCP9113001W,16046883,Montgomery County Police,Injury Crash,09/13/2016 09:38:00 AM,Maryland (State),CONNECTICUT AVE,County,ISBELL ST,,N/A,PEDESTRIAN,OTHER,CLEAR,DRY,DAYLIGHT,NO CONTROLS,NONE DETECTED,NONE DETECTED,1C6B2FA1-EFB8-4D75-9F02-0DBB523597D0,PEDESTRIAN,Cross/Enter at Intersection,DART DASH,AT INTERSECTION BUT NO CROSSWALK,NO PED. SIGNAL,OTHER,Unknown,POSSIBLE INJURY,N/A,39.06450833,-77.074015,"(39.06450833, -77.074015)"
MCP28750014,15038530,MONTGOMERY,Injury Crash,08/03/2015 07:58:00 PM,,,,,"Parking lot of 13097 Wisteria Dr., Germantown, MD 20874",,PEDESTRIAN,OTHER,CLEAR,,DAYLIGHT,NO CONTROLS,NONE DETECTED,NONE DETECTED,72806004-AFEA-436C-B6BE-9FA95D48BC66,PEDESTRIAN,Cross/Enter at Intersection,NO IMPROPER ACTIONS,SIDEWALK,NO PED. SIGNAL,MIXED CLOTHING,No,POSSIBLE INJURY,NONE,39.17821,-77.27214,"(39.17821, -77.27214)"
EJ77470022,16033848,Gaithersburg Police Depar,Injury Crash,07/04/2016 07:02:00 PM,Municipality,WASHINGTONIAN BLVD,Unknown,BOARDWALK PL,,N/A,PEDESTRIAN,SAME DIR REAR END,RAINING,WET,DAYLIGHT,OTHER,NONE DETECTED,NONE DETECTED,51FC4F60-C974-4690-B6F6-3EF2771CCB42,PEDESTRIAN,Cross/Enter at Intersection,NO IMPROPER ACTIONS,AT INTERSECTION MARKED CROSSWALK,NO PED. SIGNAL,MIXED CLOTHING,No,NO APPARENT INJURY,N/A,39.116595,-77.19954,"(39.116595, -77.19954)"
MCP3063001B,180060695,Montgomery County Police,Injury Crash,12/04/2018 07:52:00 PM,County,MCKNEW RD,Other Public Roadway,CEDAR TREE DR,,N/A,PEDESTRIAN,N/A,CLEAR,N/A,DARK NO LIGHTS,STOP SIGN,N/A,N/A,EDBB1CEB-E55A-4CBA-8346-DB861FBE1859,PEDESTRIAN,Cross/Enter at Intersection,INATTENTIVE,ON ROADWAY AT CROSSWALK,NO PED. SIGNAL,DARK CLOTHING,No,SUSPECTED MINOR INJURY,N/A,39.10219698,-76.92280968,"(39.10219698, -76.92280968)"
MCP229800JX,180035562,Montgomery County Police,Injury Crash,07/18/2018 03:01:00 PM,Maryland (State),FREDERICK RD,County,REDLAND RD,,N/A,PEDESTRIAN,OTHER,N/A,DRY,DAYLIGHT,NO CONTROLS,NONE DETECTED,NONE DETECTED,BB09E9BD-0E3E-4AEF-A2CC-6BDBF6239F07,PEDESTRIAN,Walking/Riding w/Traffic,NO IMPROPER ACTIONS,SIDEWALK,NO PED. SIGNAL,LIGHT CLOTHING,No,SUSPECTED MINOR INJURY,N/A,39.114425,-77.16378333,"(39.114425, -77.16378333)"
MCP2690000N,15000473,Montgomery County Police,Injury Crash,01/03/2015 08:31:00 PM,,,,,Parking Lot 13 at 11219 Grandview Ave,,PEDESTRIAN,SINGLE VEHICLE,RAINING,,DARK LIGHTS ON,NO CONTROLS,ALCOHOL CONTRIBUTED,NONE DETECTED,4D6B0D8F-90B1-4BF0-9D2E-3A831F578D44,PEDESTRIAN,Standing,NO IMPROPER ACTIONS,OTHER,N/A,DARK CLOTHING,,SUSPECTED MINOR INJURY,N/A,39.03882591,-77.05136508,"(39.03882591, -77.05136508)"
MCP3148000S,180058223,Montgomery County Police,Injury Crash,11/20/2018 02:08:00 PM,County,EXECUTIVE BLVD,County,MARINELLI RD,,N/A,PEDESTRIAN,HEAD ON,CLEAR,DRY,DAYLIGHT,TRAFFIC SIGNAL,N/A,N/A,2F07F928-FDA2-4527-8D86-2CC04FC215D4,PEDESTRIAN,Cross/Enter at Intersection,NO IMPROPER ACTIONS,ON ROADWAY AT CROSSWALK,OBEYED PED. SIGNAL,MIXED CLOTHING,No,POSSIBLE INJURY,N/A,39.04627333,-77.11695833,"(39.04627333, -77.11695833)"
DD5606001N,15005935,Rockville Police Departme,Injury Crash,02/05/2015 06:19:00 PM,Maryland (State),HUNGERFORD DR,Service Road,N CAMPUS DR,,N/A,PEDESTRIAN,SINGLE VEHICLE,N/A,N/A,DARK LIGHTS ON,TRAFFIC SIGNAL,NONE DETECTED,NONE DETECTED,064367B1-3B0A-4BBF-9D51-30BFFB226580,PEDESTRIAN,Cross/Enter at Intersection,FAILURE TO YIELD RIGHT OF WAY,ON ROADWAY AT CROSSWALK,DISOBEYED PED. SIGNAL,DARK CLOTHING,,SUSPECTED MINOR INJURY,NONE,39.10074333,-77.15465,"(39.10074333, -77.15465)"
DD5527001Z,180063320,Rockville Police Departme,Injury Crash,12/19/2018 08:33:00 AM,Municipality,SUNRISE DR,Municipality,CRESTVIEW DR,,ROCKVILLE,PEDESTRIAN,OTHER,CLEAR,DRY,DAYLIGHT,NO CONTROLS,NONE DETECTED,NONE DETECTED,12D266AE-AB8D-4CC4-84F5-5ECCFAEEA46D,PEDESTRIAN,Cross/Enter at Intersection,NO IMPROPER ACTIONS,AT INTERSECTION BUT NO CROSSWALK,NO PED. SIGNAL,MIXED CLOTHING,No,SUSPECTED MINOR INJURY,NONE,39.09916,-77.15928333,"(39.09916, -77.15928333)"
MCP1366005N,17004075,Montgomery County Police,Injury Crash,01/24/2017 06:47:00 AM,Municipality,PLEASANT DR,Municipality,CROOKED CREEK DR,,ROCKVILLE,PEDESTRIAN,SINGLE VEHICLE,RAINING,WET,DARK LIGHTS ON,STOP SIGN,NONE DETECTED,NONE DETECTED,25601E8A-8A63-4818-9EF7-773CB2E72A9C,PEDESTRIAN,Cross/Enter at Intersection,FAILURE TO YIELD RIGHT OF WAY,AT INTERSECTION BUT NO CROSSWALK,NO PED. SIGNAL,MIXED CLOTHING,Yes,SUSPECTED SERIOUS INJURY,NONE,39.11268,-77.16970167,"(39.11268, -77.16970167)"
MCP9390000L,16010150,Montgomery County Police,Injury Crash,02/29/2016 06:53:00 PM,Maryland (State),CLOPPER RD,Municipality,METROPOLITAN GROVE RD,,GAITHERSBURG,PEDESTRIAN,OTHER,CLEAR,DRY,DARK LIGHTS ON,TRAFFIC SIGNAL,N/A,N/A,3BB2A7F7-F150-4FCA-B19A-2253460EDB75,PEDESTRIAN,Cross/Enter at Intersection,FAILURE TO OBEY TRAFFIC SIGNS SIGNALS OR OFFICER,AT INTERSECTION MARKED CROSSWALK,DISOBEYED PED. SIGNAL,DARK CLOTHING,Yes,SUSPECTED MINOR INJURY,N/A,39.14603767,-77.22830772,"(39.14603767, -77.22830772)"
MCP2953000L,15052867,MONTGOMERY,Injury Crash,10/18/2015 01:02:00 PM,,,,,Northgate Shopping Center,,PEDESTRIAN,OTHER,CLEAR,,DAYLIGHT,NO CONTROLS,NONE DETECTED,NONE DETECTED,52E6B298-8A74-462A-BA2F-255D7AC6DF2A,PEDESTRIAN,Cross/Enter not at Intersection,FAILURE TO YIELD RIGHT OF WAY,OUTSIDE RIGHT OF WAY,N/A,LIGHT CLOTHING,Yes,SUSPECTED SERIOUS INJURY,N/A,39.08131,-77.07788833,"(39.08131, -77.07788833)"
MCP2889003H,180058839,Montgomery County Police,Injury Crash,11/24/2018 05:42:00 PM,Maryland (State),GEORGIA AVE,County,BLUERIDGE AVE,,N/A,PEDESTRIAN,OTHER,RAINING,WET,DARK LIGHTS ON,TRAFFIC SIGNAL,NONE DETECTED,NONE DETECTED,C1B9F296-8C35-433C-A46A-355371852554,PEDESTRIAN,Cross/Enter at Intersection,NO IMPROPER ACTIONS,ON ROADWAY AT CROSSWALK,OBEYED PED. SIGNAL,DARK CLOTHING,No,POSSIBLE INJURY,NONE,39.04306621,-77.05194301,"(39.04306621, -77.05194301)"
MCP2987001K,17009316,Montgomery County Police,Injury Crash,02/21/2017 10:40:00 AM,Maryland (State),PINEY BRANCH RD,County,ARLISS ST,,N/A,PEDESTRIAN,STRAIGHT MOVEMENT ANGLE,CLEAR,DRY,DAYLIGHT,TRAFFIC SIGNAL,NONE DETECTED,NONE DETECTED,FFBFAEFF-90EC-44BD-9556-3EDA9AA47C56,PEDESTRIAN,Cross/Enter at Intersection,NO IMPROPER ACTIONS,ON ROADWAY AT CROSSWALK,OBEYED PED. SIGNAL,MIXED CLOTHING,No,SUSPECTED MINOR INJURY,NONE,38.99820667,-77.00123167,"(38.99820667, -77.00123167)"
MCP2974001L,180002145,Montgomery County Police,Injury Crash,01/14/2018 02:05:00 AM,Maryland (State),PINEY BRANCH RD,County,ARLISS ST,,N/A,PEDESTRIAN,OTHER,CLEAR,N/A,DARK LIGHTS ON,FLASHING TRAFFIC SIGNAL,ILLEGAL DRUG PRESENT,ALCOHOL PRESENT,ABC4C28D-5D11-4895-9DAE-050142ACFE7D,PEDESTRIAN,Cross/Enter not at Intersection,IN ROADWAY IMPROPERLY,ON ROADWAY NOT AT CROSSWALK,NO PED. SIGNAL,DARK CLOTHING,Yes,SUSPECTED MINOR INJURY,N/A,38.99842602,-77.0010978,"(38.99842602, -77.0010978)"
MCP2720002P,17011450,Montgomery County Police,Injury Crash,03/05/2017 02:48:00 AM,County,WINDMILL LA,County,ROSSITER CT,,N/A,PEDESTRIAN,SINGLE VEHICLE,CLEAR,DRY,DARK -- UNKNOWN LIGHTING,NO CONTROLS,UNKNOWN,NONE DETECTED,1EB10340-F9FC-42DA-B2A2-F4AC99F81092,PEDESTRIAN,Other,NO IMPROPER ACTIONS,CURB,N/A,N/A,No,SUSPECTED MINOR INJURY,NONE,39.09209167,-77.06885333,"(39.09209167, -77.06885333)"
EJ78520018,15064548,GAITHERSBURG,Injury Crash,12/17/2015 06:36:00 PM,Municipality,BOOTH ST,Municipality,KENTLANDS BLVD,,GAITHERSBURG,PEDESTRIAN,HEAD ON LEFT TURN,FOGGY,WET,DARK LIGHTS ON,STOP SIGN,NONE DETECTED,NONE DETECTED,1F5EACAB-907B-4C5D-8204-5C438E54178E,PEDESTRIAN,Cross/Enter at Intersection,UNKNOWN,UNKNOWN,UNKNOWN,DARK CLOTHING,Unknown,POSSIBLE INJURY,NONE,39.12469833,-77.24017833,"(39.12469833, -77.24017833)"
MCP26080012,15043981,MONTGOMERY,Injury Crash,09/01/2015 05:33:00 PM,Maryland (State),GEORGIA AVE,County,AUGUST DR,,N/A,PEDESTRIAN,STRAIGHT MOVEMENT ANGLE,CLEAR,DRY,DAYLIGHT,TRAFFIC SIGNAL,NONE DETECTED,NONE DETECTED,8C3A2386-E400-48E8-944D-C0D1611E0D13,PEDESTRIAN,Cross/Enter at Intersection,NO IMPROPER ACTIONS,ON ROADWAY AT CROSSWALK,OBEYED PED. SIGNAL,MIXED CLOTHING,No,POSSIBLE INJURY,N/A,39.02128167,-77.04459667,"(39.02128167, -77.04459667)"
EJ7863000Q,17002486,Gaithersburg Police Depar,Injury Crash,01/14/2017 07:04:00 PM,County,CONTOUR RD,County,LOST KNIFE RD,,N/A,PEDESTRIAN,SINGLE VEHICLE,RAINING,WET,DARK LIGHTS ON,NO CONTROLS,NONE DETECTED,NONE DETECTED,491F4EAD-630D-4B1A-801B-BB4368B3F9CA,PEDESTRIAN,Cross/Enter at Intersection,NO IMPROPER ACTIONS,AT INTERSECTION MARKED CROSSWALK,NO PED. SIGNAL,DARK CLOTHING,No,POSSIBLE INJURY,NONE,39.15495683,-77.20097065,"(39.15495683, -77.20097065)"
EJ7829001R,15063391,GAITHERSBURG,Injury Crash,12/11/2015 06:50:00 PM,Municipality,W DEER PARK RD,Municipality,DUVALL LA,,GAITHERSBURG,PEDESTRIAN,SINGLE VEHICLE,CLEAR,DRY,DARK LIGHTS ON,STOP SIGN,NONE DETECTED,NONE DETECTED,F7888C59-A21D-404F-9A30-868A47C1F47B,PEDESTRIAN,Cross/Enter at Intersection,IN ROADWAY IMPROPERLY,AT INTERSECTION BUT NO CROSSWALK,N/A,DARK CLOTHING,Yes,SUSPECTED MINOR INJURY,N/A,39.12748,-77.19744,"(39.12748, -77.19744)"
MCP2717008F,16056696,Montgomery County Police,Injury Crash,11/03/2016 01:20:00 PM,County,BETHESDA AVE,County,ARLINGTON RD,,N/A,PEDESTRIAN,OTHER,RAINING,WET,DAYLIGHT,NO CONTROLS,UNKNOWN,NONE DETECTED,59D49454-E5C2-4728-BC3F-D2D49D3566E1,PEDESTRIAN,Other Working,OTHER,OUTSIDE RIGHT OF WAY,NO PED. SIGNAL,MIXED CLOTHING,No,SUSPECTED MINOR INJURY,NONE,38.99738167,-77.10942667,"(38.99738167, -77.10942667)"
MCP1438006J,180034462,Montgomery County Police,Injury Crash,07/12/2018 01:30:00 PM,Maryland (State),QUINCE ORCHARD RD,Municipality,LITTLE QUARRY RD,,GAITHERSBURG,BICYCLIST,OTHER,CLEAR,DRY,DAYLIGHT,NO CONTROLS,NONE DETECTED,NONE DETECTED,035DE86D-08E8-4E98-A75E-2B3FD6CEF30A,BICYCLIST,Cross/Enter at Intersection,INATTENTIVE,AT INTERSECTION MARKED CROSSWALK,NO PED. SIGNAL,LIGHT CLOTHING,Yes,POSSIBLE INJURY,NONE,39.12455333,-77.24697667,"(39.12455333, -77.24697667)"
MCP3162000G,180045182,Montgomery County Police,Property Damage Crash,09/10/2018 03:56:00 PM,Maryland (State),NEW HAMPSHIRE AVE,Ramp,RAMP 4 FR MD 650 NB TO IS 495 EB,,N/A,PEDESTRIAN,SAME DIR REAR END,RAINING,WET,DAYLIGHT,NO CONTROLS,NONE DETECTED,N/A,494CC876-4091-49AA-AC7A-43607BD5FC19,PEDESTRIAN,Standing,NO IMPROPER ACTIONS,ON ROADWAY AT CROSSWALK,NO PED. SIGNAL,LIGHT CLOTHING,No,NO APPARENT INJURY,N/A,39.01603667,-76.97742833,"(39.01603667, -76.97742833)"
MCP1202000K,15030096,Montgomery County Police,Injury Crash,06/20/2015 08:06:00 AM,County,MACARTHUR BLVD,County,MOHICAN RD,,N/A,BICYCLIST,HEAD ON LEFT TURN,CLEAR,DRY,DAYLIGHT,NO CONTROLS,NONE DETECTED,NONE DETECTED,51461ADE-EFB9-4089-BA20-37F3FE918622,BICYCLIST,Walking/Riding w/Traffic,NO IMPROPER ACTIONS,IN BIKEWAY,N/A,N/A,,SUSPECTED MINOR INJURY,MC/BIKE HELMET,38.95980667,-77.13144167,"(38.95980667, -77.13144167)"
MCP2008000M,15002220,Montgomery County Police,Injury Crash,01/14/2015 05:17:00 PM,County,SANGAMORE RD,County,BROOKES LA,,N/A,PEDESTRIAN,OTHER,CLOUDY,DRY,DUSK,STOP SIGN,UNKNOWN,NONE DETECTED,7A26980B-BFE5-42F4-9E96-BA18E59616C6,PEDESTRIAN,Cross/Enter at Intersection,NO IMPROPER ACTIONS,ON ROADWAY AT CROSSWALK,NO PED. SIGNAL,MIXED CLOTHING,,POSSIBLE INJURY,N/A,38.94900833,-77.12020333,"(38.94900833, -77.12020333)"
MCP2357003H,190001755,Montgomery County Police,Injury Crash,01/11/2019 12:53:00 PM,Maryland (State),PINEY BRANCH RD,County,DALE DR,,N/A,BICYCLIST,OTHER,CLEAR,DRY,DAYLIGHT,N/A,NONE DETECTED,NONE DETECTED,1004EAEA-6EFC-4D97-A8F9-4CB8493F322B,BICYCLIST,Unknown,NO IMPROPER ACTIONS,OTHER,N/A,DARK CLOTHING,Yes,SUSPECTED MINOR INJURY,NONE,38.99345833,-77.00918667,"(38.99345833, -77.00918667)"
MCP2942001L,16026975,Montgomery County Police,Injury Crash,05/30/2016 06:15:00 PM,,,,,PARKING LOT IN FRONT OF 4978 SENTINEL DRIVE,,PEDESTRIAN,OTHER,CLEAR,,DAYLIGHT,NO CONTROLS,UNKNOWN,NONE DETECTED,6FEDB32A-6306-4C91-B71A-92A984153177,PEDESTRIAN,Getting off/on Vehicle,NO IMPROPER ACTIONS,ON ROADWAY NOT AT CROSSWALK,N/A,LIGHT CLOTHING,No,SUSPECTED MINOR INJURY,REFLECTIVE CLOTHING,38.95066,-77.11489,"(38.95066, -77.11489)"
MCP2492000M,16027601,Montgomery County Police,Fatal Crash,06/02/2016 02:34:00 PM,Maryland (State),S FREDERICK RD,Municipality,CEDAR AVE,,GAITHERSBURG,BICYCLIST,OTHER,CLEAR,DRY,DAYLIGHT,N/A,NONE DETECTED,NONE DETECTED,3F1F9428-760A-415F-8919-D5DCFF5B63A2,BICYCLIST,Other,OTHER,ON ROADWAY NOT AT CROSSWALK,NO PED. SIGNAL,LIGHT CLOTHING,Unknown,FATAL INJURY,NONE,39.13928333,-77.196055,"(39.13928333, -77.196055)"
MCP2722002F,170504449,Montgomery County Police,Injury Crash,04/27/2017 05:47:00 AM,County,ASPEN HILL RD,County,PARKLAND DR,,N/A,PEDESTRIAN,STRAIGHT MOVEMENT ANGLE,FOGGY,DRY,DARK LIGHTS ON,TRAFFIC SIGNAL,N/A,N/A,39BB0265-5932-4DCB-B7A8-A2628564940A,PEDESTRIAN,Cross/Enter at Intersection,NO IMPROPER ACTIONS,ON ROADWAY AT CROSSWALK,OBEYED PED. SIGNAL,DARK CLOTHING,No,SUSPECTED MINOR INJURY,NONE,39.079225,-77.0874,"(39.079225, -77.0874)"
MCP2016001C,16052613,Montgomery County Police,Injury Crash,10/13/2016 09:12:00 AM,,,,,"DRIVEWAY OF 11105 POTOMAC CREST DR
POTOMAC, MD 20854",,PEDESTRIAN,OTHER,CLEAR,,DAYLIGHT,N/A,NONE DETECTED,N/A,49B53CD8-B9D6-435F-A172-86F04B84F083,PEDESTRIAN,Standing,NO IMPROPER ACTIONS,N/A,OTHER,MIXED CLOTHING,No,SUSPECTED MINOR INJURY,N/A,39.038255,-77.1602,"(39.038255, -77.1602)"
MCP2492000Z,180030762,Montgomery County Police,Fatal Crash,06/21/2018 11:19:00 PM,Maryland (State),NEW HAMPSHIRE AVE,County,OAKVIEW DR,,N/A,PEDESTRIAN,OTHER,CLEAR,DRY,DARK LIGHTS ON,TRAFFIC SIGNAL,NONE DETECTED,UNKNOWN,5FA9C5FD-2A14-48E0-8BC4-2A12F31C791C,PEDESTRIAN,Cross/Enter at Intersection,UNKNOWN,ON ROADWAY AT CROSSWALK,UNKNOWN,DARK CLOTHING,Unknown,FATAL INJURY,NONE,39.0153591,-76.97775856,"(39.0153591, -76.97775856)"
MCP13660064,170502538,Montgomery County Police,Injury Crash,04/17/2017 07:25:00 AM,County,CRABBS BRANCH WAY,County,REDLAND RD,,N/A,PEDESTRIAN,SINGLE VEHICLE,CLOUDY,DRY,DAYLIGHT,TRAFFIC SIGNAL,NONE DETECTED,NONE DETECTED,4D153426-C241-422C-93D9-121652736A22,PEDESTRIAN,Cross/Enter at Intersection,NO IMPROPER ACTIONS,ON ROADWAY AT CROSSWALK,OBEYED PED. SIGNAL,MIXED CLOTHING,No,SUSPECTED MINOR INJURY,N/A,39.12081,-77.158815,"(39.12081, -77.158815)"
MCP3112000T,180043077,Montgomery County Police,Injury Crash,08/29/2018 03:58:00 PM,,,,,"PARKING LOT OF 4111 HOWARD AVE, KENSINGTON MD 20895",,PEDESTRIAN,OTHER,CLEAR,,DAYLIGHT,NO CONTROLS,N/A,NONE DETECTED,06BAB8F8-F1BD-49C4-A11C-1318C97F0006,PEDESTRIAN,Standing,NO IMPROPER ACTIONS,N/A,N/A,LIGHT CLOTHING,No,SUSPECTED MINOR INJURY,NONE,39.03049,-77.080705,"(39.03049, -77.080705)"
MCP1210002N,180028543,Montgomery County Police,Injury Crash,06/09/2018 06:30:00 PM,County,TREYFORD TERR,County,TUNSTALL DR,,N/A,PEDESTRIAN,OTHER,CLOUDY,DRY,DAYLIGHT,N/A,NONE DETECTED,NONE DETECTED,D55088B8-3E5B-49A7-8F16-3D5E832D2F14,PEDESTRIAN,Other,DART DASH,ON ROADWAY NOT AT CROSSWALK,N/A,LIGHT CLOTHING,Yes,SUSPECTED MINOR INJURY,N/A,39.15401983,-77.19593883,"(39.15401983, -77.19593883)"
MCP2351000T,16049336,Montgomery County Police,Injury Crash,09/25/2016 02:20:00 PM,County,RANDOLPH RD,County,PARKLAWN DR,,N/A,PEDESTRIAN,OTHER,CLEAR,DRY,DAYLIGHT,OTHER,,NONE DETECTED,C1AAE386-641A-403B-BA01-39CF52D7BD94,PEDESTRIAN,Other,ENTERING EXITING PARKED STANDING VEHICLE,MIDBLOCK MARKED CROSSWALK,OTHER,OTHER,Yes,POSSIBLE INJURY,NONE,39.05361179,-77.10564762,"(39.05361179, -77.10564762)"
MCP3035001H,170524313,Montgomery County Police,Injury Crash,08/11/2017 11:00:00 AM,Maryland (State),FALLS RD,Municipality,WOOTTON PKWY,,ROCKVILLE,BICYCLIST,STRAIGHT MOVEMENT ANGLE,CLEAR,DRY,DAYLIGHT,TRAFFIC SIGNAL,UNKNOWN,NONE DETECTED,E35DAE46-E2C7-4DF1-8037-FF126F3EAA22,BICYCLIST,Cross/Enter at Intersection,IN ROADWAY IMPROPERLY,AT INTERSECTION MARKED CROSSWALK,DISOBEYED PED. SIGNAL,LIGHT CLOTHING,Yes,SUSPECTED MINOR INJURY,N/A,39.06981272,-77.17000723,"(39.06981272, -77.17000723)"