Report Number,Local Case Number,Agency Name,ACRS Report Type,Crash Date/Time,Route Type,Road Name,Cross-Street Type,Cross-Street Name,Off-Road Description,Municipality,Related Non-Motorist,Collision Type,Weather,Surface Condition,Light,Traffic Control,Driver Substance Abuse,Non-Motorist Substance Abuse,Person ID,Pedestrian Type,Pedestrian Movement,Pedestrian Actions,Pedestrian Location,Pedestrian Obeyed Traffic Signal,Pedestrian Visibility,At Fault,Injury Severity,Safety Equipment,Latitude,Longitude,Location
MCP2940000F,16012303,MONTGOMERY,Injury Crash,03/12/2016 01:13:00 PM,Maryland (State),OLD GEORGETOWN RD,County,TUCKERMAN LA,,N/A,PEDESTRIAN,SAME DIR REAR END,CLEAR,DRY,DAYLIGHT,TRAFFIC SIGNAL,NONE DETECTED,NONE DETECTED,E87FC4DC-2AF6-4FA8-9316-1444ACC6B107,PEDESTRIAN,Cross/Enter at Intersection,NO IMPROPER ACTIONS,ON ROADWAY AT CROSSWALK,OBEYED PED. SIGNAL,MIXED CLOTHING,No,POSSIBLE INJURY,NONE,39.03463935,-77.12504804,"(39.03463935, -77.12504804)"
HA2389000D,15001213,MCPARK,Injury Crash,11/02/2015 05:46:00 PM,,,,,"OCCURRED ON NE CAPITAL CRESCENT TRAIL, APPROXIMATELY 50 FEET PRIOR TO DORSET AVENUE INTERSECTION.",,BICYCLIST,HEAD ON,CLEAR,,DARK -- UNKNOWN LIGHTING,N/A,,UNKNOWN,56920666-4276-4E05-8DDA-E910B16642CE,BICYCLIST,N/A,IMPROPER PASSING,SHARED USE PATH OR TRAILS,N/A,HEAD LIGHT,Yes,NO APPARENT INJURY,UNKNOWN,38.96842663,-77.10256577,"(38.96842663, -77.10256577)"
MCP2928001W,170525926,Montgomery County Police,Injury Crash,08/20/2017 10:09:00 PM,Maryland (State),16TH ST,Maryland (State),EAST WEST HWY,,N/A,PEDESTRIAN,SINGLE VEHICLE,CLEAR,DRY,DARK LIGHTS ON,TRAFFIC SIGNAL,NONE DETECTED,NONE DETECTED,D8A73013-5910-43AB-AE5D-2FFC67B38AB1,PEDESTRIAN,Cross/Enter at Intersection,NO IMPROPER ACTIONS,ON ROADWAY AT CROSSWALK,OBEYED PED. SIGNAL,MIXED CLOTHING,No,POSSIBLE INJURY,NONE,38.99440487,-77.03637555,"(38.99440487, -77.03637555)"
DD5623000Q,170550182,Rockville Police Departme,Injury Crash,12/22/2017 02:40:00 PM,Municipality,BURGUNDY DR,Municipality,PINEWOOD RD,,ROCKVILLE,BICYCLIST,STRAIGHT MOVEMENT ANGLE,CLEAR,DRY,DAYLIGHT,STOP SIGN,NONE DETECTED,ALCOHOL PRESENT,9F83C7AB-991C-40F7-8A15-D25E8238A930,BICYCLIST,Walking/Riding w/Traffic,NO IMPROPER ACTIONS,ON ROADWAY NOT AT CROSSWALK,N/A,MIXED CLOTHING,No,SUSPECTED MINOR INJURY,NONE,39.09032283,-77.14256267,"(39.09032283, -77.14256267)"
MCP1334007K,190009468,Montgomery County Police,Injury Crash,02/28/2019 09:01:00 AM,County,FLOWER HILL WAY,County,TEA ROSE DR,,N/A,PEDESTRIAN,SINGLE VEHICLE,CLEAR,DRY,DAYLIGHT,NO CONTROLS,NONE DETECTED,NONE DETECTED,0A793C60-68FB-41BE-8F68-3637D4153B77,PEDESTRIAN,Cross/Enter at Intersection,NO IMPROPER ACTIONS,ON ROADWAY AT CROSSWALK,NO PED. SIGNAL,REFLECTIVE MATERIAL,No,SUSPECTED MINOR INJURY,REFLECTIVE CLOTHING,39.14982667,-77.23458333,"(39.14982667, -77.23458333)"
MCP1251000W,16037313,Montgomery County Police,Injury Crash,07/23/2016 02:01:00 PM,County,FALLS RD,Maryland (State),RIVER RD,,N/A,PEDESTRIAN,OTHER,CLEAR,DRY,DAYLIGHT,TRAFFIC SIGNAL,NONE DETECTED,NONE DETECTED,A1E873E0-59B9-4653-9A30-9A913AE5767E,PEDESTRIAN,Cross/Enter at Intersection,N/A,ON ROADWAY AT CROSSWALK,OBEYED PED. SIGNAL,LIGHT CLOTHING,No,SUSPECTED MINOR INJURY,NONE,39.01707667,-77.21024,"(39.01707667, -77.21024)"
DD5602000F,16041851,Rockville Police Departme,Injury Crash,08/18/2016 01:35:00 AM,Municipality,MONROE ST,Municipality,MT VERNON PL,,ROCKVILLE,PEDESTRIAN,OTHER,N/A,WET,DARK NO LIGHTS,NO CONTROLS,UNKNOWN,ALCOHOL PRESENT,BA21D37A-8CDC-49D6-AD3B-906F263182D5,PEDESTRIAN,Walking/Riding w/Traffic,IN ROADWAY IMPROPERLY,ON ROADWAY NOT AT CROSSWALK,N/A,DARK CLOTHING,Yes,POSSIBLE INJURY,NONE,39.07894833,-77.15103,"(39.07894833, -77.15103)"
MCP27470014,15039852,MONTGOMERY,Injury Crash,08/10/2015 08:45:00 PM,Maryland (State),GEORGIA AVE,Maryland (State),CONNECTICUT AVE,,N/A,PEDESTRIAN,STRAIGHT MOVEMENT ANGLE,CLOUDY,WET,DARK LIGHTS ON,NO CONTROLS,NONE DETECTED,NONE DETECTED,5F2768FD-35AD-4114-8C9D-1168AAFDC609,PEDESTRIAN,Cross/Enter at Intersection,DART DASH,ON ROADWAY AT CROSSWALK,NO PED. SIGNAL,MIXED CLOTHING,No,SUSPECTED MINOR INJURY,N/A,39.0841,-77.08213833,"(39.0841, -77.08213833)"
DD5617000V,170512462,Rockville Police Departme,Injury Crash,06/08/2017 10:45:00 AM,Municipality,RESEARCH CT,Municipality,RESEARCH BLVD,,ROCKVILLE,PEDESTRIAN,N/A,CLEAR,N/A,DAYLIGHT,N/A,UNKNOWN,UNKNOWN,FE8E7145-9E4F-43A0-BE3E-61ECCEBE8427,PEDESTRIAN,Cross/Enter not at Intersection,UNKNOWN,ON ROADWAY NOT AT CROSSWALK,N/A,N/A,Unknown,SUSPECTED MINOR INJURY,NONE,39.10516667,-77.19007833,"(39.10516667, -77.19007833)"
MCP14360002,180037248,Montgomery County Police,Injury Crash,07/27/2018 01:04:00 PM,,,,,PARKING LOT AT 1911 ROCKVILLE PIKE,,PEDESTRIAN,SINGLE VEHICLE,CLEAR,,DAYLIGHT,N/A,NONE DETECTED,NONE DETECTED,C5E07693-0C26-482F-81F2-ED7635DDEEEB,PEDESTRIAN,Walking/Cycling on Sidewalk,N/A,SIDEWALK,NO PED. SIGNAL,LIGHT CLOTHING,No,POSSIBLE INJURY,N/A,39.05841581,-77.12148607,"(39.05841581, -77.12148607)"
HA22800004,15000228,Maryland-National Capital,Injury Crash,03/23/2015 08:25:00 AM,Municipality,DORSET AVE,Government,LITTLE FALLS PKWY,,N/A,BICYCLIST,STRAIGHT MOVEMENT ANGLE,CLEAR,DRY,DAYLIGHT,YIELD SIGN,NONE DETECTED,NONE DETECTED,145B10AC-7F8B-4D90-9035-63CF23C7DCD3,BICYCLIST,Cross/Enter at Intersection,NO IMPROPER ACTIONS,ON ROADWAY AT CROSSWALK,NO PED. SIGNAL,LIGHT CLOTHING,,SUSPECTED MINOR INJURY,MC/BIKE HELMET,38.968515,-77.10124167,"(38.968515, -77.10124167)"
MCP10220036,15050564,MONTGOMERY,Injury Crash,10/06/2015 07:30:00 AM,Maryland (State),GREAT SENECA HWY,County,WISTERIA DR,,N/A,BICYCLIST,SINGLE VEHICLE,N/A,DRY,DAYLIGHT,TRAFFIC SIGNAL,,NONE DETECTED,D0FB7959-855C-4F89-970D-7EAD2438051D,BICYCLIST,Cross/Enter at Intersection,NO IMPROPER ACTIONS,ON ROADWAY AT CROSSWALK,OBEYED PED. SIGNAL,DARK CLOTHING,No,SUSPECTED MINOR INJURY,MC/BIKE HELMET,39.17105338,-77.26269364,"(39.17105338, -77.26269364)"
MCP3041000D,170504434,Montgomery County Police,Injury Crash,04/26/2017 11:18:00 PM,Municipality,ROLLINS AVE,Unknown,ROAD END,,N/A,PEDESTRIAN,SINGLE VEHICLE,CLEAR,DRY,DARK -- UNKNOWN LIGHTING,N/A,N/A,ALCOHOL PRESENT,027D9AB4-A0F2-4BCA-9368-CAA4DA3F9561,PEDESTRIAN,Standing,UNKNOWN,OTHER,N/A,UNKNOWN,Unknown,POSSIBLE INJURY,N/A,39.05758375,-77.13183403,"(39.05758375, -77.13183403)"
DD56050038,17008304,Rockville Police Departme,Injury Crash,02/15/2017 07:49:00 PM,County,SHADY GROVE RD,Municipality,FALLSGROVE BLVD,,ROCKVILLE,PEDESTRIAN,OTHER,CLEAR,DRY,DARK LIGHTS ON,OTHER,NONE DETECTED,NONE DETECTED,804CEEDC-D86B-4747-B706-CBD6751AB020,PEDESTRIAN,Cross/Enter not at Intersection,FAILURE TO YIELD RIGHT OF WAY,OUTSIDE RIGHT OF WAY,DISOBEYED PED. SIGNAL,DARK CLOTHING,Yes,POSSIBLE INJURY,N/A,39.09768883,-77.19250517,"(39.09768883, -77.19250517)"
MCP2727001D,170504059,Montgomery County Police,Injury Crash,04/25/2017 08:44:00 AM,Maryland (State),FREDERICK RD,County,LITTLE SENECA PKWY,,N/A,PEDESTRIAN,OTHER,N/A,DRY,DAYLIGHT,TRAFFIC SIGNAL,NONE DETECTED,NONE DETECTED,3780A9FD-FFF2-4108-8C4A-FEC2B24A59DE,PEDESTRIAN,Cross/Enter at Intersection,FAILURE TO OBEY TRAFFIC SIGNS SIGNALS OR OFFICER,AT INTERSECTION MARKED CROSSWALK,DISOBEYED PED. SIGNAL,MIXED CLOTHING,Yes,SUSPECTED MINOR INJURY,NONE,39.22321833,-77.26053333,"(39.22321833, -77.26053333)"
MCP2546002K,180050432,Montgomery County Police,Injury Crash,10/09/2018 06:56:00 AM,Maryland (State),GEORGIA AVE,County,WENDY LA,,N/A,PEDESTRIAN,ANGLE MEETS RIGHT TURN,CLEAR,DRY,DAWN,NO CONTROLS,NONE DETECTED,NONE DETECTED,289867B4-07A3-4948-9FCE-51F48A573E2D,PEDESTRIAN,Standing,NO IMPROPER ACTIONS,SIDEWALK,N/A,DARK CLOTHING,No,SUSPECTED SERIOUS INJURY,N/A,39.078979,-77.07256,"(39.078979, -77.07256)"
DD5583000N,15041103,ROCKVILLE,Injury Crash,08/17/2015 01:28:00 PM,,,,,PARKING LOT OF THE GIANT FOODS 625 HUNGERFORD DR ROCKVILLE,,PEDESTRIAN,SINGLE VEHICLE,CLEAR,,DAYLIGHT,N/A,NONE DETECTED,NONE DETECTED,8AAF039C-42B9-43F7-9666-A6F1FDDF0A76,PEDESTRIAN,Other,NO IMPROPER ACTIONS,OTHER,N/A,MIXED CLOTHING,No,SUSPECTED MINOR INJURY,N/A,39.09248235,-77.15241194,"(39.09248235, -77.15241194)"
MCP15950005,15011709,Montgomery County Police,Injury Crash,03/14/2015 12:34:00 AM,Maryland (State),GEORGIA AVE,County,ENNALLS AVE,,N/A,PEDESTRIAN,SINGLE VEHICLE,RAINING,WET,DARK LIGHTS ON,NO CONTROLS,NONE DETECTED,UNKNOWN,15AC7B49-4BA4-4FF6-94B9-9CB234FBB13D,PEDESTRIAN,Cross/Enter not at Intersection,UNKNOWN,ON ROADWAY NOT AT CROSSWALK,NO PED. SIGNAL,DARK CLOTHING,,SUSPECTED SERIOUS INJURY,NONE,39.04081129,-77.05160379,"(39.04081129, -77.05160379)"
MCP29590009,15022132,Montgomery County Police,Injury Crash,05/09/2015 03:05:00 PM,County,BLUHILL RD,County,RANDOLPH RD,,N/A,PEDESTRIAN,SINGLE VEHICLE,CLEAR,DRY,DAYLIGHT,NO CONTROLS,NONE DETECTED,NONE DETECTED,DB5113B9-D4CB-40F3-9EC6-BD96ED4B270E,PEDESTRIAN,Cross/Enter not at Intersection,INATTENTIVE,ON ROADWAY NOT AT CROSSWALK,NO PED. SIGNAL,DARK CLOTHING,,POSSIBLE INJURY,NONE,39.05903334,-77.06491828,"(39.05903334, -77.06491828)"
MCP2830003S,180025632,Montgomery County Police,Injury Crash,05/26/2018 05:54:00 AM,County,OAK HILL RD,County,SAHALEA TERR,,N/A,PEDESTRIAN,OTHER,CLEAR,DRY,DAYLIGHT,NO CONTROLS,UNKNOWN,NONE DETECTED,AF78BAD8-BE03-4290-A35B-BFB5CA25340D,PEDESTRIAN,Standing,N/A,OUTSIDE RIGHT OF WAY,NO PED. SIGNAL,LIGHT CLOTHING,No,SUSPECTED MINOR INJURY,N/A,39.12623802,-76.97171688,"(39.12623802, -76.97171688)"
MCP24270004,16006138,Montgomery County Police,Injury Crash,02/05/2016 09:30:00 PM,County,MAYOR LA,County,SLIGO AVE,,N/A,PEDESTRIAN,SINGLE VEHICLE,CLEAR,DRY,DARK LIGHTS ON,NO CONTROLS,UNKNOWN,N/A,56AC267D-1468-4F07-BC6F-873F2BE8442C,PEDESTRIAN,Cross/Enter not at Intersection,OTHER,OTHER,N/A,DARK CLOTHING,Yes,POSSIBLE INJURY,NONE,38.99231917,-77.02590019,"(38.99231917, -77.02590019)"
MCP29190008,15022769,Montgomery County Police,Injury Crash,05/13/2015 07:21:00 AM,County,WAYNE AVE,US (State),GEORGIA AVE,,N/A,PEDESTRIAN,SINGLE VEHICLE,CLEAR,DRY,DAYLIGHT,TRAFFIC SIGNAL,NONE DETECTED,NONE DETECTED,F4F465F5-B7D9-4AC8-AE1B-BE620F892D7C,PEDESTRIAN,Cross/Enter at Intersection,FAILURE TO OBEY TRAFFIC SIGNS SIGNALS OR OFFICER,AT INTERSECTION MARKED CROSSWALK,DISOBEYED PED. SIGNAL,LIGHT CLOTHING,,SUSPECTED MINOR INJURY,N/A,38.9945977,-77.02675581,"(38.9945977, -77.02675581)"
MCP29730009,15020978,Montgomery County Police,Injury Crash,05/03/2015 12:00:00 AM,Maryland (State),GEORGIA AVE,Maryland (State),UNIVERSITY BLVD W,,N/A,BICYCLIST,STRAIGHT MOVEMENT ANGLE,CLEAR,DRY,DARK LIGHTS ON,NO CONTROLS,NONE DETECTED,NONE DETECTED,09D8C04D-DFC5-47B0-A49A-A12235F568DC,BICYCLIST,Walking/Riding against Traffic,NO IMPROPER ACTIONS,SIDEWALK,NO PED. SIGNAL,N/A,,POSSIBLE INJURY,NONE,39.04195667,-77.051715,"(39.04195667, -77.051715)"
HA23680008,16000440,Maryland-National Capital,Injury Crash,04/16/2016 11:00:00 AM,Government,LITTLE FALLS PKWY,Government,HILLANDALE RD,,N/A,BICYCLIST,STRAIGHT MOVEMENT ANGLE,CLEAR,DRY,DAYLIGHT,OTHER,NONE DETECTED,NONE DETECTED,371634CF-EE91-44E7-9241-8DE7758A79A3,BICYCLIST,Other,NO IMPROPER ACTIONS,ON ROADWAY AT CROSSWALK,N/A,MIXED CLOTHING,No,POSSIBLE INJURY,NONE,38.9733897,-77.10132122,"(38.9733897, -77.10132122)"
MCP3084000G,170534481,Montgomery County Police,Injury Crash,10/03/2017 09:04:00 AM,,,,,PARKING GARAGE AT 5430 WISCONSIN AVE.,,PEDESTRIAN,OTHER,N/A,,OTHER,N/A,NONE DETECTED,NONE DETECTED,5CFEC3B3-5237-40A9-8EB0-0DF9059409E4,PEDESTRIAN,Other,NO IMPROPER ACTIONS,INSIDE BUILDING,NO PED. SIGNAL,MIXED CLOTHING,No,POSSIBLE INJURY,N/A,38.96248633,-77.087057,"(38.96248633, -77.087057)"
MCP2347000B,16015117,Montgomery County Police,Injury Crash,03/28/2016 09:44:00 AM,County,GRACEFIELD RD,Other Public Roadway,CALVERTON BLVD,,N/A,PEDESTRIAN,OTHER,CLEAR,DRY,DAYLIGHT,STOP SIGN,N/A,NONE DETECTED,4CB5A2DD-5229-41D1-BE88-E5DC7A4BCE96,PEDESTRIAN,Cross/Enter at Intersection,DART DASH,AT INTERSECTION MARKED CROSSWALK,OTHER,N/A,Yes,SUSPECTED MINOR INJURY,NONE,39.04097167,-76.98741333,"(39.04097167, -76.98741333)"
DD5604002L,190005952,Rockville Police Departme,Injury Crash,02/06/2019 06:04:00 PM,Municipality,NELSON ST,Municipality,AZALEA DR,,ROCKVILLE,PEDESTRIAN,OTHER,RAINING,WET,DARK LIGHTS ON,N/A,NONE DETECTED,NONE DETECTED,43FBAC98-C589-4446-8F7C-D3E7006EBD1B,PEDESTRIAN,N/A,DART DASH,ON ROADWAY AT CROSSWALK,OBEYED PED. SIGNAL,DARK CLOTHING,No,SUSPECTED MINOR INJURY,N/A,39.09211,-77.17369,"(39.09211, -77.17369)"
MCP20460098,180059937,Montgomery County Police,Injury Crash,11/30/2018 05:32:00 PM,County,BRIGGS CHANEY RD,County,ASTON MANOR DR,,N/A,PEDESTRIAN,OTHER,CLEAR,DRY,DARK LIGHTS ON,NO CONTROLS,NONE DETECTED,NONE DETECTED,9A37E85E-CAB4-48ED-841F-E9862B93C8D0,PEDESTRIAN,Cross/Enter at Intersection,NO IMPROPER ACTIONS,AT INTERSECTION BUT NO CROSSWALK,NO PED. SIGNAL,DARK CLOTHING,No,POSSIBLE INJURY,N/A,39.07589015,-76.94114938,"(39.07589015, -76.94114938)"
MCP26670027,16001316,Montgomery County Police,Injury Crash,01/08/2016 08:45:00 AM,,,,,"PARKING LOT OF 8751 SNOUFFER SCHOOL RD 
(NEW PSTA)",,PEDESTRIAN,SINGLE VEHICLE,CLOUDY,,DAYLIGHT,NO CONTROLS,NONE DETECTED,NONE DETECTED,10CBDF7F-6B3A-4AD2-9BB6-2B22AA3F7C08,PEDESTRIAN,Standing,NO IMPROPER ACTIONS,OTHER,N/A,REFLECTIVE MATERIAL,No,SUSPECTED MINOR INJURY,REFLECTIVE CLOTHING,39.171245,-77.17567,"(39.171245, -77.17567)"
MCP3019000M,17015274,Montgomery County Police,Injury Crash,03/25/2017 12:47:00 PM,County,MACARTHUR BLVD,Interstate (State),CABIN JOHN PKWY,,N/A,BICYCLIST,SAME DIRECTION RIGHT TURN,CLEAR,DRY,DAYLIGHT,TRAFFIC SIGNAL,NONE DETECTED,NONE DETECTED,F2FDD694-2FDB-459A-BDF2-167A11335DCA,BICYCLIST,Walking/Riding w/Traffic,UNKNOWN,ON ROADWAY NOT AT CROSSWALK,UNKNOWN,N/A,No,SUSPECTED MINOR INJURY,MC/BIKE HELMET,38.972765,-77.147305,"(38.972765, -77.147305)"
DD5601002Y,170513709,Rockville Police Departme,Injury Crash,06/14/2017 07:16:00 PM,Municipality,PASTURE BROOK WAY,Municipality,WOOTTON PKWY,,ROCKVILLE,BICYCLIST,OTHER,CLEAR,DRY,DAYLIGHT,STOP SIGN,N/A,N/A,D2762516-ADF6-4E7F-80AF-50E582B10DC2,BICYCLIST,Cross/Enter at Intersection,UNKNOWN,ON ROADWAY AT CROSSWALK,N/A,MIXED CLOTHING,Unknown,SUSPECTED MINOR INJURY,MC/BIKE HELMET,39.06825333,-77.16766,"(39.06825333, -77.16766)"
MCP2934001P,16030855,Montgomery County Police,Injury Crash,06/18/2016 01:05:00 PM,County,SANGAMORE RD,County,SENTINEL RD,,N/A,PEDESTRIAN,OTHER,CLEAR,DRY,DAYLIGHT,STOP SIGN,NONE DETECTED,NONE DETECTED,DF869967-4F30-4159-A165-8B5B8D02C13E,PEDESTRIAN,Cross/Enter at Intersection,NO IMPROPER ACTIONS,AT INTERSECTION MARKED CROSSWALK,NO PED. SIGNAL,LIGHT CLOTHING,No,POSSIBLE INJURY,NONE,38.95043049,-77.12047085,"(38.95043049, -77.12047085)"
DD5621001F,170529129,Rockville Police Departme,Injury Crash,09/07/2017 08:55:00 AM,Maryland (State),ROCKVILLE PIKE,Maryland (State),DODGE ST,,N/A,PEDESTRIAN,SINGLE VEHICLE,CLEAR,DRY,DAYLIGHT,TRAFFIC SIGNAL,NONE DETECTED,NONE DETECTED,C33EB9B5-50A5-4844-9B6E-3BAEDE04C61B,PEDESTRIAN,Cross/Enter at Intersection,FAILURE TO OBEY TRAFFIC SIGNS SIGNALS OR OFFICER,ON ROADWAY AT CROSSWALK,DISOBEYED PED. SIGNAL,MIXED CLOTHING,Yes,SUSPECTED MINOR INJURY,NONE,39.08011233,-77.14363067,"(39.08011233, -77.14363067)"
MCP28790010,16019873,Montgomery County Police,Injury Crash,04/22/2016 07:05:00 PM,County,REDLAND RD,County,CRABBS BRANCH WAY,,N/A,PEDESTRIAN,N/A,CLEAR,DRY,DAYLIGHT,TRAFFIC SIGNAL,NONE DETECTED,NONE DETECTED,F44FA641-0B63-4F9D-A433-E6BFAC290A08,PEDESTRIAN,Cross/Enter at Intersection,NO IMPROPER ACTIONS,AT INTERSECTION MARKED CROSSWALK,OBEYED PED. SIGNAL,MIXED CLOTHING,No,SUSPECTED MINOR INJURY,NONE,39.12080667,-77.15868,"(39.12080667, -77.15868)"
MCP2363000M,15063599,Montgomery County Police,Fatal Crash,12/12/2015 06:54:00 PM,County,E GUDE DR,County,SOUTHLAWN LA,,N/A,BICYCLIST,STRAIGHT MOVEMENT ANGLE,CLEAR,DRY,DARK LIGHTS ON,TRAFFIC SIGNAL,NONE DETECTED,ALCOHOL PRESENT,BC2ACF21-39F0-44D4-A3A5-EE5F0C7898D6,BICYCLIST,Cross/Enter at Intersection,IN ROADWAY IMPROPERLY,AT INTERSECTION MARKED CROSSWALK,DISOBEYED PED. SIGNAL,DARK CLOTHING,Yes,FATAL INJURY,NONE,39.09762823,-77.13656545,"(39.09762823, -77.13656545)"
MCP28050020,16044966,Montgomery County Police,Injury Crash,09/02/2016 08:19:00 PM,County,LOST KNIFE RD,County,CONTOUR RD,,N/A,PEDESTRIAN,SINGLE VEHICLE,CLEAR,DRY,DARK LIGHTS ON,NO CONTROLS,NONE DETECTED,NONE DETECTED,7AEE0F89-3DAA-4EAE-A76E-1DF59E40B893,PEDESTRIAN,Cross/Enter at Intersection,N/A,ON ROADWAY AT CROSSWALK,NO PED. SIGNAL,N/A,No,SUSPECTED MINOR INJURY,N/A,39.15483167,-77.20111,"(39.15483167, -77.20111)"
MCP2848005S,170549495,Montgomery County Police,Injury Crash,12/19/2017 12:39:00 PM,Municipality,FRIENDSHIP BLVD,Municipality,S PARK AVE,,FRIENDSHIP HEIGHTS,PEDESTRIAN,OTHER,CLEAR,DRY,DAYLIGHT,STOP SIGN,NONE DETECTED,NONE DETECTED,5872F59C-D61E-476A-8862-B97A111979A8,PEDESTRIAN,Cross/Enter at Intersection,NO IMPROPER ACTIONS,AT INTERSECTION MARKED CROSSWALK,NO PED. SIGNAL,DARK CLOTHING,No,POSSIBLE INJURY,NONE,38.96318,-77.08932167,"(38.96318, -77.08932167)"
MCP26080016,15061219,MONTGOMERY,Injury Crash,11/30/2015 09:00:00 PM,County,FENTON ST,County,WAYNE AVE,,N/A,PEDESTRIAN,STRAIGHT MOVEMENT ANGLE,RAINING,WET,DARK LIGHTS ON,TRAFFIC SIGNAL,NONE DETECTED,NONE DETECTED,8B288893-493E-40F7-80F4-414D4BEF8D00,PEDESTRIAN,Cross/Enter at Intersection,NO IMPROPER ACTIONS,ON ROADWAY AT CROSSWALK,OBEYED PED. SIGNAL,MIXED CLOTHING,No,POSSIBLE INJURY,NONE,38.99559333,-77.024345,"(38.99559333, -77.024345)"
MCP2687001T,17013092,Montgomery County Police,Injury Crash,03/13/2017 01:25:00 PM,County,ARLINGTON RD,County,ELM ST,,N/A,PEDESTRIAN,OTHER,CLEAR,DRY,DAYLIGHT,PERSON,NONE DETECTED,NONE DETECTED,D9491654-04AD-4BA7-877C-FA80CC4D038A,PEDESTRIAN,Cross/Enter at Intersection,NO IMPROPER ACTIONS,ON ROADWAY AT CROSSWALK,OBEYED PED. SIGNAL,LIGHT CLOTHING,No,NO APPARENT INJURY,NONE,38.98206798,-77.09851563,"(38.98206798, -77.09851563)"
MCP23530051,180003044,Montgomery County Police,Injury Crash,01/19/2018 07:32:00 AM,County,WESTLAKE TERR,County,ROCKLEDGE DR,,N/A,BICYCLIST,STRAIGHT MOVEMENT ANGLE,CLOUDY,DRY,DAYLIGHT,PERSON,NONE DETECTED,NONE DETECTED,183130D5-88F6-4492-9466-7F1E0FFCDFC1,BICYCLIST,Cross/Enter at Intersection,FAILURE TO OBEY TRAFFIC SIGNS SIGNALS OR OFFICER,AT INTERSECTION MARKED CROSSWALK,DISOBEYED PED. SIGNAL,MIXED CLOTHING,Yes,SUSPECTED MINOR INJURY,MC/BIKE HELMET,39.02642071,-77.13919133,"(39.02642071, -77.13919133)"
MCP2565002G,15065549,Montgomery County Police,Injury Crash,12/22/2015 05:15:00 PM,Maryland (State),OLD GEORGETOWN RD,County,TILDEN LA,,N/A,PEDESTRIAN,SINGLE VEHICLE,RAINING,WET,DARK LIGHTS ON,TRAFFIC SIGNAL,NONE DETECTED,NONE DETECTED,3FE115DE-8FB9-4197-9979-66DF6C3522A0,PEDESTRIAN,Cross/Enter at Intersection,NO IMPROPER ACTIONS,AT INTERSECTION MARKED CROSSWALK,OBEYED PED. SIGNAL,DARK CLOTHING,No,SUSPECTED MINOR INJURY,NONE,39.04474491,-77.12067738,"(39.04474491, -77.12067738)"
MCP2357001V,16053572,Montgomery County Police,Injury Crash,10/18/2016 09:30:00 AM,,,,,7740 FENTON ST. PARKING GARAGE LEVEL 3,,PEDESTRIAN,OTHER,N/A,,DAYLIGHT,N/A,N/A,NONE DETECTED,6B0B752C-9DA9-46AA-B917-DDFDF21A5308,PEDESTRIAN,N/A,UNKNOWN,N/A,N/A,MIXED CLOTHING,Yes,POSSIBLE INJURY,NONE,38.98682667,-77.02328833,"(38.98682667, -77.02328833)"
MCP3082000J,170531762,Montgomery County Police,Injury Crash,09/20/2017 01:06:00 PM,,,,,FRONT OF HOSPITAL ROAUNDABOUT,,PEDESTRIAN,SINGLE VEHICLE,CLEAR,,DAYLIGHT,NO CONTROLS,N/A,N/A,DBE1F78E-B2BC-418D-A7CB-AB5043AC358B,PEDESTRIAN,Standing,NO IMPROPER ACTIONS,OTHER,N/A,MIXED CLOTHING,No,SUSPECTED MINOR INJURY,N/A,39.01526584,-77.03566074,"(39.01526584, -77.03566074)"
MCP28050021,16050164,Montgomery County Police,Injury Crash,09/29/2016 08:07:00 PM,County,CONTOUR RD,County,ODENDHAL AVE,,N/A,BICYCLIST,SINGLE VEHICLE,RAINING,WET,DARK LIGHTS ON,TRAFFIC SIGNAL,NONE DETECTED,NONE DETECTED,8F613DB2-FE19-456A-B4A0-8FD459481906,BICYCLIST,Cross/Enter not at Intersection,NOT VISIBLE,ON ROADWAY AT CROSSWALK,UNKNOWN,DARK CLOTHING,Unknown,POSSIBLE INJURY,NONE,39.15244,-77.19595667,"(39.15244, -77.19595667)"
MCP0961000N,15007939,Montgomery County Police,Injury Crash,02/18/2015 07:21:00 AM,County,LOST KNIFE RD,County,CONTOUR RD,,N/A,PEDESTRIAN,SINGLE VEHICLE,CLEAR,SLUSH,DAYLIGHT,OTHER,NONE DETECTED,NONE DETECTED,8C5D11E2-FB88-4676-83FC-32BEA8408637,PEDESTRIAN,Cross/Enter at Intersection,NO IMPROPER ACTIONS,ON ROADWAY AT CROSSWALK,NO PED. SIGNAL,DARK CLOTHING,,SUSPECTED MINOR INJURY,NONE,39.15461,-77.20116833,"(39.15461, -77.20116833)"
MCP2923000Z,15045892,MONTGOMERY,Injury Crash,09/11/2015 08:32:00 AM,County,ASPEN HILL RD,Maryland (State),VEIRS MILL RD,,N/A,PEDESTRIAN,OTHER,CLEAR,DRY,DAYLIGHT,TRAFFIC SIGNAL,NONE DETECTED,NONE DETECTED,B4A7CCF7-679C-4606-8EED-4C8BD17089BE,PEDESTRIAN,Cross/Enter at Intersection,NO IMPROPER ACTIONS,ON ROADWAY AT CROSSWALK,OBEYED PED. SIGNAL,N/A,No,SUSPECTED MINOR INJURY,NONE,39.06912833,-77.104945,"(39.06912833, -77.104945)"