Report Number,Local Case Number,Agency Name,ACRS Report Type,Crash Date/Time,Route Type,Road Name,Cross-Street Type,Cross-Street Name,Off-Road Description,Municipality,Related Non-Motorist,Collision Type,Weather,Surface Condition,Light,Traffic Control,Driver Substance Abuse,Non-Motorist Substance Abuse,Person ID,Pedestrian Type,Pedestrian Movement,Pedestrian Actions,Pedestrian Location,Pedestrian Obeyed Traffic Signal,Pedestrian Visibility,At Fault,Injury Severity,Safety Equipment,Latitude,Longitude,Location
MCP29420012,15040254,MONTGOMERY,Injury Crash,08/12/2015 08:17:00 PM,Maryland (State),OLD GEORGETOWN RD,Government,CENTER DR,,N/A,BICYCLIST,STRAIGHT MOVEMENT ANGLE,CLEAR,DRY,DUSK,TRAFFIC SIGNAL,NONE DETECTED,NONE DETECTED,A7C62070-4AF1-4A55-AB09-3378744720AB,BICYCLIST,Cross/Enter at Intersection,NO IMPROPER ACTIONS,ON ROADWAY AT CROSSWALK,NO PED. SIGNAL,N/A,No,SUSPECTED MINOR INJURY,MC/BIKE HELMET,39.00292738,-77.10989356,"(39.00292738, -77.10989356)"
MCP30930013,180049326,Montgomery County Police,Injury Crash,10/02/2018 07:03:00 PM,Municipality,DORSET AVE,Municipality,SURREY ST,,SOMERSET,PEDESTRIAN,N/A,N/A,DRY,DUSK,STOP SIGN,N/A,N/A,F3FF5CC8-4504-4B4C-B2F0-055B80E356B3,PEDESTRIAN,Cross/Enter at Intersection,NO IMPROPER ACTIONS,ON ROADWAY NOT AT CROSSWALK,UNKNOWN,LIGHT CLOTHING,No,POSSIBLE INJURY,NONE,38.97400645,-77.08780796,"(38.97400645, -77.08780796)"
MCP2531000C,15065793,MONTGOMERY,Injury Crash,12/23/2015 05:00:00 PM,Municipality,WASHINGTONIAN BLVD,Municipality,RIO BLVD,,GAITHERSBURG,PEDESTRIAN,SINGLE VEHICLE,RAINING,WET,DARK -- UNKNOWN LIGHTING,YIELD SIGN,N/A,N/A,AFBFC24B-E0FC-4FD0-8591-AF34BFE7E5FB,PEDESTRIAN,Cross/Enter at Intersection,NO IMPROPER ACTIONS,AT INTERSECTION MARKED CROSSWALK,NO PED. SIGNAL,DARK CLOTHING,No,SUSPECTED SERIOUS INJURY,NONE,39.116915,-77.20144,"(39.116915, -77.20144)"
MCP2864002V,170532677,Montgomery County Police,Injury Crash,09/23/2017 03:13:00 PM,Maryland (State),ROCKVILLE PIKE,Unknown,HUBBARD DR,,N/A,BICYCLIST,STRAIGHT MOVEMENT ANGLE,CLEAR,DRY,DAYLIGHT,NO CONTROLS,NONE DETECTED,NONE DETECTED,342AD119-F56A-4FDD-810F-D7C2A68C2323,BICYCLIST,Cross/Enter at Intersection,N/A,ON ROADWAY AT CROSSWALK,NO PED. SIGNAL,DARK CLOTHING,No,POSSIBLE INJURY,MC/BIKE HELMET,39.054415,-77.118385,"(39.054415, -77.118385)"
MCP3023000T,170516781,Montgomery County Police,Injury Crash,07/01/2017 10:15:00 AM,Maryland (State),NORBECK RD,County,WINTERGATE DR,,N/A,BICYCLIST,SAME DIRECTION SIDESWIPE,CLEAR,DRY,DAYLIGHT,TRAFFIC SIGNAL,NONE DETECTED,NONE DETECTED,1DF4569A-688B-435C-987E-A5732B0C5393,BICYCLIST,Cross/Enter at Intersection,N/A,IN BIKEWAY,OBEYED PED. SIGNAL,LIGHT CLOTHING,No,POSSIBLE INJURY,MC/BIKE HELMET,39.112255,-77.05907,"(39.112255, -77.05907)"
MCP94320029,190024379,Montgomery County Police,Injury Crash,05/22/2019 06:35:00 PM,Maryland (State),GREAT SENECA HWY,County,MATENY RD,,N/A,BICYCLIST,ANGLE MEETS RIGHT TURN,CLEAR,DRY,DAYLIGHT,TRAFFIC SIGNAL,NONE DETECTED,NONE DETECTED,F76AF288-930B-4E78-A447-62C853BA8E47,BICYCLIST,Cross/Enter at Intersection,NO IMPROPER ACTIONS,SIDEWALK,OBEYED PED. SIGNAL,MIXED CLOTHING,No,POSSIBLE INJURY,MC/BIKE HELMET,39.14621167,-77.274265,"(39.14621167, -77.274265)"
MCP2311004N,180050637,Montgomery County Police,Injury Crash,10/10/2018 08:33:00 AM,County,QUAIL VALLEY BLVD,County,GROSBEAK TERR,,N/A,PEDESTRIAN,SINGLE VEHICLE,CLEAR,DRY,DAYLIGHT,STOP SIGN,N/A,N/A,2BF0FA6B-679D-4704-AE7C-5FE61A823456,PEDESTRIAN,Cross/Enter at Intersection,NO IMPROPER ACTIONS,ON ROADWAY AT CROSSWALK,NO PED. SIGNAL,LIGHT CLOTHING,No,POSSIBLE INJURY,NONE,39.161745,-77.18564833,"(39.161745, -77.18564833)"
MCP2954006J,190005761,Montgomery County Police,Injury Crash,02/05/2019 06:40:00 PM,County,DALE DR,County,WAYNE AVE,,N/A,PEDESTRIAN,N/A,CLEAR,N/A,DARK LIGHTS ON,TRAFFIC SIGNAL,NONE DETECTED,NONE DETECTED,95533EAB-4C19-411B-9BB0-46E8A5A93C7B,PEDESTRIAN,Cross/Enter at Intersection,NO IMPROPER ACTIONS,ON ROADWAY AT CROSSWALK,OBEYED PED. SIGNAL,DARK CLOTHING,No,POSSIBLE INJURY,NONE,38.99886,-77.01747,"(38.99886, -77.01747)"
MCP13780047,15004900,Montgomery County Police,Injury Crash,01/30/2015 06:09:00 PM,,,,,DRIVEWAY ENTRANCE TO 390 N. SUMMIT AVE,,PEDESTRIAN,SINGLE VEHICLE,CLEAR,,DARK LIGHTS ON,NO CONTROLS,NONE DETECTED,NONE DETECTED,68089F6D-31EC-41B3-B6A2-D43C2DEB2EF1,PEDESTRIAN,Cross/Enter at Intersection,NO IMPROPER ACTIONS,DRIVEWAY ACCESS MARKED CROSSWALK,NO PED. SIGNAL,DARK CLOTHING,,NO APPARENT INJURY,N/A,39.14908,-77.19287667,"(39.14908, -77.19287667)"
MCP2617002Z,17000437,Montgomery County Police,Injury Crash,01/03/2017 06:10:00 PM,County,LINDEN AVE,County,POOKS HILL RD,,N/A,PEDESTRIAN,OTHER,CLEAR,WET,DARK NO LIGHTS,STOP SIGN,NONE DETECTED,NONE DETECTED,908AAFD6-C38F-4B4A-A8B2-A9F6B619B21F,PEDESTRIAN,Cross/Enter at Intersection,NO IMPROPER ACTIONS,ON ROADWAY AT CROSSWALK,OBEYED PED. SIGNAL,LIGHT CLOTHING,No,POSSIBLE INJURY,NONE,39.01438167,-77.106065,"(39.01438167, -77.106065)"
MCP30020030,180061734,Montgomery County Police,Injury Crash,12/10/2018 05:20:00 PM,Government,LITTLE FALLS PKWY,County,ARLINGTON RD,,N/A,PEDESTRIAN,OTHER,CLEAR,DRY,DARK LIGHTS ON,NO CONTROLS,NONE DETECTED,NONE DETECTED,EF4FEA7C-2502-40EA-8234-FE6B876B3F19,PEDESTRIAN,Cross/Enter not at Intersection,FAILURE TO YIELD RIGHT OF WAY,ON ROADWAY AT CROSSWALK,NO PED. SIGNAL,DARK CLOTHING,Yes,SUSPECTED MINOR INJURY,NONE,38.97350833,-77.10131167,"(38.97350833, -77.10131167)"
MCP1205000Y,15009601,Montgomery County Police,Injury Crash,02/28/2015 09:21:00 AM,Maryland (State),CONNECTICUT AVE,Maryland (State),KNOWLES AVE,,N/A,PEDESTRIAN,SINGLE VEHICLE,CLEAR,DRY,DAYLIGHT,N/A,NONE DETECTED,N/A,87764BF4-D4E3-4D32-BC2A-222C99B26B5B,PEDESTRIAN,Standing,NO IMPROPER ACTIONS,OTHER,N/A,N/A,,SUSPECTED SERIOUS INJURY,N/A,39.02763549,-77.07640886,"(39.02763549, -77.07640886)"
MCP13660071,180003770,Montgomery County Police,Injury Crash,01/23/2018 06:36:00 AM,County,TWINBROOK PKWY,County,FISHERS LA,,N/A,PEDESTRIAN,SINGLE VEHICLE,RAINING,WET,DARK LIGHTS ON,TRAFFIC SIGNAL,NONE DETECTED,NONE DETECTED,EDDF6A52-2099-4CC5-8003-D0ED74E58B37,PEDESTRIAN,Cross/Enter at Intersection,INATTENTIVE,ON ROADWAY AT CROSSWALK,DISOBEYED PED. SIGNAL,DARK CLOTHING,Yes,SUSPECTED MINOR INJURY,NONE,39.06279361,-77.11637244,"(39.06279361, -77.11637244)"
MCP209400B9,180017399,Montgomery County Police,Injury Crash,04/10/2018 11:57:00 AM,,,,,"PARKING LOT OF
10215 FERNWOOD RD",,PEDESTRIAN,OTHER,CLEAR,,DAYLIGHT,N/A,NONE DETECTED,NONE DETECTED,811BE290-D9A6-4769-B2EC-EAAFF1753E95,PEDESTRIAN,Other,INATTENTIVE,OTHER,NO PED. SIGNAL,MIXED CLOTHING,Yes,SUSPECTED MINOR INJURY,N/A,39.023845,-77.135055,"(39.023845, -77.135055)"
MCP3039002K,180026788,Montgomery County Police,Injury Crash,05/31/2018 04:30:00 PM,,,,,"PARKING LOT OF 10225 FREDERICK AVENUE, KENSINGTON, 20895",,PEDESTRIAN,OTHER,CLEAR,,DAYLIGHT,NO CONTROLS,NONE DETECTED,NONE DETECTED,22891409-7761-4F85-8EE7-0741D023FB1C,PEDESTRIAN,Other Working,NO IMPROPER ACTIONS,CURB,NO PED. SIGNAL,MIXED CLOTHING,No,SUSPECTED MINOR INJURY,N/A,39.02828667,-77.07524833,"(39.02828667, -77.07524833)"
MCP09730008,15036772,MONTGOMERY,Injury Crash,07/25/2015 05:30:00 PM,County,ELM ST,County,WOODMONT AVE,,N/A,PEDESTRIAN,SINGLE VEHICLE,CLOUDY,DRY,DAYLIGHT,NO CONTROLS,NONE DETECTED,NONE DETECTED,1FF1A279-3069-427A-A0E9-BE8049A72451,PEDESTRIAN,Cross/Enter not at Intersection,DART DASH,ON ROADWAY NOT AT CROSSWALK,N/A,MIXED CLOTHING,Yes,POSSIBLE INJURY,N/A,38.981965,-77.09722333,"(38.981965, -77.09722333)"
MCP1565003C,190007165,Montgomery County Police,Injury Crash,02/14/2019 06:31:00 AM,County,PARKLAND DR,County,ASPEN HILL RD,,N/A,PEDESTRIAN,OTHER,CLEAR,DRY,DARK LIGHTS ON,TRAFFIC SIGNAL,NONE DETECTED,NONE DETECTED,0A797E9D-D5A8-4772-AACB-3F705B39AF81,PEDESTRIAN,Cross/Enter at Intersection,NO IMPROPER ACTIONS,ON ROADWAY AT CROSSWALK,OBEYED PED. SIGNAL,DARK CLOTHING,No,SUSPECTED SERIOUS INJURY,N/A,39.07909,-77.08739667,"(39.07909, -77.08739667)"
MCP1205004V,190003389,Montgomery County Police,Injury Crash,01/22/2019 02:49:00 PM,,,,,DRIVEWAY OF 3810 EAST WEST HWY,,PEDESTRIAN,OTHER,CLEAR,,DAYLIGHT,NO CONTROLS,NONE DETECTED,NONE DETECTED,A8375E74-6B16-40E9-866C-148525116360,PEDESTRIAN,Other,OTHER,OTHER,N/A,MIXED CLOTHING,Yes,SUSPECTED MINOR INJURY,NONE,38.99749333,-77.10967667,"(38.99749333, -77.10967667)"
MCP2881002N,170532825,Montgomery County Police,Injury Crash,09/24/2017 12:32:00 PM,County,MIDDLEBROOK RD,County,RIDGECREST DR,,N/A,PEDESTRIAN,SINGLE VEHICLE,N/A,DRY,DAYLIGHT,N/A,N/A,N/A,637172D6-7C46-45C2-9EE6-052C9A2743FC,PEDESTRIAN,Cross/Enter at Intersection,NO IMPROPER ACTIONS,ON ROADWAY AT CROSSWALK,NO PED. SIGNAL,N/A,Unknown,POSSIBLE INJURY,N/A,39.18454167,-77.26312833,"(39.18454167, -77.26312833)"
MCP2466001R,16064424,Montgomery County Police,Injury Crash,12/14/2016 06:45:00 PM,Maryland (State),NEW HAMPSHIRE AVE,County,MCNEIL LA,,N/A,BICYCLIST,STRAIGHT MOVEMENT ANGLE,CLEAR,N/A,DARK LIGHTS ON,NO CONTROLS,UNKNOWN,UNKNOWN,C23A4E98-A76F-4FCE-A278-3895979F5A15,BICYCLIST,Walking/Riding against Traffic,WRONG WAY RIDING OR WALKING,SHOULDER,N/A,HEAD LIGHT,Yes,SUSPECTED MINOR INJURY,MC/BIKE HELMET,39.115075,-76.99268,"(39.115075, -76.99268)"
MCP2973002W,170501570,Montgomery County Police,Injury Crash,03/27/2017 04:00:00 PM,,,,,"HOME DEPOT PARKING LOT - 14000 GEORGIA AVE SILVER SPRING, MD 20906",,PEDESTRIAN,OTHER,CLEAR,,DAYLIGHT,NO CONTROLS,NONE DETECTED,NONE DETECTED,03E95798-F810-4970-9971-7BDF0A6FD7A4,PEDESTRIAN,Standing,NO IMPROPER ACTIONS,OTHER,NO PED. SIGNAL,DARK CLOTHING,No,POSSIBLE INJURY,N/A,39.0836115,-77.08112955,"(39.0836115, -77.08112955)"
MCP25090012,16011683,MONTGOMERY,Injury Crash,03/09/2016 11:00:00 AM,Maryland (State),PINEY BRANCH RD,Government,SLIGO CREEK PKWY,,N/A,BICYCLIST,HEAD ON LEFT TURN,CLEAR,DRY,DAYLIGHT,TRAFFIC SIGNAL,NONE DETECTED,NONE DETECTED,2355E384-C64D-4C33-B8A2-07FD96D10ABE,BICYCLIST,Cross/Enter at Intersection,NO IMPROPER ACTIONS,ON ROADWAY AT CROSSWALK,OBEYED PED. SIGNAL,LIGHT CLOTHING,No,SUSPECTED SERIOUS INJURY,MC/BIKE HELMET,38.99536167,-77.00674833,"(38.99536167, -77.00674833)"
MCP2967000G,15030920,Montgomery County Police,Injury Crash,06/24/2015 10:57:00 PM,County,MARINELLI RD,Maryland (State),ROCKVILLE PIKE,,N/A,PEDESTRIAN,SAME DIRECTION SIDESWIPE,CLEAR,DRY,DARK LIGHTS ON,TRAFFIC SIGNAL,UNKNOWN,NONE DETECTED,D059832F-7F86-4259-AA88-6C47404710B1,PEDESTRIAN,Cross/Enter not at Intersection,FAILURE TO YIELD RIGHT OF WAY,ON ROADWAY NOT AT CROSSWALK,UNKNOWN,UNKNOWN,,SUSPECTED SERIOUS INJURY,NONE,39.04727745,-77.11285472,"(39.04727745, -77.11285472)"
MCP2813000X,15006645,Montgomery County Police,Injury Crash,02/09/2015 10:10:00 PM,County,REEDIE DR,Maryland (State),GEORGIA AVE,,N/A,PEDESTRIAN,SINGLE VEHICLE,RAINING,WET,DARK LIGHTS ON,TRAFFIC SIGNAL,N/A,N/A,F1B6035A-9211-4D8C-9B42-6D9F82CEB9AE,PEDESTRIAN,Walking/Riding w/Traffic,NO IMPROPER ACTIONS,AT INTERSECTION MARKED CROSSWALK,OBEYED PED. SIGNAL,DARK CLOTHING,,POSSIBLE INJURY,N/A,39.03984667,-77.04851333,"(39.03984667, -77.04851333)"
MCP2975000W,15061429,MONTGOMERY,Injury Crash,12/01/2015 09:05:00 PM,County,HARBOUR TOWN DR,County,HILTON HEAD CT,,N/A,PEDESTRIAN,OTHER,CLOUDY,WET,DARK LIGHTS ON,OTHER,NONE DETECTED,NONE DETECTED,7358FECB-5C03-49EA-9711-78AC9F0F6A61,PEDESTRIAN,Walking/Cycling on Sidewalk,NO IMPROPER ACTIONS,SIDEWALK,NO PED. SIGNAL,MIXED CLOTHING,No,SUSPECTED MINOR INJURY,NONE,39.130925,-77.00749833,"(39.130925, -77.00749833)"
MCP29540045,170537648,Montgomery County Police,Injury Crash,10/19/2017 06:52:00 PM,,,,,1008 QUEBEC TER APT 101,,OTHER,SAME DIRECTION SIDESWIPE,CLEAR,,DARK -- UNKNOWN LIGHTING,NO CONTROLS,ALCOHOL PRESENT,N/A,A14AB852-7D3B-42A4-BC61-399EFBACF86F,OTHER,Other,NO IMPROPER ACTIONS,INSIDE BUILDING,N/A,N/A,No,SUSPECTED MINOR INJURY,N/A,38.99984,-76.98938667,"(38.99984, -76.98938667)"
MCP1301000G,15053502,MONTGOMERY,Fatal Crash,10/21/2015 06:57:00 PM,Maryland (State),RIVER RD,County,SPRINGFIELD DR,,N/A,PEDESTRIAN,SINGLE VEHICLE,CLEAR,DRY,DARK LIGHTS ON,TRAFFIC SIGNAL,NONE DETECTED,UNKNOWN,3432E867-65D8-4DBE-94A0-E1A0C7E10EB8,PEDESTRIAN,Cross/Enter at Intersection,UNKNOWN,ON ROADWAY AT CROSSWALK,UNKNOWN,MIXED CLOTHING,Unknown,FATAL INJURY,N/A,38.96981966,-77.11203933,"(38.96981966, -77.11203933)"
MCP3099000H,180018105,Montgomery County Police,Injury Crash,04/13/2018 05:48:00 PM,County,WYNNFIELD DR,County,FATHER HURLEY BLVD,,N/A,BICYCLIST,SINGLE VEHICLE,CLEAR,DRY,DAYLIGHT,TRAFFIC SIGNAL,NONE DETECTED,NONE DETECTED,0B9A66E1-8DDA-407C-B06F-7023F00AB912,BICYCLIST,Cross/Enter at Intersection,NO IMPROPER ACTIONS,AT INTERSECTION MARKED CROSSWALK,OBEYED PED. SIGNAL,MIXED CLOTHING,No,SUSPECTED SERIOUS INJURY,NONE,39.18627,-77.27413833,"(39.18627, -77.27413833)"
MCP11740026,170514526,Montgomery County Police,Injury Crash,06/19/2017 12:54:00 PM,,,,,7730 WOODMONT AVE.PARKING GARAGE ENTRANCE TO GARAGE 11.,,PEDESTRIAN,SINGLE VEHICLE,CLEAR,,DAYLIGHT,STOP SIGN,NONE DETECTED,NONE DETECTED,2D76BFAA-131B-4F04-B9A8-E4D6038BF93D,PEDESTRIAN,Walking/Cycling on Sidewalk,NO IMPROPER ACTIONS,SIDEWALK,NO PED. SIGNAL,LIGHT CLOTHING,No,POSSIBLE INJURY,NONE,38.98762637,-77.09616065,"(38.98762637, -77.09616065)"
MCP2446002H,17004357,Montgomery County Police,Injury Crash,01/25/2017 03:22:00 PM,,,,,IN THE PARKING LOT OF 19911 AIRCRAFT DR. GERMANTOWN MD.,,MACHINE OPERATOR/RIDER,OTHER,CLEAR,,DAYLIGHT,NO CONTROLS,NONE DETECTED,NONE DETECTED,DA93DEE9-DCE7-498F-872F-1CA9A82DAD54,MACHINE OPERATOR/RIDER,Standing,NO IMPROPER ACTIONS,OTHER,N/A,N/A,No,POSSIBLE INJURY,N/A,39.1825537,-77.26042248,"(39.1825537, -77.26042248)"
MCP271700F6,170546798,Montgomery County Police,Injury Crash,12/05/2017 06:45:00 PM,Maryland (State),OLD GEORGETOWN RD,County,OAKMONT AVE,,N/A,PEDESTRIAN,OTHER,RAINING,WET,DARK LIGHTS ON,TRAFFIC SIGNAL,NONE DETECTED,NONE DETECTED,14704D84-6CA2-4986-849D-39D6AB2525BA,PEDESTRIAN,Cross/Enter at Intersection,DART DASH,ON ROADWAY AT CROSSWALK,DISOBEYED PED. SIGNAL,UNKNOWN,Yes,SUSPECTED MINOR INJURY,NONE,39.00464633,-77.11086233,"(39.00464633, -77.11086233)"
MCP09420022,190014362,Montgomery County Police,Injury Crash,03/27/2019 03:30:00 PM,Maryland (State),WISCONSIN AVE,Maryland (State),BRADLEY LA,,N/A,PEDESTRIAN,OTHER,CLEAR,DRY,DAYLIGHT,TRAFFIC SIGNAL,UNKNOWN,UNKNOWN,DA5A7AF9-2E8D-433D-A14D-A26916085B40,PEDESTRIAN,Cross/Enter at Intersection,NO IMPROPER ACTIONS,ON ROADWAY AT CROSSWALK,OBEYED PED. SIGNAL,LIGHT CLOTHING,No,SUSPECTED SERIOUS INJURY,NONE,38.97714563,-77.09067901,"(38.97714563, -77.09067901)"
MCP2001000X,180027239,Montgomery County Police,Fatal Crash,06/02/2018 09:50:00 PM,Maryland (State),HUNGERFORD DR,Municipality,N WASHINGTON ST,,ROCKVILLE,PEDESTRIAN,SINGLE VEHICLE,CLEAR,WET,DARK LIGHTS ON,NO CONTROLS,NONE DETECTED,UNKNOWN,F4222087-2B5B-447C-A3D7-FFCB85F79710,PEDESTRIAN,Unknown,UNKNOWN,ON ROADWAY NOT AT CROSSWALK,NO PED. SIGNAL,DARK CLOTHING,Yes,FATAL INJURY,NONE,39.09063478,-77.15260103,"(39.09063478, -77.15260103)"
EJ7860001W,190001856,Gaithersburg Police Depar,Injury Crash,01/11/2019 09:21:00 PM,Municipality,W DEER PARK RD,Municipality,SUNNYSIDE CT,,GAITHERSBURG,PEDESTRIAN,OTHER,CLEAR,DRY,DARK LIGHTS ON,NO CONTROLS,NONE DETECTED,NONE DETECTED,7C7A41AB-89DD-480F-90D5-08CA41FE8B75,PEDESTRIAN,Cross/Enter not at Intersection,FAILURE TO YIELD RIGHT OF WAY,ON ROADWAY NOT AT CROSSWALK,NO PED. SIGNAL,DARK CLOTHING,Yes,SUSPECTED MINOR INJURY,NONE,39.13237833,-77.20226667,"(39.13237833, -77.20226667)"
MCP2671000V,15048904,MONTGOMERY,Injury Crash,09/26/2015 05:40:00 PM,,,,,8619-A 16TH STREET 7-11 PARKING LOT,,PEDESTRIAN,SINGLE VEHICLE,CLEAR,,DAYLIGHT,NO CONTROLS,NONE DETECTED,NONE DETECTED,4C051813-6061-4ED2-88FB-D93EE371FAE7,PEDESTRIAN,Other,NO IMPROPER ACTIONS,OTHER,NO PED. SIGNAL,MIXED CLOTHING,No,SUSPECTED MINOR INJURY,NONE,38.99818942,-77.03803718,"(38.99818942, -77.03803718)"
MCP3022001M,180007098,Montgomery County Police,Injury Crash,02/10/2018 07:33:00 PM,Maryland (State),MAIN ST,Maryland (State),WOODFIELD RD,,N/A,PEDESTRIAN,OTHER,FOGGY,WET,DARK LIGHTS ON,STOP SIGN,N/A,N/A,C812B247-5342-4441-A89C-3BD6F4DEE7E3,PEDESTRIAN,Unknown,NO IMPROPER ACTIONS,AT INTERSECTION MARKED CROSSWALK,OBEYED PED. SIGNAL,DARK CLOTHING,No,SUSPECTED MINOR INJURY,N/A,39.28802667,-77.20246333,"(39.28802667, -77.20246333)"
MCP2814001Y,180051933,Montgomery County Police,Injury Crash,10/17/2018 05:33:00 AM,Maryland (State),MUNCASTER MILL RD,County,MUNCASTER RD,,N/A,PEDESTRIAN,OTHER,CLEAR,DRY,DARK LIGHTS ON,N/A,NONE DETECTED,NONE DETECTED,7F96AB2B-6AEC-4244-B5C4-E93D4043DFAE,PEDESTRIAN,Other,IN ROADWAY IMPROPERLY,ON ROADWAY NOT AT CROSSWALK,NO PED. SIGNAL,DARK CLOTHING,Yes,SUSPECTED MINOR INJURY,NONE,39.14601367,-77.14469017,"(39.14601367, -77.14469017)"
EJ7846001W,16064241,Gaithersburg Police Depar,Injury Crash,12/14/2016 07:18:00 PM,Municipality,RIO BLVD,Unknown,ROUNDABOUT,,N/A,PEDESTRIAN,STRAIGHT MOVEMENT ANGLE,CLEAR,DRY,DARK LIGHTS ON,STOP SIGN,NONE DETECTED,NONE DETECTED,BC9E73D2-550A-4800-9A21-C264ACEDF32D,PEDESTRIAN,Cross/Enter at Intersection,NO IMPROPER ACTIONS,AT INTERSECTION MARKED CROSSWALK,NO PED. SIGNAL,MIXED CLOTHING,No,POSSIBLE INJURY,NONE,39.18248667,-77.24255167,"(39.18248667, -77.24255167)"
MCP06850018,15036248,MONTGOMERY,Injury Crash,07/23/2015 07:54:00 AM,Municipality,KING FARM BLVD,Unknown,ENT TO SHADY GROVE METRO STATION (BACK),,N/A,BICYCLIST,SINGLE VEHICLE,CLEAR,DRY,DAYLIGHT,TRAFFIC SIGNAL,NONE DETECTED,NONE DETECTED,83E40E06-354E-4256-9853-793F52DB5101,BICYCLIST,Walking/Cycling on Sidewalk,DART DASH,AT INTERSECTION MARKED CROSSWALK,OBEYED PED. SIGNAL,MIXED CLOTHING,Yes,SUSPECTED SERIOUS INJURY,NONE,39.117225,-77.16869667,"(39.117225, -77.16869667)"
MCP26590015,16041846,Montgomery County Police,Property Damage Crash,08/18/2016 12:45:00 AM,Maryland (State),GEORGIA AVE,US (State),COLESVILLE RD,,N/A,PEDESTRIAN,OTHER,RAINING,WET,DARK LIGHTS ON,TRAFFIC SIGNAL,NONE DETECTED,NONE DETECTED,4A6FBC7D-FBC7-49E1-8B03-84AA830ADBB4,PEDESTRIAN,Cross/Enter at Intersection,NO IMPROPER ACTIONS,ON ROADWAY AT CROSSWALK,OBEYED PED. SIGNAL,LIGHT CLOTHING,No,NO APPARENT INJURY,NONE,38.99596167,-77.02816167,"(38.99596167, -77.02816167)"
MCP2963000X,16064726,Montgomery County Police,Injury Crash,12/17/2016 01:42:00 PM,US (State),GEORGIA AVE,County,THAYER AVE,,N/A,PEDESTRIAN,SINGLE VEHICLE,WINTRY MIX,ICE,DAYLIGHT,TRAFFIC SIGNAL,NONE DETECTED,NONE DETECTED,57D179FB-2BC3-4981-A27C-B14CA803D05A,PEDESTRIAN,Cross/Enter at Intersection,NO IMPROPER ACTIONS,ON ROADWAY AT CROSSWALK,OBEYED PED. SIGNAL,DARK CLOTHING,No,SUSPECTED MINOR INJURY,N/A,38.99273333,-77.026605,"(38.99273333, -77.026605)"
MCP2676002B,16065067,Montgomery County Police,Property Damage Crash,12/19/2016 01:30:00 PM,Municipality,GAME PRESERVE RD,Municipality,TRAVIS AVE,,GAITHERSBURG,PEDESTRIAN,OTHER,CLEAR,N/A,DAYLIGHT,NO CONTROLS,N/A,N/A,88192B0E-D524-4F0D-AF02-D1E4B59136FB,PEDESTRIAN,Walking/Riding w/Traffic,UNKNOWN,SHOULDER,N/A,UNKNOWN,Unknown,NO APPARENT INJURY,N/A,39.1625106,-77.22187042,"(39.1625106, -77.22187042)"
MCP2666001L,16062712,Montgomery County Police,Injury Crash,12/06/2016 11:40:00 PM,County,OLD COLUMBIA PIKE,County,FAIRLAND RD,,N/A,BICYCLIST,STRAIGHT MOVEMENT ANGLE,RAINING,WET,DARK LIGHTS ON,NO CONTROLS,NONE DETECTED,NONE DETECTED,3E235409-5213-435F-8B3E-1A045A1C1E51,BICYCLIST,Walking/Riding w/Traffic,UNKNOWN,ON ROADWAY NOT AT CROSSWALK,NO PED. SIGNAL,DARK CLOTHING,No,SUSPECTED MINOR INJURY,NONE,39.0766885,-76.95740998,"(39.0766885, -76.95740998)"
MCP26080010,15039489,MONTGOMERY,Injury Crash,08/08/2015 05:38:00 PM,County,WAYNE AVE,Government,SLIGO CREEK PKWY,,N/A,BICYCLIST,OTHER,CLEAR,DRY,DAYLIGHT,OTHER,NONE DETECTED,NONE DETECTED,A124F21E-99B7-4DC7-8C5D-0C23A2D52653,BICYCLIST,Cross/Enter at Intersection,NO IMPROPER ACTIONS,IN BIKEWAY,OBEYED PED. SIGNAL,LIGHT CLOTHING,No,SUSPECTED MINOR INJURY,MC/BIKE HELMET,38.99973,-77.01094,"(38.99973, -77.01094)"
MCP3005004D,180065076,Montgomery County Police,Injury Crash,12/29/2018 02:30:00 PM,County,GRANDVIEW AVE,County,ENNALLS AVE,,N/A,PEDESTRIAN,ANGLE MEETS LEFT TURN,CLEAR,N/A,DAYLIGHT,NO CONTROLS,NONE DETECTED,NONE DETECTED,C7743276-ADA8-4064-AA9D-5FA0768D98D1,PEDESTRIAN,Cross/Enter not at Intersection,DART DASH,ON ROADWAY NOT AT CROSSWALK,NO PED. SIGNAL,LIGHT CLOTHING,Yes,POSSIBLE INJURY,NONE,39.03958333,-77.052515,"(39.03958333, -77.052515)"
MCP2703001S,170537660,Montgomery County Police,Injury Crash,10/19/2017 08:45:00 PM,County,DOWNS DR,County,BUCKLEY DR,,N/A,BICYCLIST,HEAD ON LEFT TURN,CLEAR,DRY,DARK -- UNKNOWN LIGHTING,NO CONTROLS,N/A,N/A,1D019D35-1262-4031-970E-FCAD3263F60D,BICYCLIST,Walking/Riding against Traffic,NO IMPROPER ACTIONS,CURB,N/A,MIXED CLOTHING,No,POSSIBLE INJURY,NONE,39.06069,-76.996375,"(39.06069, -76.996375)"
MCP3007001K,17016536,Montgomery County Police,Injury Crash,04/01/2017 08:25:00 AM,County,BEL PRE RD,Other Public Roadway,PARKER FARM WAY,,N/A,PEDESTRIAN,SINGLE VEHICLE,RAINING,WET,DAYLIGHT,TRAFFIC SIGNAL,N/A,N/A,60AC6D3B-F345-4776-A597-9F1B29A6BC8D,PEDESTRIAN,Cross/Enter at Intersection,NO IMPROPER ACTIONS,ON ROADWAY AT CROSSWALK,OBEYED PED. SIGNAL,MIXED CLOTHING,No,POSSIBLE INJURY,NONE,39.09052549,-77.04792112,"(39.09052549, -77.04792112)"